id,flow_id,flow_name,role,route,screen,state,device,environment,entry_path,preconditions,step_number,branch,action,expected_transition,actual_transition,api_endpoint,api_result,request_id,database_tables,database_result,rls_result,audit_event,sentry_issue,sentry_result,affected_roles,affected_role_result,purpose_clear,primary_action_clear,unnecessary_ui,generic_ai_patterns,copy_direct,native_behavior,football_specific,visual_consistency,accessibility,status,severity,evidence,issue,fix_commit,retest_status,notes
ENV-001,PREFLIGHT-NATIVE,Native runtime preflight,system,,Expo Go project launch,initial launch,iPhone 16 Pro,staging,Expo Go deep link,Metro and managed simulator available,1,happy path,Open exp://127.0.0.1:8081,Clubroom staging bundle loads in native iOS runtime,Clubroom staging bundle loaded and rendered the sign-in screen,,,,,,,,,,all,Native staging entry point available,,,,,,passed,,,,passed,,reviews/ios-native-audit/screenshots/001-native-loaded.png,,,passed,Actual Expo iOS runtime through Expo Go
ENV-002,PREFLIGHT-API,Fastify API preflight,system,/v1/health,API health,healthy,local process,staging,Direct HTTP request,Fastify listening on port 4000,1,happy path,GET /v1/health,HTTP 200 health response,HTTP 200,/v1/health,pass,,,,,,,,all,not applicable,,,,,,,,,,passed,,HTTP status captured in audit session,,,passed,Response body was not persisted because only status is required
ENV-003,PREFLIGHT-SUPABASE-MCP,Supabase MCP preflight,system,,Supabase MCP,connection,local task,staging,MCP tool discovery,Supabase MCP configured in .mcp.json,1,connection,Discover Supabase tools,Authenticated read-only database inspection available,Server configured but tools not exposed in current task,,,,,blocked,blocked,,,,all,pending,,,,,,,,,,blocked,high,,Supabase MCP is configured but unavailable in this task,,blocked,Direct read-only database verification is recorded separately
ENV-004,PREFLIGHT-SENTRY,Sentry preflight,system,,Sentry observability,connection,local task,staging,MCP and bundled read-only API,Sentry configuration and read-only credential available,1,connection,Discover MCP then query bundled Sentry client,Authenticated read-only issue and event inspection available,MCP unavailable; bundled read-only client completed TLS verification then received HTTP 403,,,,,,,,Current Sentry credential lacks project issue-read permission,blocked: HTTP 403 after verified HTTPS connection,all,pending,,,,,,,,,,blocked,medium,,Staging Sentry issues cannot be queried with the current token scope,,blocked,No Sentry state changed; supply a project issue-read credential and retest
ENV-005,PREFLIGHT-DB-DIRECT,Staging database and RLS preflight,system,,Postgres catalog,read only,local task,staging,Existing Prisma client,Staging database connection configured,1,read only,Inspect public tables RLS flags and grants,Database reachable with RLS enabled and no anon or authenticated table grants,124 public tables found; 124 have RLS enabled; zero table grants to anon or authenticated,,,,124 public tables,passed,passed,,,,all,No public table grants detected,,,,,,,,,,passed,,Read-only pg_catalog query executed during audit,,,passed,This is a broad preflight and does not replace per-flow policy tests
ENV-006,PREFLIGHT-IOS-CONTROL,Native semantic interaction preflight,system,,iOS accessibility runner,attach,iPhone 16 Pro Max simulator,staging,agent-device session clubroom-ios,Managed simulator and app running,1,connection,Attach semantic interaction runner,Accessibility tree and deterministic controls available,Clubroom was visibly open at native sign-in; semantic runner attach failed because macOS Developer Tools security is disabled,,,,,,,,,,all,Native screenshots available but deterministic interaction blocked,,,,,,,,,blocked,blocked,high,reviews/ios-native-audit/runtime/2026-08-01/edit-child-profile-native-blocked/current-screen.png | reviews/ios-native-audit/runtime/2026-08-01/edit-child-profile-audit-final-2/native-blocker.md,Cannot traverse and assert every native control until DevToolsSecurity is enabled,,blocked,"No sudo or privileged host change was attempted. Enable with sudo DevToolsSecurity -enable, then rerun target-route semantics."
UI-001,AUTH-LOGIN-VISUAL,Native sign-in simplification,all signed-out users,app/login.tsx,LoginScreen,signed out,iPhone 16 Pro,staging,Cold native launch,Clubroom bundle loaded,1,visual and accessibility,Inspect then simplify the sign-in screen,Direct branded sign-in with one clear primary action,Removed slogan badge promotional copy redundant helper text and entrance animation; added native credential and accessibility metadata,,,,,,,,,,all,Cleaner shared authentication entry point,passed,passed,passed after fix,passed after fix,passed,passed,not applicable,passed,static pass; semantic retest blocked,fixed,medium,reviews/ios-native-audit/screenshots/001-native-loaded.png | reviews/ios-native-audit/screenshots/003-login-after.png,Sign-in used oversized generic marketing copy and unnecessary animation before the primary task,fix(auth): simplify native sign-in experience,visual passed; semantic blocked,Typecheck UI action lint file ESLint and React Doctor completed
API-001,API-PROBLEM-DETAIL,Safe API problem display,all API users,services/api-client.ts,Shared ErrorState,API request rejected,responsive browser viewport,staging,Coach opens /club/settings,Backend returns RFC 7807 application/problem+json,1,error,Handle HTTP 403 response,Show a concise human explanation without internal payload data,Client selects the RFC 7807 detail and shared error state no longer renders codes or debug details,shared /v1 error boundary,regression test and runtime retest passed,redacted,,,,,,,all,Internal problem payloads no longer reach shared UI,passed,passed,passed after fix,passed after fix,passed,shared code; native interaction pending,not applicable,passed,static pass,fixed,high,reviews/ios-native-audit/screenshots/004-club-settings-raw-error-before.png | reviews/ios-native-audit/screenshots/005-club-settings-safe-error-after.png,Raw problem JSON request IDs enum codes and dev debug details were exposed in product UI,fix(api): keep problem details out of product UI,unit and browser passed; native pending,The separate forbidden request remains open as AUTHZ-001
FLOW-001,COACH-HOME-USER-LOOKUP,Coach home athlete identity,coach,/,Coach development home,loaded,responsive browser viewport,staging,Seeded coach login,Live coach feedback contains athlete entity IDs and display names,1,load,Open coach dashboard,Build the athlete directory from feedback authority without user-profile lookups,Coach development maps athlete ID and athlete name directly from feedback; dashboard loads with no failed requests,/v1/users/:id,no request after fix,,,,,,,,coach and linked athletes,Coach dashboard loads without invalid identity reads,passed,passed,passed,review needed,passed,shared code; native interaction pending,passed,passed,browser pass; native pending,fixed,medium,reviews/ios-native-audit/browser-flow-initial-findings.md | reviews/ios-native-audit/browser-flow-report.md,An athlete entity ID was sent to the user-profile endpoint,f04d222e fix(coach): use athlete feedback identity,source boundary and browser flow passed; native pending,Fix landed concurrently and was independently traced and retested
FLOW-SUITE-001,CROSS-ROLE-BROWSER-BASELINE,Full seeded cross-role browser regression,coach parent athlete and club admin,71 selected routes,Executable browser flow suite,seeded happy paths,responsive browser viewport,staging,Role-specific direct routes,Staging API healthy and all role preflights passed,4,all selected flows,Open every selected route with fixture and raw-value detection then review every screenshot,Each flow loads without failed requests runtime exceptions invalid nested controls internal fixture copy raw timestamps raw enum labels retired rows or generic task labels,Automated run loaded 71 of 71 and coach-core retest loaded 11 of 11; manual review found separate visual and cross-screen consistency defects,/v1/*,Automated requests passed,,booking roster and participant projections,Active bookings and athlete names now match the visible queue,Direct RLS verified separately,,,,coach parent athlete and club admin,Automated totals were Coach 34 Parent 22 Athlete 13 Club admin 2; manual visual baseline remains open,passed,passed,failed,failed,failed,not native,automated route corpus is football product specific,manual review found inconsistent and clipped product surfaces,automated browser controls passed; native semantic blocked,failed,medium,reviews/ios-native-audit/screenshots/029-completion-athlete-labels-fixed.png,Automated checks pass but the manual 71-screen review found separate defects,,pending,API-003 and UI-009 are fixed; visual findings are being recorded and fixed separately
QA-003,STAGING-FIXTURE-LEAK,Staging smoke artifacts in product UI,coach parent and club admin,13 selected flows,Cross-role product surfaces,loaded,responsive browser viewport,staging,Role-specific direct routes,Exact smoke markers and canonical child health state known,2,data contamination,Run guarded smoke then inspect database and authenticated child-health reads,No engineering fixtures or changed sensitive state remain after smoke,33 of 33 smoke checks passed and authenticated child-health readback remained canonical,/v1/*,All smoke requests passed,,booking invoice group session invite squad match event payout child health,Zero visible smoke markers and canonical medical emergency and consent state confirmed,Direct RLS verified separately,Smoke writes and health restoration audited,,,coach parent and club admin,All 13 previously contaminated flows passed fixture detection,passed,passed,passed,passed,passed,not native,affected screens are football and family workflows,passed,automated controls passed; native semantic blocked,fixed,medium,reviews/ios-native-audit/screenshots/024-fixture-leak-contact-sheet.png | reviews/ios-native-audit/screenshots/027-child-medical-restored.png,Staging smoke previously persisted product records and overwrote child health state,fix(api): restore staging after smoke tests,33 of 33 smoke checks and 71 of 71 fixture checks passed,Exact-marker cleanup runs before and after; health restores through audited API routes; audit history is retained
API-003,BOOKING-SOFT-DELETE-READ,Soft-deleted bookings exposed by API,coach,/v1/bookings,Coach development completion queue,loaded,responsive browser viewport,staging,Coach home,Historical smoke bookings are soft-deleted,2,default deny,Open coach home and compare visible completion count with active database rows then request a retired detail,Only active bookings and active participant relationships are readable,API returned 3 awaiting-completion items matching 3 active past rows and returned 404 for a retired detail,/v1/bookings,Active list 200 and retired detail 404,,Booking and BookingParticipant,Soft-deleted bookings and participant relationships excluded,Direct RLS verified separately,,,,coach,Retired sessions no longer appear or grant participant access,passed,passed,passed,passed,passed,not native,booking completion is a football delivery flow,passed,automated browser controls passed; native semantic blocked,fixed,high,reviews/ios-native-audit/screenshots/026-soft-deleted-bookings-visible-before.png | reviews/ios-native-audit/screenshots/028-booking-soft-delete-filtered.png,Soft-deleted booking and participant rows were visible through list and detail authority,fix(api): hide soft-deleted bookings,2 focused tests API typecheck live count and 11 coach-core flows passed,Manual review exposed separate generic athlete copy tracked as UI-009
UI-009,COMPLETION-ATHLETE-LABEL,Generic athlete labels in completion queue,coach,/,Coach development completion queue,loaded,responsive browser viewport,staging,Coach home,Three active past bookings and roster names available,1,task copy,Inspect each completion task label,Each task identifies the linked athlete by name,Rows lead with Alfie Barton and Maisie Barton with service and date underneath,/v1/bookings and /v1/coaches/:coachId/roster,Both authorities return successfully,,Booking BookingParticipant and roster projection,Roster names are joined to active booking athlete IDs for display,Direct RLS verified separately,,,,coach,Coach can distinguish every active completion task,passed,passed,passed,passed,passed,not native,booking completion is a football delivery flow,passed,automated browser controls passed; native semantic blocked,fixed,medium,reviews/ios-native-audit/screenshots/028-booking-soft-delete-filtered.png | reviews/ios-native-audit/screenshots/029-completion-athlete-labels-fixed.png,Completion tasks previously used the generic Athlete label,fix(coach): name completion tasks,source boundary typecheck lint 11 coach flows and 71 cross-role flows passed,Manual review confirmed one athlete name per task with one Complete action
UI-010,EMERGENCY-CONTACT-VALUE-LAYOUT,Emergency contact value overflow,parent and guardian,app/child/[id]/emergency.tsx,Emergency Contacts,loaded,responsive browser viewport,staging,Parent opens child emergency contacts,Seeded contact has a long email address,1,trust critical contact,Inspect phone and email values,Every contact value remains fully visible inside the card,The complete phone and email render inside the card and the email fits on one line,/v1/athletes/:athleteId/emergency-contacts,Authenticated read passed,,EmergencyContact,Data unchanged,Direct RLS verified separately,Route records emergency_contacts.read; live event verification pending,,,parent and guardian,Trust-critical contact details are readable,passed,passed,passed,passed,passed,shared React Native component; native semantic pending,football session safety contact,passed,values remain selectable; native semantic blocked,fixed,high,reviews/ios-native-audit/screenshots/030-emergency-email-clipped-before.png | reviews/ios-native-audit/screenshots/031-emergency-email-visible-after.png,The contact email overflowed the card and hid the domain suffix,fix(family): keep emergency contact details visible,boundary test typecheck lint 12 parent-core flows and 390 by 844 visual check passed,The layout keeps Dynamic Type wrapping available instead of truncating trust-critical data
UI-011,BOOKING-CONFIRMATION-SIMPLIFICATION,Booking confirmation copy and layout,parent and self-booking athlete,app/book/[coachId]/confirmation.tsx,Confirm booking,incomplete draft,responsive browser viewport,staging,Direct step five route,Authenticated user has no selected date or time,5,incomplete and pending confirmation,Review confirmation copy layout and action state,Use direct product language keep content scrollable do not claim confirmation early and disable an incomplete submission,Screen shows concise payment ownership copy a disabled Confirm booking action and scrollable details; successful create copy now says Booking sent,/v1/bookings,No create request for the incomplete draft,,Booking,No write attempted,Not applicable without a write,No booking audit event expected without a write,,,parent and self-booking athlete,Booking state and payment ownership are explicit,passed,passed,passed,passed,passed,shared React Native screen; native interaction pending,football coaching booking,passed,disabled state remains explicit; native semantic blocked,fixed,high,reviews/ios-native-audit/screenshots/032-booking-confirmation-before.png | reviews/ios-native-audit/screenshots/033-booking-confirmation-after.png,The screen explained the live API claimed confirmation before coach acceptance and let long copy run under the footer,fix(booking): simplify confirmation screen,11 focused assertions typecheck lint and 22 parent flows passed,Successful staging create and coach confirmation remain scheduled for guarded end-to-end write proof
UI-012,SETTINGS-HUB-SIMPLIFICATION,Settings identity and copy simplification,coach parent and athlete,app/settings/index.tsx,Settings,loaded,responsive browser viewport,staging,Open Settings from each role,Authenticated role account has a long staging email,1,shared identity and task copy,Inspect the account card and every visible task label,Keep the full account identity visible and use direct customer language,Complete coach parent and athlete emails render on one line and visible rows use short outcome labels,/v1/me,Authenticated profile read passed,,User,Data unchanged,Direct RLS verified separately,,,,coach parent and athlete,Every role sees a legible identity and direct settings tasks,passed,passed,passed,passed,passed,shared React Native screen; native interaction pending,account settings support football participation,passed,email accessibility label retains the full value; native semantic blocked,fixed,medium,reviews/ios-native-audit/screenshots/034-settings-email-wrap-before.png | reviews/ios-native-audit/screenshots/035-settings-hub-after.png,The identity card broke email domains across lines and settings used internal build and lifecycle wording,fix(settings): simplify role-safe account hub,boundary test typecheck lint 30 shared core flows and final 19 parent athlete flows passed,React Native may shrink the email to preserve one line while screen readers retain the full address
UI-013,SETTINGS-PARENT-CAPABILITY,Parent-only Children action exposed to athlete,athlete and parent,app/settings/index.tsx,Settings,athlete-only account,responsive browser viewport,staging,Athlete opens Settings,Athlete account has no parent capability,2,role visibility,Inspect visible account actions,Show Children only to an actual parent or guardian,Athlete no longer sees Children while the parent account retains it,,No child request from athlete settings,,family relationship,No change,Default deny at UI capability boundary,,,,athlete and parent,Athlete loses the dead parent action and parent keeps family access,passed,passed,passed,passed,passed,shared React Native screen; native interaction pending,role-safe family and football account settings,passed,action removed from athlete accessibility order; native semantic blocked,fixed,high,reviews/ios-native-audit/screenshots/036-athlete-children-action-before.png | reviews/ios-native-audit/screenshots/037-athlete-children-action-removed.png,The screen inferred parent access from not being a coach instead of using the existing parent capability,fix(settings): simplify role-safe account hub,boundary test typecheck lint and final 19 parent athlete flows passed,This removes a dead control and does not widen backend family authority
UI-014,ATHLETE-LINKED-IDENTITY,Athlete self profile identity,athlete,/development/my-progress,My Progress and shared self-subject flows,authenticated linked athlete,iPhone 16 Pro and responsive browser viewport,staging,Athlete login then My Progress,User ID and linked Athlete ID intentionally differ,1,identity and cross-role,Open self progress home health media bookings and group registration,Every athlete-scoped request uses canonical Athlete.id while actor writes retain User.id,Auth profile returns the linked athlete ID; refreshed My Progress requests use it and render Alfie Barton with sessions feedback goal and badge,/v1/auth/me and /v1/athletes/:athleteId/*,HTTP 200; zero post-refresh requests to the derived phantom athlete ID,,User Athlete SessionFeedback AthleteBadge Goal BookingParticipant,Athlete.userId resolves the exact athlete entity; the real profile holds feedback goals badges and bookings,Direct RLS preflight passed; backend authz allowed athlete self,auth.login SUCCESS; progress-read audit verification pending,,Sentry query unavailable in current task,athlete parent and coach,Athlete self now agrees with the athlete entity already used by parent and coach views,passed,passed,passed,passed,passed,Shared React Native code; live browser passed; native interaction blocked by DevToolsSecurity,football development identity,passed,Browser accessibility snapshot passed; native semantics blocked,fixed,high,reviews/ios-native-audit/screenshots/038-linked-athlete-progress-fixed.png | reviews/ios-native-audit/screenshots/039-linked-athlete-native-retest-blocked.png,The app invented an athlete ID by swapping the usr_ prefix for ath_ and queried an empty phantom profile,fix(identity): use linked athlete profile,live API and browser passed; native interaction blocked,The auth profile now carries the canonical Athlete.userId link; signed-in user ID remains the actor for writes and audit events
UI-015,CONNECTIVITY-STATUS-AUTHORITY,Connectivity banner state and layout,all authenticated users,app/_layout.tsx,OfflineBanner,online offline and reconnected,iPhone 16 Pro and responsive browser viewport,staging,Athlete login then connectivity toggle,Authenticated home fully loaded,1,connectivity and accessibility,Reload online then force offline and restore online,No banner online; one clear banner offline; content never obscured; API mode does not promise queued writes,Online renders no banner; offline pushes content down and says check connection; recovery removes the alert,/v1/*,All pre-toggle reads 200; expected request failures only while browser was deliberately offline,,,No writes,Not applicable,No audit event expected for local connectivity state,,No application exception; Sentry query unavailable,all authenticated roles,Shared root behavior is consistent across roles,passed,not applicable,passed,passed,passed,Shared React Native root; browser transition passed; native interaction blocked by DevToolsSecurity,not applicable,passed,Inactive alert is unmounted; offline alert uses a polite live region; native semantics blocked,fixed,medium,reviews/ios-native-audit/screenshots/040-offline-banner-api-copy.png | reviews/ios-native-audit/screenshots/041-online-banner-hidden.png,A stale startup fetch could override healthy connectivity; the absolute animated banner covered the header and API copy falsely promised queued sync,fix(ui): make offline state authoritative,online offline and recovery browser states passed; native interaction blocked,Web uses navigator connectivity while native retains NetInfo; the banner has one state source and occupies layout space
UI-016,DEVELOPMENT-FEEDBACK-VISIBILITY,Athlete development feedback authorization,athlete parent and assigned coach,/development/athlete/:athleteId,Athlete Progress,linked cross-role read,iPhone 16 Pro and responsive browser viewport,staging,Direct development route after role login,Linked athlete with guardian assigned coach and session feedback,1,authorization and control visibility,Request coach visibility as parent and athlete then open the screen in all three roles,The server derives feedback visibility from authenticated authority; only a guardian can edit the family-owned position field,Parent and athlete requests for viewerRole=coach were audited at their effective roles with no private notes; parent alone saw Edit while athlete and coach saw read-only position,/v1/athletes/:athleteId/session-feedback and /v1/session-feedback,HTTP 200 for authorized reads; parent and athlete forced-coach queries returned no private notes; assigned-coach positive control retained private notes,Live request IDs matched persisted audit rows during the run,User Athlete SessionFeedback AuditEvent GuardianChildLink Booking BookingParticipant,Staging feedback and role relationships read successfully; no destructive data mutation,Direct RLS preflight passed; API authorization remained the external boundary,session_feedback.read SUCCESS with requestedViewerRole=coach and effective viewerRole=parent or athlete,,Sentry query unavailable in current task,athlete parent and assigned coach,Athlete and parent cannot elevate feedback visibility; coach retains assigned private access; only parent sees the profile edit control,passed,passed,passed,passed,passed,Shared React Native screen; responsive runtime passed; native role interaction remains blocked by host DevToolsSecurity,football development feedback,passed,Edit control has an outcome label and is absent when the actor cannot complete it,fixed,high,reviews/ios-native-audit/screenshots/042-parent-development-authorized-controls.png | reviews/ios-native-audit/screenshots/043-athlete-development-read-only.png | reviews/ios-native-audit/screenshots/044-coach-development-read-only.png,The API trusted a caller-controlled viewerRole and could return coach-private notes to an authorized parent or athlete; athlete and coach also saw a family profile edit control that the API correctly rejected,fix(security): derive development visibility from authority,API test covered coach parent athlete and outsider; live staging API audit and three-role responsive UI passed; native interaction blocked,The client now requests its real role and preserves API accountType; the API independently derives effective visibility and records requested versus effective role
UI-008,CHILD-PROFILE-FIELD-FORMAT,Parent child profile field presentation,parent,app/development/child-progress/[childId].tsx,Child Progress profile tab,loaded,responsive browser viewport,staging,Parent opens child progress,Linked child profile loaded from API,1,profile,Inspect date of birth and relationship,Human-readable date and relationship label,Date of birth renders as 18 Feb 2014 and relationship as Other instead of an ISO timestamp and enum,/v1/athletes/:athleteId,pass,,athlete and guardian child link,unchanged,unchanged,,,,parent,Parent sees readable profile facts,passed,passed,passed after fix,passed after fix,passed,shared code; native interaction pending,football and child safety context retained,passed,automated controls passed; native semantic blocked,fixed,medium,reviews/ios-native-audit/screenshots/025-child-profile-fields-formatted.png,Child profile rendered a raw ISO date and backend relationship enum,fix(family): format child profile fields,field-format retest passed; fixture contamination remains open,The remaining raw timestamp detector is inside smoke-contaminated medical values and belongs to QA-003; React Doctor scored 96 with the pre-existing large-component warning deferred
API-002,STAGING-SMOKE-TARGET-GUARD,Staging smoke production guard,system,apps/api/scripts/staging-smoke.ts,Staging smoke runner,startup,local process,all targets,npm run smoke:staging,Environment file may be overridden by existing process variables,1,fail closed,Start smoke with a production target or production-looking database URL,Abort before application startup or database access,Runner validates staging target production hints and database URL before building the API,startup guard,production overrides rejected before request handling,,database connection,not opened on rejected target,not applicable,,,,all,Production-target runs stop before writes,not applicable,not applicable,not applicable,not applicable,not applicable,not applicable,not applicable,not applicable,not applicable,fixed,high,apps/api/scripts/staging-smoke.ts | docs/architecture/runtime-modes.md,The staging write-smoke runner trusted an existing DATABASE_URL without asserting a staging target,fix(api): guard staging smoke target,production target and production-looking URL rejected; API typecheck passed,NODE_ENV=production remains allowed because staging intentionally exercises release behavior
QA-001,ATHLETE-CHAT-LIST-AUDIT,Chat list browser audit route,athlete,/chat,Messages,authenticated athlete,responsive browser viewport,staging,Automated role flow,Athlete credentials and local web bundle loaded,1,route alias,Open the athlete chat list,The public chat alias redirects to the Messages tab,The runner now opens /chat and lands on /messages instead of treating index as a thread ID,,no failed requests,,,,,,,,athlete,Athlete reaches the real message list,passed,passed,passed after fix,passed after fix,passed,shared route; native interaction pending,not applicable,passed,browser controls passed; native semantic blocked,fixed,medium,reviews/ios-native-audit/screenshots/013-athlete-chat-audit-route-before.png | reviews/ios-native-audit/screenshots/014-athlete-chat-audit-route-after.png,The audit runner opened /chat/index; Expo Router treated index as a thread ID and the runner marked the visible error clean,fix(audit): use public chat list route,13 athlete flows passed with fail-on medium,The runner now also fails any happy-path flow that renders the shared Something went wrong state
UI-004,ATHLETE-PROGRESS-AVATAR,Athlete progress identity layout,athlete and shared avatar users,/development/athlete/:athleteId,Athlete Progress,loaded profile,responsive browser viewport,staging,Seeded athlete role flow,Child profile has a placeholder photo URL,1,profile header,Render the athlete identity,Show a photo or initials without obscuring the athlete name,The shared Avatar renders initials for the known placeholder host and the hero no longer prints a URL as text,https://cdn.clubroom.demo/*,no request after fix,,,,,,,,athlete and shared avatar users,Identity remains legible and placeholder media does not trigger network failures,passed,passed,passed after fix,passed after fix,passed,shared native component; native interaction pending,passed,passed,image accessibility label preserved; native semantic blocked,fixed,high,reviews/ios-native-audit/screenshots/015-athlete-progress-avatar-before.png | reviews/ios-native-audit/screenshots/016-athlete-progress-avatar-after.png,A placeholder photo URL was rendered as avatar text and then fetched from a non-resolving host when image rendering was corrected,fix(ui): render safe athlete avatars,2 URL tests file lint changed-file review and 13 athlete flows passed,Repo typecheck was blocked by unrelated concurrent coach-profile edits
UI-005,BOOKING-CALENDAR-DATE-LAYOUT,Booking calendar date strip,parent and self-booking athlete,/book/:coachId/schedule,Choose date and time,no date selected,responsive browser viewport,staging,Seeded parent booking flow,Coach offering and availability loaded,2,booking schedule,Choose a date,Dates remain legible and compact at phone width,Four fixed-width date controls render in a horizontal strip with no character wrapping,,no failed requests,,,,,,,,parent and self-booking athlete,Booking date controls are readable and expose selected disabled and availability state,passed,passed,passed after fix,passed after fix,passed,shared React Native component; native interaction pending,passed,passed,explicit accessible labels and state; native semantic blocked,fixed,high,reviews/ios-native-audit/screenshots/017-booking-calendar-before.png | reviews/ios-native-audit/screenshots/018-booking-calendar-after.png,Percent-width date cards wrapped weekday labels one character per line and made the calendar several screens tall,fix(booking): make date choices legible,Typecheck file lint and 22 parent flows passed with fail-on medium,Horizontal gesture and VoiceOver order remain native-test pending
UI-006,FAMILY-OVERVIEW-SIMPLIFICATION,Family overview copy and hierarchy,parent and guardian,/family,Family,loaded overview,responsive browser viewport,staging,Seeded parent role flow,Authenticated family member,1,overview,Choose a family task,Show direct task labels and the required privacy boundary without product rationale,Removed the promotional hero animation redundant subtitle architecture language and decorative CTA icon; shortened action and privacy copy,,no failed requests,,,,,,,,parent and guardian,Family tasks remain available with less copy and clearer trust language,passed,passed,passed after fix,passed after fix,passed,shared React Native screen; native interaction pending,passed,passed,action labels retained; native semantic blocked,fixed,medium,reviews/ios-native-audit/screenshots/019-family-overview-before.png | reviews/ios-native-audit/screenshots/020-family-overview-after.png,The screen explained its information architecture to families and used an animated hero before the real tasks,fix(family): simplify the family overview,Typecheck file lint React Doctor 100 and 12 parent-core flows passed,Privacy copy keeps assignment-based visibility explicit
QA-002,OWNER-OVERSIGHT-ROLE,Owner oversight audit identity,club owner and admin,/manage/head-coach?clubId=:clubId,Coach oversight,authorised club admin,responsive browser viewport,staging,Automated cross-role flow,Seeded owner account and club available,1,cross-role authority,Open owner oversight,Exercise the authorised owner path and load club-scoped data,The flow now uses the admin account and explicit club context instead of a normal coach account,/v1/clubs/:clubId/head-coach/oversight,200,,,,,,,,club owner admin and head coach,Authorised role loads the oversight data; normal coach remains default denied,passed,passed,passed after fix,passed after fix,passed,shared route; native interaction pending,passed,passed,browser route and role assertion passed; native semantic blocked,fixed,high,reviews/ios-native-audit/screenshots/021-oversight-wrong-role-before.png | reviews/ios-native-audit/screenshots/022-oversight-admin-before.png,The flow was named owner but logged in as a normal coach and only proved the empty denied state,fix(oversight): audit the authorised owner view,2 admin flows passed with fail-on medium,No destructive oversight actions executed
UI-007,OWNER-OVERSIGHT-SIMPLIFICATION,Coach oversight hierarchy and copy,club owner admin and head coach,/manage/head-coach?clubId=:clubId,Coach oversight,loaded full-club scope,responsive browser viewport,staging,Seeded owner role flow,Authorised club oversight membership,1,overview,Review club delivery,Show club context and key metrics without internal implementation language,Shortened the header and scope; removed org-global runtime-surface and product wording; metrics now form a stable two-by-two grid,/v1/clubs/:clubId/head-coach/oversight,200,,,,,,,,club owner admin and head coach,Oversight remains club-scoped and operational controls are unchanged,passed,passed,passed after fix,passed after fix,passed,shared React Native screen; native interaction pending,passed,passed,existing accessible controls retained; native semantic blocked,fixed,medium,reviews/ios-native-audit/screenshots/022-oversight-admin-before.png | reviews/ios-native-audit/screenshots/023-oversight-admin-after.png,The authorised screen used internal scope language oversized context cards and unstable metric widths,fix(oversight): audit the authorised owner view,Typecheck file lint and 2 admin flows passed with fail-on medium,React Doctor still flags the pre-existing screen size for later component extraction
UI-002,COACH-SESSION-INVITES-NESTED-ACTION,Session invite card actions,coach and invite recipients,/session-invites,Session invites,cards with inline actions,responsive browser viewport,staging,Seeded coach login,Sent and received invites exist,1,interactive card,Open details or use inline invite action,Each intent is a valid independent control,Card is non-interactive; its header opens details and inline actions are sibling controls,,,,,,,,,,coach and invite recipients,Details and inline actions remain available without nested buttons,passed,passed,passed,review needed,passed,shared code; native interaction pending,passed,passed,static and browser pass,fixed,medium,reviews/ios-native-audit/screenshots/009-session-invites-nested-before.png | reviews/ios-native-audit/screenshots/010-session-invites-controls-fixed.png,Interactive SurfaceCard contained nested Clickable buttons,fix(invites): separate card and inline actions,source boundary and browser flow passed; native pending,Browser metric nestedButtons is now zero
AUTHZ-001,COACH-CLUB-SETTINGS-READONLY,Read-only club settings data boundary,coach,/club/settings,Club settings,non-manager membership,responsive browser viewport,staging,Direct route,Coach belongs to club without management capability,1,default deny,Load read-only settings,Load only data the coach may read,Manager-only squad member and invite-code subreads are skipped; details and branding load,/v1/clubs/:clubId/invite-codes,no request after fix,,,,,,,,coach,Read-only settings loads without forbidden network calls,passed,review needed,review needed,passed,passed,shared code; native interaction pending,not applicable,passed,static pass,fixed,medium,reviews/ios-native-audit/screenshots/005-club-settings-safe-error-after.png | reviews/ios-native-audit/screenshots/006-club-settings-readonly-loaded.png,Read-only route performed manager-only data requests,fix(club): skip manager data in read-only settings,boundary test and browser flow passed; native pending,Editable controls are a separate UI-003 defect
UI-003,COACH-CLUB-SETTINGS-READONLY-CONTROLS,Read-only club settings controls,coach and club admin,/club/settings,Club settings details,permission-aware controls,responsive browser viewport,staging,Direct route by coach then club admin,Seeded coach and club-admin memberships,1,cross-role permission UI,Inspect details controls for both roles,Coach sees plain values; club admin keeps editable fields and Save changes,Coach edit controls removed and copy shortened; admin retains three labelled fields and Save changes,,no flow errors,,,,,,,,coach and club admin,Controls now match each role capability,passed,passed,passed after fix,passed after fix,passed,shared code; native interaction pending,not applicable,passed,static pass; labelled admin fields,fixed,medium,reviews/ios-native-audit/screenshots/006-club-settings-readonly-loaded.png | reviews/ios-native-audit/screenshots/007-club-settings-readonly-controls-fixed.png | reviews/ios-native-audit/screenshots/008-club-settings-admin-controls-retained.png,Read-only permission state contradicted the edit controls shown,fix(club): align settings controls with role access,coach flow and club-admin cross-role assertion passed; native pending,No destructive save action executed
ROUTE-001,ADD-CHILD-AUTHORITY,Add-child direct route authority,family admin; assigned guardian; coach; athlete; club_admin,/add-child,app/(modal)/add-child.tsx,authorised form; direct-entry denial,iPhone 13 responsive emulation,staging read-only responsive replay,Direct /add-child,"Family owner and assigned guardian staging accounts plus coach, athlete and club-admin controls",1,family owner allowed; four non-admin roles default denied,Open the add-child route directly,Only a family administrator can render the form,"Family owner remained on /add-child; assigned guardian, coach, athlete and club admin redirected before form render",GET /v1/me | GET /v1/families/:familyId,Five-role replay completed with no failed request or console error,Read-only responsive replay; see report,Family | FamilyMembership | Athlete | GuardianChildLink | AuditEvent,Staging relationships were read only; no athlete or guardian link was created,Not re-queried in this slice; Fastify family authority remained the client boundary,No create mutation was submitted during staging replay,,blocked: current Sentry token returns HTTP 403 for issue reads,family admin | assigned guardian | coach | athlete | club_admin,1 authorised and 4 denied route outcomes matched family authority,passed,passed,separate UI-022 finding opened,separate UI-022 finding opened,passed,Shared React Native route; deterministic native semantic replay remains blocked by host DevToolsSecurity,Family-managed youth athlete profile,0 overflow and 0 nested buttons; visual simplification still pending in UI-022,No nested controls; native VoiceOver tree remains blocked,passed,high,reviews/ios-native-audit/runtime/2026-07-31/add-child-authority-final/report.json | reviews/ios-native-audit/runtime/2026-07-31/add-child-authority-final/parent__parent_add_child.png,Route inventory was pending and direct-entry authority was unproved,fix(security): restrict child creation authority,5/5 role replay passed at 390px,Responsive evidence is not labelled native. No staging or production create was submitted.
ROUTE-002,coach_create_club_post_ready | coach_create_club_post_interactions | parent_create_club_post_denied | athlete_create_club_post_denied,Create club update route,coach; parent; athlete,app/(modal)/create-club-post.tsx,New club update,loading; ready; denied; API failure recovery,iPhone 16 Pro responsive browser viewport,local Expo web backed by staging API reads and intercepted POST,Club Hub or direct protected route,Authenticated seeded role account and active club membership,1,authorized composer and direct-entry denial,Load the route; inspect every control; change author and type; enter copy; force a POST failure; inspect denied roles,Coach sees one truthful club-wide composer and can recover from failure; unauthorized roles see no club data or controls,Coach clean and interaction flows passed; parent and athlete failed closed before the composer,GET /v1/clubs | intercepted POST /v1/posts,Club authority read succeeded; POST 503 was intentionally fulfilled locally; no staging write,"",Club | ClubMembership | Post | AuditEvent,No staging mutation,Current Post direct-client posture verified separately,Policy denials are audited in isolated Fastify tests,"",Sentry issue reads blocked by HTTP 403; accepted target flows had no high finding,coach; parent; athlete,Coach passed both states; parent and athlete denial passed,passed,passed,deleted media event distribution squad selection duplicate footer and manual attachment fields,removed fake specificity and generated helper prose,passed,Shared React Native screen at 390px; deterministic native runner remains blocked by DevToolsSecurity,club-wide football communication,Clean and failure screenshots manually accepted; no overflow,Close author type headline update and publish controls are labelled; radio and disabled states exposed,fixed,high,reviews/ios-native-audit/runtime/2026-08-01/create-club-post-final/report.json | reviews/ios-native-audit/runtime/2026-08-01/create-club-post-final/coach__coach_create_club_post_ready.png | __tests__/hooks/create-club-post-api-boundary.test.ts,The route exposed unsupported media and private-looking squad choices; ignored route scope; silently disabled unauthorized entry; duplicated controls; and could double-submit,fix(social): harden club update publishing,4/4 accepted responsive flows and 5/5 boundary tests passed,No staging post was submitted. Native VoiceOver proof remains blocked by ENV-006.
ROUTE-003,deleted_duplicate_create_squad,Dead duplicate create squad route removed,all direct callers,app/(modal)/create-squad.tsx,removed,dead duplicate,repository reachability audit,source tree and executable route ownership,No executable caller,Canonical /club/squad/create route exists,1,duplicate ownership,Trace callers route constants loading manifest hook and API payload,One owned squad creation route with one supported contract,Modal had no caller and duplicated a live route; file constant and manifest entry deleted,POST /v1/clubs/:clubId/squads,No request; dead route removed,"",Squad,No mutation,Covered by SEC-008,No product event expected for source deletion,"",Sentry issue reads blocked by HTTP 403,all roles,All callers now converge on the canonical protected route,passed after deletion,passed after deletion,entire duplicate screen removed,removed duplicate preview location focus tags and generated helper copy,not applicable; route deleted,Canonical shared screen retained,Squad ownership remains canonical,Duplicate visual implementation eliminated,Duplicate inaccessible controls eliminated,removed,high,app/club/squad/create.tsx | navigation/routes.ts | navigation/loading-route-manifest.js | __tests__/hooks/create-squad-api-boundary.test.ts,A second unreachable squad composer duplicated ownership and advertised fields that the API discarded,fix(squad): harden squad creation,Boundary proof passed; no modal route constant or manifest entry remains,Ponytail removed the route instead of maintaining two competing implementations.
ROUTE-004,EDIT-CHILD-PROFILE-ROUTE,Reachable player-profile editor coverage,parent; guardian; coach; athlete; admin,/edit-child-profile?childId=:athleteId,Edit player,loading; ready; dirty; submitting; rejected; denied; not found; error,iPhone 16 Pro responsive viewport; native simulator host-blocked,local Expo web with staging reads and intercepted mutation,Family player profile and direct protected route,Authenticated roles; assigned player fixture; explicit family profile permission,1,assigned profile manager; unassigned or non-family role; failed save,"Open, inspect, edit basic fields, reject save, and revisit across roles",Only an assigned profile manager sees controls; denied roles see one truthful exit; failed save stays actionable,"Parent validation, every basic field control, and failure recovery passed; guardian, coach, athlete, and admin denial passed with visible labelled back control",GET /v1/me | GET /v1/families/:familyId | GET/PATCH /v1/athletes/:athleteId,Strict update contract and family-athlete authority tests passed; deliberate UI PATCH returned intercepted 503,,Family | FamilyMembership | GuardianChildLink | Athlete | AuditEvent,Focused read-only catalog check passed for current objects; no staging mutation,"Current relations RLS-enabled with no direct PUBLIC, anon, or authenticated grants; SEC-004 remains open","athlete.update SUCCESS/DENY behavior tested; denied metadata contains field names and error code, never values",,blocked by HTTP 403 under ENV-004,parent; guardian; coach; athlete; admin,"Parent 2/2; guardian, coach, athlete, and admin each 1/1",passed,passed,"duplicate health, emergency, consent, support, and coach-note controls removed","no speculative cards, helper prose, fake progress, gradients, or ornamental actions",passed,Shared React Native surface; native semantic runner blocked and recorded without a false claim,"player identity, relationship, and preferred football position","ready, rejected, and denied screenshots manually accepted","labelled inputs, radio roles and checked states, alert semantics, 44px controls, and labelled back action",fixed,high,reviews/ios-native-audit/runtime/2026-08-01/edit-child-profile-audit-final-5/report.json | app/(modal)/edit-child-profile.tsx,The generic editor duplicated sensitive flows and fetched a player before proving edit authority,fix(family): harden player profile editing,"6/6 strict UI flows, focused app tests, 27/27 family-athlete API tests, and both typechecks passed","Ponytail keeps this screen to one basic-profile intent. Native semantics, Sentry reads, Supabase MCP, and future default grants remain explicitly blocked elsewhere."
ROUTE-005,EDIT-CHILD-SUPPORT-ROUTE,Player support route coverage,assigned family profile manager; denied guardian; coach; athlete; club admin,app/(modal)/edit-child-sen.tsx | /edit-child-sen,Player support,loading; ready; draft; saving; rejected; denied; not found,iPhone 16 Pro responsive browser viewport; iPhone 16 Pro Max native blocker proof,local Expo web with staging authority reads and intercepted PATCH,Family player profile support action; direct protected route,Assigned player and MANAGE_PROFILE or ADMIN family permission,1,authorized editor; unauthorized roles; missing player; failed save,"Authorize before fetch, edit support records and guidance locally, save once, and exit denied states",Only an assigned family profile manager sees sensitive support controls; one atomic save owns the mutation,"Parent ready and failure branches passed; guardian, coach, athlete, and club admin saw a focused denial before support data or controls",GET/PATCH /v1/athletes/:athleteId,6/6 UI flows and 28/28 Fastify family-athlete route tests passed,,Family | FamilyMembership | GuardianChildLink | Athlete | ChildSenTag | AuditEvent,Intercepted 503 left staging athlete version and support data unchanged; legacy ADHD tag remained visible through API projection,Focused current relations passed; Fastify assignment and permission boundary is authoritative; SEC-004 remains open,API tests prove athlete.update SUCCESS and safe DENY metadata; intercepted UI failure created no product event,,Issue read blocked by HTTP 403 under ENV-004; no issue data or state returned,parent; guardian; coach; athlete; club admin,Authorized parent 2/2; every unauthorized role 1/1 denied before sensitive controls,passed,passed,"duplicate cards, always-open diagnosis controls, and dead per-row network actions removed","generated-looking catalogue, padded helper copy, and speculative support completeness removed",Player support; Conditions and access needs; Session adjustments; Coach guidance; Save support changes,Actual iOS app visually open; semantic target run remains honestly blocked by ENV-006,support is framed around coaching guidance and session adjustments,"flat dark hierarchy, one footer action, existing tokens, progressive disclosure","named back, add, remove, radio, input, and save controls; header and back control verified in viewport and unobscured; back, save, and remove targets verified at least 44 by 44",fixed,high,app/(modal)/edit-child-sen.tsx | hooks/use-edit-child-sen.ts | scripts/ui-flow-checks-50.mjs | reviews/ios-native-audit/runtime/2026-08-01/edit-child-support-audit-final-5/report.json,The route inventory had no runtime proof and the old screen mixed eager sensitive controls with piecemeal writes,fix(family): make player support updates atomic,Five role preflights and 6/6 strict target flows passed with zero medium or high findings,The deliberate UI PATCH failure was intercepted locally; no destructive or production test was run.
ROUTE-006,POST-DETAIL,Club update detail and comments,coach; parent; guardian; club admin; athlete denied,/post-detail?postId=:postId,Update,loading; ready; comments; pending mutation; rejected mutation; unavailable,iPhone 16 Pro responsive viewport; iPhone 16 Pro Max native blocker proof,local Expo web with staging reads and intercepted writes,Club feed update,Readable club post fixture; signed-in role fixtures; no production target,1,readable cross-role; exact mutation; recoverable failure; denied,Open update; like post and comment; reply; send; cancel; delete own comment; reject writes,One lean hierarchy; only completable actions; denied actor never requests comments; no staging write,7/7 flows passed; expected post and comments loaded once; athlete stopped after post denial; every write was intercepted,GET /v1/posts/:postId | GET/POST /v1/posts/:postId/comments | DELETE /v1/comments/:commentId | post/comment reaction routes,Readable GETs completed; athlete denial made zero comment GETs; intercepted writes and failures matched exact request counts,,Post | PostComment | PostReaction | PostCommentReaction | AuditEvent,"Read-only staging reconciliation found one active post, two active comments, three reaction rows and no deleted fixture row; UI run made no write","All five focused tables have RLS enabled and no PUBLIC, anon or authenticated grants; SEC-004 future-default blocker remains","Focused API tests prove post/comment reaction, create and delete writes emit audits; live staging had two community.post.reaction.toggle SUCCESS rows",,Sentry MCP unavailable and no issue-read token in current task; ENV-004 remains blocked,coach; parent; guardian; club admin; athlete,"Coach, parent, guardian and admin read; only own comment exposes Delete; athlete gets Update unavailable and no comment request",passed,passed,"removed duplicate header, duplicate comment counts, card chrome, hidden long-press delete and decorative empty state","removed generic title repetition, template empty copy, raw avatar URL initials and false whole-comment button semantics",Update; Comments; Like; Reply; Delete; Comment; Send,Shared React Native surface passed responsive interaction; actual iOS app is visible but deterministic semantics remain blocked by ENV-006,Club-scoped football updates and member visibility remain explicit,Flat hierarchy and existing dark tokens passed screenshot review; header remains visible after interaction and scroll,"Named controls, busy/disabled states, inline alerts and 44 by 44 minimum action targets passed",fixed,high,app/(modal)/post-detail.tsx | hooks/use-post-detail.ts | reviews/ios-native-audit/runtime/2026-08-01/post-detail-audit-final-2/report.json | reviews/ios-native-audit/runtime/2026-08-01/post-detail-audit-final-2/parent__parent_post_detail_ready.png,"The route duplicated navigation and counts, hid delete behind long press, rendered avatar URLs as initials, used false button semantics and could fetch comments before post authority",fix(social): harden post detail interactions,"Five-role preflight and 7/7 strict flows passed with zero medium/high findings; 63 target app tests, 3 focused API cases, both typechecks and React Doctor passed","All runtime mutations were intercepted. Native semantics, Supabase MCP and Sentry issue reads remain separately blocked and are not represented as passed."
ROUTE-007,INVITE-CODE-OWNERSHIP,Single club invite-code authority,club admin; coach; parent; guardian; athlete; platform admin,/club/settings?clubId=:clubId&section=invites; legacy /(tabs)/admin/invite-codes removed,Invite codes,authorized ready; narrower-role read only; unavailable; legacy route absent,iPhone 16 Pro Max native simulator; iPhone 16 Pro responsive viewport,Expo native app plus local Expo web with staging Fastify and Supabase authority,Create account; Club settings > Invites,Authenticated role fixture; club-scoped membership; never production,1,legacy reachability; club admin allow; coach/parent/guardian/athlete deny,"Trace every caller, delete the duplicate route and mock signup, then open the canonical surface for all five runtime roles",One club-scoped invite surface; no fake school state or duplicate onboarding branch,"Legacy route, hook, cards, seeds, school-code signup and dead exports were removed; demo admin now opens Home; canonical Club Settings remained",GET/POST /v1/clubs/:clubId/invite-codes; DELETE /v1/clubs/:clubId/invite-codes/:code; GET/POST /v1/clubs/join*,Only the canonical club-authority service reaches the governed Fastify routes,,ClubInviteCode | ClubMembership | AuditEvent,No runtime test write; historical secret redaction was a reviewed staging migration,"RLS enabled; zero policies and no PUBLIC, anon or authenticated grants on focused tables","Invite create, revoke, preview and join use non-reversible code references",,Issue read remains blocked by ENV-004; no unexpected target-flow runtime error,club admin; coach; parent; guardian; athlete,"Club admin can manage; coach, parent, guardian and athlete receive no invite controls",passed,passed,"global school-code admin route, local store, fake schools, duplicate cards, mock-only coach signup and backward-compat exports removed",parallel invite systems and invented school ownership removed,Invite codes; Copy; Share; Revoke; Create member code,Actual iOS sign-in screenshot proves one Create account path; semantics remain host-blocked by ENV-006,Club roles and football membership remain the only invite scope,Canonical Club Settings uses existing dark tokens and spacing,Named outcome controls; raw codes removed from accessibility labels; narrower roles see no dead controls,fixed,critical,app/club/settings.tsx | components/club/settings-invites-section.tsx | reviews/ios-native-audit/runtime/2026-08-01/invite-code-settings-audit-final-2/report.json | reviews/ios-native-audit/runtime/2026-08-01/invite-code-ownership-final/current.png,A dead mock school-code admin and signup branch duplicated the real club-scoped authority,fix(club): consolidate invite code authority,Five-role runtime profile passed 5/5; native sign-in visually inspected; focused reachability tests passed,Ponytail selected deletion over preserving a redirect-only compatibility surface.
ROUTE-008,coach_athletes,Coach opens athletes,coach,app/(tabs)/athletes.tsx,app/(tabs)/athletes.tsx,responsive route load and configured non-mutating assertions,iPhone 16 Pro responsive browser viewport,local Expo web bundle backed by staging API,/athletes,Authenticated seeded role account and linked staging dataset,1,coach_athletes,Navigate directly and execute the flow runner assertions without submitting a product mutation,Resolve the intended route without a failed request runtime exception shared error state nested button horizontal overflow or product-text finding,1/1 mapped flows returned status ok and severity none at 390px,Browser-observed role-scoped route requests,No failed request detected; exact endpoint-by-endpoint reconciliation remains a separate audit gap,,,No database mutation executed by this route-load regression,Not directly exercised in this route-load regression,Not reconciled in this route-load regression,,Sentry API unavailable; runner detected no runtime exception or console error classified as high or medium,coach,coach mapped route flow passed,automated route pass; manual visual corpus tracked separately,configured actions passed where present; otherwise route-load only,no automated high or medium finding,0 product-text findings,0 product-text findings,Shared React Native surface passed responsive runtime; native interaction remains blocked by host DevToolsSecurity,football product route,390px viewport with 0 horizontal overflow,0 nested buttons; native semantic tree and VoiceOver remain unverified,passed,,reviews/ios-native-audit/runtime/2026-07-31/report.merged.json,,chore(audit): reconcile responsive route evidence,1/1 fresh mapped flows passed on 2026-07-31,Non-destructive responsive route evidence only; exact API request IDs database RLS audit-event and native checks remain explicit separate gaps
ROUTE-009,AVAILABILITY-CANONICAL-ROUTE,Canonical coach availability entry,coach; parent; guardian; athlete; platform admin,app/(tabs)/availability.tsx; /(tabs)/schedule?segment=availability,Schedule > Availability,legacy redirect; coach ready; narrower-role home fallback,iPhone 16 Pro Max native simulator; iPhone 16 Pro responsive viewport,Expo native app plus local Expo web with staging Fastify and Supabase reads,coach profile; settings; booking calendar; block-date return; legacy /availability link,authenticated five-role fixtures; never production; live staging reads only,1,canonical entry; legacy entry; four role denials; native unauthenticated boundary,"Trace every caller, open both coach entries, and attempt the canonical route as every narrower role",All product entries open one Schedule segment; old links redirect immediately; denied roles return to a real home,"Internal callers now use SCHEDULE_AVAILABILITY, the compatibility file renders Redirect only, and HOME replaces the invalid /(tabs)/index fallback",GET /v1/coaches/me/availability/templates; GET /v1/coaches/me/availability/overrides; schedule dependencies,Coach reads completed through Fastify; four denied UI roles never received the coach surface,,CoachProfile | AvailabilityTemplate | AvailabilityOverride | AuditEvent,Read-only runtime proof; no staging availability row was mutated,"Focused tables have RLS enabled, zero policies, and zero PUBLIC/anon/authenticated grants",Live coach template and override reads recorded as sensitive SUCCESS events,,No target-flow runtime error; issue read remains externally blocked by ENV-004,coach; parent; guardian; athlete; platform admin,"Coach reaches Availability; parent, guardian, athlete, and platform admin return to their role home",passed,passed,fake redirect loading shell and internal compatibility hops removed,"no placeholder, invented explainer, or duplicate availability screen remains",Availability; Manage your availability; Add time block; Take Time Off; Booking Rules,Actual iOS deep link opened the real app and stopped at auth; deterministic semantic interaction remains blocked by ENV-006,"Coach time blocks, pitches, session types, and booking rules remain the product context",Canonical dark Schedule segment uses the existing football operations hierarchy and tab shell,Named availability actions passed 44-point target checks; redirect renders no transient controls,fixed,high,app/(tabs)/availability.tsx | navigation/routes.ts | reviews/ios-native-audit/runtime/2026-08-01/availability-route-audit-final/report.json | reviews/ios-native-audit/runtime/2026-08-01/availability-native-final/current.png,Product callers traversed a fake loading route and restricted-role fallback exposed Expo Unmatched Route,fix(availability): harden canonical availability route,Final five-role runtime profile passed 6/6 at fail-on-medium; canonical and legacy coach entries both ended at /schedule,The legacy route remains as a minimal Redirect because already-issued external Expo links may still target /availability.
ROUTE-011,coach_bookings | parent_bookings | athlete_bookings,Coach opens bookings | Parent opens bookings | Athlete opens bookings,coach parent athlete,app/(tabs)/bookings/index.tsx,app/(tabs)/bookings/index.tsx,responsive route load and configured non-mutating assertions,iPhone 16 Pro responsive browser viewport,local Expo web bundle backed by staging API,/bookings,Authenticated seeded role account and linked staging dataset,1,coach_bookings | parent_bookings | athlete_bookings,Navigate directly and execute the flow runner assertions without submitting a product mutation,Resolve the intended route without a failed request runtime exception shared error state nested button horizontal overflow or product-text finding,3/3 mapped flows returned status ok and severity none at 390px,Browser-observed role-scoped route requests,No failed request detected; exact endpoint-by-endpoint reconciliation remains a separate audit gap,,,No database mutation executed by this route-load regression,Not directly exercised in this route-load regression,Not reconciled in this route-load regression,,Sentry API unavailable; runner detected no runtime exception or console error classified as high or medium,coach parent athlete,"coach, parent, athlete mapped route flows passed",automated route pass; manual visual corpus tracked separately,configured actions passed where present; otherwise route-load only,no automated high or medium finding,0 product-text findings,0 product-text findings,Shared React Native surface passed responsive runtime; native interaction remains blocked by host DevToolsSecurity,football product route,390px viewport with 0 horizontal overflow,0 nested buttons; native semantic tree and VoiceOver remain unverified,passed,,reviews/ios-native-audit/runtime/2026-07-31/report.merged.json,,chore(audit): reconcile responsive route evidence,3/3 fresh mapped flows passed on 2026-07-31,Non-destructive responsive route evidence only; exact API request IDs database RLS audit-event and native checks remain explicit separate gaps
ROUTE-014,parent_children,Parent opens children,parent,app/(tabs)/children.tsx,app/(tabs)/children.tsx,responsive route load and configured non-mutating assertions,iPhone 16 Pro responsive browser viewport,local Expo web bundle backed by staging API,/children,Authenticated seeded role account and linked staging dataset,1,parent_children,Navigate directly and execute the flow runner assertions without submitting a product mutation,Resolve the intended route without a failed request runtime exception shared error state nested button horizontal overflow or product-text finding,1/1 mapped flows returned status ok and severity none at 390px,Browser-observed role-scoped route requests,No failed request detected; exact endpoint-by-endpoint reconciliation remains a separate audit gap,,,No database mutation executed by this route-load regression,Not directly exercised in this route-load regression,Not reconciled in this route-load regression,,Sentry API unavailable; runner detected no runtime exception or console error classified as high or medium,parent,parent mapped route flow passed,automated route pass; manual visual corpus tracked separately,configured actions passed where present; otherwise route-load only,no automated high or medium finding,0 product-text findings,0 product-text findings,Shared React Native surface passed responsive runtime; native interaction remains blocked by host DevToolsSecurity,football product route,390px viewport with 0 horizontal overflow,0 nested buttons; native semantic tree and VoiceOver remain unverified,passed,,reviews/ios-native-audit/runtime/2026-07-31/report.merged.json,,chore(audit): reconcile responsive route evidence,1/1 fresh mapped flows passed on 2026-07-31,Non-destructive responsive route evidence only; exact API request IDs database RLS audit-event and native checks remain explicit separate gaps
ROUTE-016,ROUTE-INVENTORY,Reachable route coverage,to classify,app/(tabs)/coach-profile.tsx,app/(tabs)/coach-profile.tsx,inventory,,staging,,,,,,,,,,,,,,,,,,,,,,,,,,,,pending,,,,,pending,Discovered from executable Expo Router tree; runtime coverage pending
ROUTE-017,coach_earnings | coach_earnings_payment_instructions,Coach opens earnings | Coach can open direct payment instructions,coach,app/(tabs)/earnings.tsx,app/(tabs)/earnings.tsx,responsive route load and configured non-mutating assertions,iPhone 16 Pro responsive browser viewport,local Expo web bundle backed by staging API,/earnings,Authenticated seeded role account and linked staging dataset,1,coach_earnings | coach_earnings_payment_instructions,Navigate directly and execute the flow runner assertions without submitting a product mutation,Resolve the intended route without a failed request runtime exception shared error state nested button horizontal overflow or product-text finding,2/2 mapped flows returned status ok and severity none at 390px,Browser-observed role-scoped route requests,No failed request detected; exact endpoint-by-endpoint reconciliation remains a separate audit gap,,,No database mutation executed by this route-load regression,Not directly exercised in this route-load regression,Not reconciled in this route-load regression,,Sentry API unavailable; runner detected no runtime exception or console error classified as high or medium,coach,coach mapped route flow passed,automated route pass; manual visual corpus tracked separately,configured actions passed where present; otherwise route-load only,no automated high or medium finding,0 product-text findings,0 product-text findings,Shared React Native surface passed responsive runtime; native interaction remains blocked by host DevToolsSecurity,football product route,390px viewport with 0 horizontal overflow,0 nested buttons; native semantic tree and VoiceOver remain unverified,passed,,reviews/ios-native-audit/runtime/2026-07-31/report.merged.json,,chore(audit): reconcile responsive route evidence,2/2 fresh mapped flows passed on 2026-07-31,Non-destructive responsive route evidence only; exact API request IDs database RLS audit-event and native checks remain explicit separate gaps
ROUTE-018,ROUTE-INVENTORY,Reachable route coverage,to classify,app/(tabs)/edit-profile.tsx,app/(tabs)/edit-profile.tsx,inventory,,staging,,,,,,,,,,,,,,,,,,,,,,,,,,,,pending,,,,,pending,Discovered from executable Expo Router tree; runtime coverage pending
ROUTE-019,coach_feed | parent_feed | athlete_feed,Coach opens feed | Parent opens feed | Athlete opens feed,coach parent athlete,app/(tabs)/feed.tsx,app/(tabs)/feed.tsx,responsive route load and configured non-mutating assertions,iPhone 16 Pro responsive browser viewport,local Expo web bundle backed by staging API,/feed,Authenticated seeded role account and linked staging dataset,1,coach_feed | parent_feed | athlete_feed,Navigate directly and execute the flow runner assertions without submitting a product mutation,Resolve the intended route without a failed request runtime exception shared error state nested button horizontal overflow or product-text finding,3/3 mapped flows returned status ok and severity none at 390px,Browser-observed role-scoped route requests,No failed request detected; exact endpoint-by-endpoint reconciliation remains a separate audit gap,,,No database mutation executed by this route-load regression,Not directly exercised in this route-load regression,Not reconciled in this route-load regression,,Sentry API unavailable; runner detected no runtime exception or console error classified as high or medium,coach parent athlete,"coach, parent, athlete mapped route flows passed",automated route pass; manual visual corpus tracked separately,configured actions passed where present; otherwise route-load only,no automated high or medium finding,0 product-text findings,0 product-text findings,Shared React Native surface passed responsive runtime; native interaction remains blocked by host DevToolsSecurity,football product route,390px viewport with 0 horizontal overflow,0 nested buttons; native semantic tree and VoiceOver remain unverified,passed,,reviews/ios-native-audit/runtime/2026-07-31/report.merged.json,,chore(audit): reconcile responsive route evidence,3/3 fresh mapped flows passed on 2026-07-31,Non-destructive responsive route evidence only; exact API request IDs database RLS audit-event and native checks remain explicit separate gaps
ROUTE-020,coach_home | parent_home | athlete_home,Coach opens dashboard | Parent opens dashboard | Athlete opens dashboard,coach parent athlete,app/(tabs)/index.tsx,app/(tabs)/index.tsx,responsive route load and configured non-mutating assertions,iPhone 16 Pro responsive browser viewport,local Expo web bundle backed by staging API,/,Authenticated seeded role account and linked staging dataset,1,coach_home | parent_home | athlete_home,Navigate directly and execute the flow runner assertions without submitting a product mutation,Resolve the intended route without a failed request runtime exception shared error state nested button horizontal overflow or product-text finding,3/3 mapped flows returned status ok and severity none at 390px,Browser-observed role-scoped route requests,No failed request detected; exact endpoint-by-endpoint reconciliation remains a separate audit gap,,,No database mutation executed by this route-load regression,Not directly exercised in this route-load regression,Not reconciled in this route-load regression,,Sentry API unavailable; runner detected no runtime exception or console error classified as high or medium,coach parent athlete,"coach, parent, athlete mapped route flows passed",automated route pass; manual visual corpus tracked separately,configured actions passed where present; otherwise route-load only,no automated high or medium finding,0 product-text findings,0 product-text findings,Shared React Native surface passed responsive runtime; native interaction remains blocked by host DevToolsSecurity,football product route,390px viewport with 0 horizontal overflow,0 nested buttons; native semantic tree and VoiceOver remain unverified,passed,,reviews/ios-native-audit/runtime/2026-07-31/report.merged.json,,chore(audit): reconcile responsive route evidence,3/3 fresh mapped flows passed on 2026-07-31,Non-destructive responsive route evidence only; exact API request IDs database RLS audit-event and native checks remain explicit separate gaps
ROUTE-021,coach_messages | parent_messages | athlete_messages,Coach opens messages | Parent opens messages | Athlete opens messages,coach parent athlete,app/(tabs)/messages.tsx,app/(tabs)/messages.tsx,responsive route load and configured non-mutating assertions,iPhone 16 Pro responsive browser viewport,local Expo web bundle backed by staging API,/messages,Authenticated seeded role account and linked staging dataset,1,coach_messages | parent_messages | athlete_messages,Navigate directly and execute the flow runner assertions without submitting a product mutation,Resolve the intended route without a failed request runtime exception shared error state nested button horizontal overflow or product-text finding,3/3 mapped flows returned status ok and severity none at 390px,Browser-observed role-scoped route requests,No failed request detected; exact endpoint-by-endpoint reconciliation remains a separate audit gap,,,No database mutation executed by this route-load regression,Not directly exercised in this route-load regression,Not reconciled in this route-load regression,,Sentry API unavailable; runner detected no runtime exception or console error classified as high or medium,coach parent athlete,"coach, parent, athlete mapped route flows passed",automated route pass; manual visual corpus tracked separately,configured actions passed where present; otherwise route-load only,no automated high or medium finding,0 product-text findings,0 product-text findings,Shared React Native surface passed responsive runtime; native interaction remains blocked by host DevToolsSecurity,football product route,390px viewport with 0 horizontal overflow,0 nested buttons; native semantic tree and VoiceOver remain unverified,passed,,reviews/ios-native-audit/runtime/2026-07-31/report.merged.json,,chore(audit): reconcile responsive route evidence,3/3 fresh mapped flows passed on 2026-07-31,Non-destructive responsive route evidence only; exact API request IDs database RLS audit-event and native checks remain explicit separate gaps
ROUTE-022,ROUTE-INVENTORY,Reachable route coverage,to classify,app/(tabs)/more.tsx,app/(tabs)/more.tsx,inventory,,staging,,,,,,,,,,,,,,,,,,,,,,,,,,,,pending,,,,,pending,Discovered from executable Expo Router tree; runtime coverage pending
ROUTE-023,ROUTE-INVENTORY,Reachable route coverage,to classify,app/(tabs)/notifications.tsx,app/(tabs)/notifications.tsx,inventory,,staging,,,,,,,,,,,,,,,,,,,,,,,,,,,,pending,,,,,pending,Discovered from executable Expo Router tree; runtime coverage pending
ROUTE-024,ROUTE-INVENTORY,Reachable route coverage,to classify,app/(tabs)/profile.tsx,app/(tabs)/profile.tsx,inventory,,staging,,,,,,,,,,,,,,,,,,,,,,,,,,,,pending,,,,,pending,Discovered from executable Expo Router tree; runtime coverage pending
ROUTE-025,ROUTE-INVENTORY,Reachable route coverage,to classify,app/(tabs)/roster.tsx,app/(tabs)/roster.tsx,inventory,,staging,,,,,,,,,,,,,,,,,,,,,,,,,,,,pending,,,,,pending,Discovered from executable Expo Router tree; runtime coverage pending
ROUTE-026,coach_schedule | coach_schedule_location_modal_actions,Coach opens schedule | Coach can open day editor location modal actions,coach,app/(tabs)/schedule.tsx,app/(tabs)/schedule.tsx,responsive route load and configured non-mutating assertions,iPhone 16 Pro responsive browser viewport,local Expo web bundle backed by staging API,/schedule | /schedule?segment=availability,Authenticated seeded role account and linked staging dataset,1,coach_schedule | coach_schedule_location_modal_actions,Navigate directly and execute the flow runner assertions without submitting a product mutation,Resolve the intended route without a failed request runtime exception shared error state nested button horizontal overflow or product-text finding,2/2 mapped flows returned status ok and severity none at 390px,Browser-observed role-scoped route requests,No failed request detected; exact endpoint-by-endpoint reconciliation remains a separate audit gap,,,No database mutation executed by this route-load regression,Not directly exercised in this route-load regression,Not reconciled in this route-load regression,,Sentry API unavailable; runner detected no runtime exception or console error classified as high or medium,coach,coach mapped route flow passed,automated route pass; manual visual corpus tracked separately,configured actions passed where present; otherwise route-load only,no automated high or medium finding,0 product-text findings,0 product-text findings,Shared React Native surface passed responsive runtime; native interaction remains blocked by host DevToolsSecurity,football product route,390px viewport with 0 horizontal overflow,0 nested buttons; native semantic tree and VoiceOver remain unverified,passed,,reviews/ios-native-audit/runtime/2026-07-31/report.merged.json,,chore(audit): reconcile responsive route evidence,2/2 fresh mapped flows passed on 2026-07-31,Non-destructive responsive route evidence only; exact API request IDs database RLS audit-event and native checks remain explicit separate gaps
ROUTE-027,coach_settings | parent_settings | athlete_settings,Coach opens settings | Parent opens settings | Athlete opens settings,coach parent athlete,app/(tabs)/settings.tsx,app/(tabs)/settings.tsx,responsive route load and configured non-mutating assertions,iPhone 16 Pro responsive browser viewport,local Expo web bundle backed by staging API,/settings,Authenticated seeded role account and linked staging dataset,1,coach_settings | parent_settings | athlete_settings,Navigate directly and execute the flow runner assertions without submitting a product mutation,Resolve the intended route without a failed request runtime exception shared error state nested button horizontal overflow or product-text finding,3/3 mapped flows returned status ok and severity none at 390px,Browser-observed role-scoped route requests,No failed request detected; exact endpoint-by-endpoint reconciliation remains a separate audit gap,,,No database mutation executed by this route-load regression,Not directly exercised in this route-load regression,Not reconciled in this route-load regression,,Sentry API unavailable; runner detected no runtime exception or console error classified as high or medium,coach parent athlete,"coach, parent, athlete mapped route flows passed",automated route pass; manual visual corpus tracked separately,configured actions passed where present; otherwise route-load only,no automated high or medium finding,0 product-text findings,0 product-text findings,Shared React Native surface passed responsive runtime; native interaction remains blocked by host DevToolsSecurity,football product route,390px viewport with 0 horizontal overflow,0 nested buttons; native semantic tree and VoiceOver remain unverified,passed,,reviews/ios-native-audit/runtime/2026-07-31/report.merged.json,,chore(audit): reconcile responsive route evidence,3/3 fresh mapped flows passed on 2026-07-31,Non-destructive responsive route evidence only; exact API request IDs database RLS audit-event and native checks remain explicit separate gaps
ROUTE-028,ROUTE-INVENTORY,Reachable route coverage,to classify,app/availability/add-template.tsx,app/availability/add-template.tsx,inventory,,staging,,,,,,,,,,,,,,,,,,,,,,,,,,,,pending,,,,,pending,Discovered from executable Expo Router tree; runtime coverage pending
ROUTE-029,ROUTE-INVENTORY,Reachable route coverage,to classify,app/availability/block-date.tsx,app/availability/block-date.tsx,inventory,,staging,,,,,,,,,,,,,,,,,,,,,,,,,,,,pending,,,,,pending,Discovered from executable Expo Router tree; runtime coverage pending
ROUTE-030,coach_availability_calendar,Coach opens availability calendar,coach,app/availability/calendar.tsx,app/availability/calendar.tsx,responsive route load and configured non-mutating assertions,iPhone 16 Pro responsive browser viewport,local Expo web bundle backed by staging API,/availability/calendar,Authenticated seeded role account and linked staging dataset,1,coach_availability_calendar,Navigate directly and execute the flow runner assertions without submitting a product mutation,Resolve the intended route without a failed request runtime exception shared error state nested button horizontal overflow or product-text finding,1/1 mapped flows returned status ok and severity none at 390px,Browser-observed role-scoped route requests,No failed request detected; exact endpoint-by-endpoint reconciliation remains a separate audit gap,,,No database mutation executed by this route-load regression,Not directly exercised in this route-load regression,Not reconciled in this route-load regression,,Sentry API unavailable; runner detected no runtime exception or console error classified as high or medium,coach,coach mapped route flow passed,automated route pass; manual visual corpus tracked separately,configured actions passed where present; otherwise route-load only,no automated high or medium finding,0 product-text findings,0 product-text findings,Shared React Native surface passed responsive runtime; native interaction remains blocked by host DevToolsSecurity,football product route,390px viewport with 0 horizontal overflow,0 nested buttons; native semantic tree and VoiceOver remain unverified,passed,,reviews/ios-native-audit/runtime/2026-07-31/report.merged.json,,chore(audit): reconcile responsive route evidence,1/1 fresh mapped flows passed on 2026-07-31,Non-destructive responsive route evidence only; exact API request IDs database RLS audit-event and native checks remain explicit separate gaps
ROUTE-031,ROUTE-INVENTORY,Reachable route coverage,to classify,app/availability/edit-template.tsx,app/availability/edit-template.tsx,inventory,,staging,,,,,,,,,,,,,,,,,,,,,,,,,,,,pending,,,,,pending,Discovered from executable Expo Router tree; runtime coverage pending
ROUTE-032,parent_book_coach | athlete_find_coach,Parent opens find coach | Athlete opens find coach,parent athlete,app/book-coach.tsx,app/book-coach.tsx,responsive route load and configured non-mutating assertions,iPhone 16 Pro responsive browser viewport,local Expo web bundle backed by staging API,/book-coach,Authenticated seeded role account and linked staging dataset,1,parent_book_coach | athlete_find_coach,Navigate directly and execute the flow runner assertions without submitting a product mutation,Resolve the intended route without a failed request runtime exception shared error state nested button horizontal overflow or product-text finding,2/2 mapped flows returned status ok and severity none at 390px,Browser-observed role-scoped route requests,No failed request detected; exact endpoint-by-endpoint reconciliation remains a separate audit gap,,,No database mutation executed by this route-load regression,Not directly exercised in this route-load regression,Not reconciled in this route-load regression,,Sentry API unavailable; runner detected no runtime exception or console error classified as high or medium,parent athlete,"parent, athlete mapped route flows passed",automated route pass; manual visual corpus tracked separately,configured actions passed where present; otherwise route-load only,no automated high or medium finding,0 product-text findings,0 product-text findings,Shared React Native surface passed responsive runtime; native interaction remains blocked by host DevToolsSecurity,football product route,390px viewport with 0 horizontal overflow,0 nested buttons; native semantic tree and VoiceOver remain unverified,passed,,reviews/ios-native-audit/runtime/2026-07-31/report.merged.json,,chore(audit): reconcile responsive route evidence,2/2 fresh mapped flows passed on 2026-07-31,Non-destructive responsive route evidence only; exact API request IDs database RLS audit-event and native checks remain explicit separate gaps
ROUTE-033,parent_book_flow_confirmation,Parent opens confirmation step,parent,app/book/[coachId]/confirmation.tsx,app/book/[coachId]/confirmation.tsx,responsive route load and configured non-mutating assertions,iPhone 16 Pro responsive browser viewport,local Expo web bundle backed by staging API,/book/usr_65972cc3-8f9b-7199-b867-7df5b7faf34b/confirmation,Authenticated seeded role account and linked staging dataset,1,parent_book_flow_confirmation,Navigate directly and execute the flow runner assertions without submitting a product mutation,Resolve the intended route without a failed request runtime exception shared error state nested button horizontal overflow or product-text finding,1/1 mapped flows returned status ok and severity none at 390px,Browser-observed role-scoped route requests,No failed request detected; exact endpoint-by-endpoint reconciliation remains a separate audit gap,,,No database mutation executed by this route-load regression,Not directly exercised in this route-load regression,Not reconciled in this route-load regression,,Sentry API unavailable; runner detected no runtime exception or console error classified as high or medium,parent,parent mapped route flow passed,automated route pass; manual visual corpus tracked separately,configured actions passed where present; otherwise route-load only,no automated high or medium finding,0 product-text findings,0 product-text findings,Shared React Native surface passed responsive runtime; native interaction remains blocked by host DevToolsSecurity,football product route,390px viewport with 0 horizontal overflow,0 nested buttons; native semantic tree and VoiceOver remain unverified,passed,,reviews/ios-native-audit/runtime/2026-07-31/report.merged.json,,chore(audit): reconcile responsive route evidence,1/1 fresh mapped flows passed on 2026-07-31,Non-destructive responsive route evidence only; exact API request IDs database RLS audit-event and native checks remain explicit separate gaps
ROUTE-034,parent_book_flow_details,Parent opens details step,parent,app/book/[coachId]/details.tsx,app/book/[coachId]/details.tsx,responsive route load and configured non-mutating assertions,iPhone 16 Pro responsive browser viewport,local Expo web bundle backed by staging API,/book/usr_65972cc3-8f9b-7199-b867-7df5b7faf34b/details,Authenticated seeded role account and linked staging dataset,1,parent_book_flow_details,Navigate directly and execute the flow runner assertions without submitting a product mutation,Resolve the intended route without a failed request runtime exception shared error state nested button horizontal overflow or product-text finding,1/1 mapped flows returned status ok and severity none at 390px,Browser-observed role-scoped route requests,No failed request detected; exact endpoint-by-endpoint reconciliation remains a separate audit gap,,,No database mutation executed by this route-load regression,Not directly exercised in this route-load regression,Not reconciled in this route-load regression,,Sentry API unavailable; runner detected no runtime exception or console error classified as high or medium,parent,parent mapped route flow passed,automated route pass; manual visual corpus tracked separately,configured actions passed where present; otherwise route-load only,no automated high or medium finding,0 product-text findings,0 product-text findings,Shared React Native surface passed responsive runtime; native interaction remains blocked by host DevToolsSecurity,football product route,390px viewport with 0 horizontal overflow,0 nested buttons; native semantic tree and VoiceOver remain unverified,passed,,reviews/ios-native-audit/runtime/2026-07-31/report.merged.json,,chore(audit): reconcile responsive route evidence,1/1 fresh mapped flows passed on 2026-07-31,Non-destructive responsive route evidence only; exact API request IDs database RLS audit-event and native checks remain explicit separate gaps
ROUTE-035,parent_book_flow_start,Parent opens book flow home,parent,app/book/[coachId]/index.tsx,app/book/[coachId]/index.tsx,responsive route load and configured non-mutating assertions,iPhone 16 Pro responsive browser viewport,local Expo web bundle backed by staging API,/book/usr_65972cc3-8f9b-7199-b867-7df5b7faf34b,Authenticated seeded role account and linked staging dataset,1,parent_book_flow_start,Navigate directly and execute the flow runner assertions without submitting a product mutation,Resolve the intended route without a failed request runtime exception shared error state nested button horizontal overflow or product-text finding,1/1 mapped flows returned status ok and severity none at 390px,Browser-observed role-scoped route requests,No failed request detected; exact endpoint-by-endpoint reconciliation remains a separate audit gap,,,No database mutation executed by this route-load regression,Not directly exercised in this route-load regression,Not reconciled in this route-load regression,,Sentry API unavailable; runner detected no runtime exception or console error classified as high or medium,parent,parent mapped route flow passed,automated route pass; manual visual corpus tracked separately,configured actions passed where present; otherwise route-load only,no automated high or medium finding,0 product-text findings,0 product-text findings,Shared React Native surface passed responsive runtime; native interaction remains blocked by host DevToolsSecurity,football product route,390px viewport with 0 horizontal overflow,0 nested buttons; native semantic tree and VoiceOver remain unverified,passed,,reviews/ios-native-audit/runtime/2026-07-31/report.merged.json,,chore(audit): reconcile responsive route evidence,1/1 fresh mapped flows passed on 2026-07-31,Non-destructive responsive route evidence only; exact API request IDs database RLS audit-event and native checks remain explicit separate gaps
ROUTE-036,PARENT-BOOK-MULTI-WEEK,Parent books a selected recurring offering across weeks,parent; athlete,app/book/[coachId]/multi-week.tsx,app/book/[coachId]/multi-week.tsx,loading; empty; error; selected offering; unavailable week; intentional deselection; review; submission success and denial,iPhone 16 Pro route contract; seed Fastify,local development audit,/book/:coachId/session-type -> /book/:coachId/multi-week,Parent or athlete chooses recurring offering; valid linked athlete; live schedule slot,1,happy path; unavailable; refresh failure,Choose recurring offering then select weeks; review; and confirm,Only offering day; time; and venue are shown; API revalidates each requested occurrence,Rows are preference-bound; stale selections are removed; Fastify series lifecycle passed,GET /v1/coaches/:coachId/availability/slots; POST /v1/booking-series,Client route traced; seeded POST booking-series lifecycle passed,,booking series; bookings; audit events,In-process seed lifecycle only; no external mutation,Seed API authz passed; direct Supabase RLS unavailable ENV-003,booking-series lifecycle audit-backed reassignment passed,ENV-004,Sentry read unavailable; no synthetic event sent,parent; athlete; coach,Booker selection and backend booking-series authority covered; cross-role native retest blocked,Recurring sessions from the chosen football offering,Review selected weeks,Removed impossible single-booking direction from empty state,No generic AI copy added,No weekly slots are available right now; Review N Weeks; Confirm N Weeks,Compiled route and source behavior passed; native interaction blocked ENV-009,Recurring coach football offering,One weekly option pattern; no mixed schedule,Back and each week have labels; native VoiceOver pending ENV-009,passed,high,reviews/ios-native-audit/runtime/2026-08-03/multi-week-booking-route-audit/verification.md,Mixed availability rows could create a series at the wrong time or venue; refresh reset deliberate selections; price rounded pence,fix(bookings): bind multi-week series to offering,Root typecheck; compiled client proof 13/13; Fastify booking-series lifecycle passed; native pending ENV-009,No production or staging mutation; Supabase RLS and Sentry state unchanged
ROUTE-037,parent_book_flow_review,Parent opens review step,parent,app/book/[coachId]/review.tsx,app/book/[coachId]/review.tsx,responsive route load and configured non-mutating assertions,iPhone 16 Pro responsive browser viewport,local Expo web bundle backed by staging API,/book/usr_65972cc3-8f9b-7199-b867-7df5b7faf34b/review,Authenticated seeded role account and linked staging dataset,1,parent_book_flow_review,Navigate directly and execute the flow runner assertions without submitting a product mutation,Resolve the intended route without a failed request runtime exception shared error state nested button horizontal overflow or product-text finding,1/1 mapped flows returned status ok and severity none at 390px,Browser-observed role-scoped route requests,No failed request detected; exact endpoint-by-endpoint reconciliation remains a separate audit gap,,,No database mutation executed by this route-load regression,Not directly exercised in this route-load regression,Not reconciled in this route-load regression,,Sentry API unavailable; runner detected no runtime exception or console error classified as high or medium,parent,parent mapped route flow passed,automated route pass; manual visual corpus tracked separately,configured actions passed where present; otherwise route-load only,no automated high or medium finding,0 product-text findings,0 product-text findings,Shared React Native surface passed responsive runtime; native interaction remains blocked by host DevToolsSecurity,football product route,390px viewport with 0 horizontal overflow,0 nested buttons; native semantic tree and VoiceOver remain unverified,passed,,reviews/ios-native-audit/runtime/2026-07-31/report.merged.json,,chore(audit): reconcile responsive route evidence,1/1 fresh mapped flows passed on 2026-07-31,Non-destructive responsive route evidence only; exact API request IDs database RLS audit-event and native checks remain explicit separate gaps
ROUTE-038,parent_book_flow_schedule,Parent opens schedule step,parent,app/book/[coachId]/schedule.tsx,app/book/[coachId]/schedule.tsx,responsive route load and configured non-mutating assertions,iPhone 16 Pro responsive browser viewport,local Expo web bundle backed by staging API,/book/usr_65972cc3-8f9b-7199-b867-7df5b7faf34b/schedule,Authenticated seeded role account and linked staging dataset,1,parent_book_flow_schedule,Navigate directly and execute the flow runner assertions without submitting a product mutation,Resolve the intended route without a failed request runtime exception shared error state nested button horizontal overflow or product-text finding,1/1 mapped flows returned status ok and severity none at 390px,Browser-observed role-scoped route requests,No failed request detected; exact endpoint-by-endpoint reconciliation remains a separate audit gap,,,No database mutation executed by this route-load regression,Not directly exercised in this route-load regression,Not reconciled in this route-load regression,,Sentry API unavailable; runner detected no runtime exception or console error classified as high or medium,parent,parent mapped route flow passed,automated route pass; manual visual corpus tracked separately,configured actions passed where present; otherwise route-load only,no automated high or medium finding,0 product-text findings,0 product-text findings,Shared React Native surface passed responsive runtime; native interaction remains blocked by host DevToolsSecurity,football product route,390px viewport with 0 horizontal overflow,0 nested buttons; native semantic tree and VoiceOver remain unverified,passed,,reviews/ios-native-audit/runtime/2026-07-31/report.merged.json,,chore(audit): reconcile responsive route evidence,1/1 fresh mapped flows passed on 2026-07-31,Non-destructive responsive route evidence only; exact API request IDs database RLS audit-event and native checks remain explicit separate gaps
ROUTE-039,parent_book_flow_type,Parent opens session-type step,parent,app/book/[coachId]/session-type.tsx,app/book/[coachId]/session-type.tsx,responsive route load and configured non-mutating assertions,iPhone 16 Pro responsive browser viewport,local Expo web bundle backed by staging API,/book/usr_65972cc3-8f9b-7199-b867-7df5b7faf34b/session-type,Authenticated seeded role account and linked staging dataset,1,parent_book_flow_type,Navigate directly and execute the flow runner assertions without submitting a product mutation,Resolve the intended route without a failed request runtime exception shared error state nested button horizontal overflow or product-text finding,1/1 mapped flows returned status ok and severity none at 390px,Browser-observed role-scoped route requests,No failed request detected; exact endpoint-by-endpoint reconciliation remains a separate audit gap,,,No database mutation executed by this route-load regression,Not directly exercised in this route-load regression,Not reconciled in this route-load regression,,Sentry API unavailable; runner detected no runtime exception or console error classified as high or medium,parent,parent mapped route flow passed,automated route pass; manual visual corpus tracked separately,configured actions passed where present; otherwise route-load only,no automated high or medium finding,0 product-text findings,0 product-text findings,Shared React Native surface passed responsive runtime; native interaction remains blocked by host DevToolsSecurity,football product route,390px viewport with 0 horizontal overflow,0 nested buttons; native semantic tree and VoiceOver remain unverified,passed,,reviews/ios-native-audit/runtime/2026-07-31/report.merged.json,,chore(audit): reconcile responsive route evidence,1/1 fresh mapped flows passed on 2026-07-31,Non-destructive responsive route evidence only; exact API request IDs database RLS audit-event and native checks remain explicit separate gaps
ROUTE-040,ROUTE-INVENTORY,Booking cancellation role and notification control,athlete; parent; coach,/booking/[id]/cancel,Cancel booking,loaded future confirmed booking,iPhone 16 Pro,local development audit,booking detail cancellation action,seeded booking tests; no live booking submitted,1,role-specific cancellation controls,Review reasons and confirm cancellation,UI role follows signed-in account and booking owner; every visible control has a real effect,URL mode could show the wrong role UI; waitlist toggle was a debug-only promise,POST /v1/bookings/:bookingId/cancel,Seed API accepts only a scoped booking actor and protects lifecycle effects,,bookings; bookingStatusEvents; notifications; invoices,Local seeded tests prove scoped cancellation and counterparty notifications,API authz boundary; no direct Supabase access,booking status event and durable counterparty notification,ENV-004,Sentry not involved; no synthetic event,athlete; parent; coach,Unrelated actors denied and each valid actor gets correct UI semantics,passed,passed,Dead waitlist control removed,URL-role trust and generic non-coach role fallback removed,Cancel booking; Confirm cancellation; Cancel session,Focused app contracts and seeded API suites passed; native retest blocked by ENV-008,Football session cancellation and off-app payment adjustment remain explicit,Existing cancellation hierarchy retained with fewer controls,No invisible or dead action remains,fixed,high,reviews/ios-native-audit/runtime/2026-08-03/booking-cancel-role-boundary/verification.md,Role-specific presentation trusted an unverified URL parameter and advertised a waitlist action that did nothing,fix(bookings): derive cancellation UI authority,app contracts; targeted eslint; seeded API suites 51 and 46 passed; native after pending ENV-008,No production staging account payment refund database or external notification state changed
ROUTE-041,ROUTE-INVENTORY,Recurring booking price and copy,athlete; parent,/bookings/subscribe,Recurring booking,loaded coach list and review,iPhone 16 Pro,local development audit,booking tab recurring entry,local mock coach data; no booking submitted,1,price and primary action,Choose a coach and review cost,GBP price unit and clear booking action,US dollar labels and generic subscription wording removed,no API endpoint,local presentation only,,no database action,no data mutation,not applicable,no audit event,ENV-004,Sentry not involved; no synthetic event,athlete; parent,No cross-role data mutation,passed,passed,No duplicate or sales UI added,Generic subscription wording removed,Choose a coach; Start recurring booking,Focused static test passed; native retest blocked by ENV-008,Recurring sessions for football coaching,Existing recurring visual system retained,All actions retain visible labels,fixed,medium,reviews/ios-native-audit/runtime/2026-08-03/recurring-booking-price-unit/verification.md,Search and summary used US dollars instead of Clubroom session currency,fix(bookings): align recurring booking price unit,static verified; native retest pending ENV-008,No Fastify Supabase audit Sentry interaction; no booking submitted
ROUTE-042,ROUTE-INVENTORY,Reachable route coverage,to classify,app/chat/[threadId].tsx,app/chat/[threadId].tsx,inventory,,staging,,,,,,,,,,,,,,,,,,,,,,,,,,,,pending,,,,,pending,Discovered from executable Expo Router tree; runtime coverage pending
ROUTE-043,athlete_chat_list,Athlete opens chat list,athlete,app/chat/index.tsx,app/chat/index.tsx,responsive route load and configured non-mutating assertions,iPhone 16 Pro responsive browser viewport,local Expo web bundle backed by staging API,/chat,Authenticated seeded role account and linked staging dataset,1,athlete_chat_list,Navigate directly and execute the flow runner assertions without submitting a product mutation,Resolve the intended route without a failed request runtime exception shared error state nested button horizontal overflow or product-text finding,1/1 mapped flows returned status ok and severity none at 390px,Browser-observed role-scoped route requests,No failed request detected; exact endpoint-by-endpoint reconciliation remains a separate audit gap,,,No database mutation executed by this route-load regression,Not directly exercised in this route-load regression,Not reconciled in this route-load regression,,Sentry API unavailable; runner detected no runtime exception or console error classified as high or medium,athlete,athlete mapped route flow passed,automated route pass; manual visual corpus tracked separately,configured actions passed where present; otherwise route-load only,no automated high or medium finding,0 product-text findings,0 product-text findings,Shared React Native surface passed responsive runtime; native interaction remains blocked by host DevToolsSecurity,football product route,390px viewport with 0 horizontal overflow,0 nested buttons; native semantic tree and VoiceOver remain unverified,passed,,reviews/ios-native-audit/runtime/2026-07-31/report.merged.json,,chore(audit): reconcile responsive route evidence,1/1 fresh mapped flows passed on 2026-07-31,Non-destructive responsive route evidence only; exact API request IDs database RLS audit-event and native checks remain explicit separate gaps
ROUTE-044,parent_child_emergency,Parent opens child emergency profile,parent,app/child/[id]/emergency.tsx,app/child/[id]/emergency.tsx,responsive route load and configured non-mutating assertions,iPhone 16 Pro responsive browser viewport,local Expo web bundle backed by staging API,/child/ath_7df7ec13-e136-7525-985f-dec069fc983f/emergency,Authenticated seeded role account and linked staging dataset,1,parent_child_emergency,Navigate directly and execute the flow runner assertions without submitting a product mutation,Resolve the intended route without a failed request runtime exception shared error state nested button horizontal overflow or product-text finding,1/1 mapped flows returned status ok and severity none at 390px,Browser-observed role-scoped route requests,No failed request detected; exact endpoint-by-endpoint reconciliation remains a separate audit gap,,,No database mutation executed by this route-load regression,Not directly exercised in this route-load regression,Not reconciled in this route-load regression,,Sentry API unavailable; runner detected no runtime exception or console error classified as high or medium,parent,parent mapped route flow passed,automated route pass; manual visual corpus tracked separately,configured actions passed where present; otherwise route-load only,no automated high or medium finding,0 product-text findings,0 product-text findings,Shared React Native surface passed responsive runtime; native interaction remains blocked by host DevToolsSecurity,football product route,390px viewport with 0 horizontal overflow,0 nested buttons; native semantic tree and VoiceOver remain unverified,passed,,reviews/ios-native-audit/runtime/2026-07-31/report.merged.json,,chore(audit): reconcile responsive route evidence,1/1 fresh mapped flows passed on 2026-07-31,Non-destructive responsive route evidence only; exact API request IDs database RLS audit-event and native checks remain explicit separate gaps
ROUTE-045,parent_child_medical,Parent opens child medical profile,parent,app/child/[id]/medical.tsx,app/child/[id]/medical.tsx,responsive route load and configured non-mutating assertions,iPhone 16 Pro responsive browser viewport,local Expo web bundle backed by staging API,/child/ath_7df7ec13-e136-7525-985f-dec069fc983f/medical,Authenticated seeded role account and linked staging dataset,1,parent_child_medical,Navigate directly and execute the flow runner assertions without submitting a product mutation,Resolve the intended route without a failed request runtime exception shared error state nested button horizontal overflow or product-text finding,1/1 mapped flows returned status ok and severity none at 390px,Browser-observed role-scoped route requests,No failed request detected; exact endpoint-by-endpoint reconciliation remains a separate audit gap,,,No database mutation executed by this route-load regression,Not directly exercised in this route-load regression,Not reconciled in this route-load regression,,Sentry API unavailable; runner detected no runtime exception or console error classified as high or medium,parent,parent mapped route flow passed,automated route pass; manual visual corpus tracked separately,configured actions passed where present; otherwise route-load only,no automated high or medium finding,0 product-text findings,0 product-text findings,Shared React Native surface passed responsive runtime; native interaction remains blocked by host DevToolsSecurity,football product route,390px viewport with 0 horizontal overflow,0 nested buttons; native semantic tree and VoiceOver remain unverified,passed,,reviews/ios-native-audit/runtime/2026-07-31/report.merged.json,,chore(audit): reconcile responsive route evidence,1/1 fresh mapped flows passed on 2026-07-31,Non-destructive responsive route evidence only; exact API request IDs database RLS audit-event and native checks remain explicit separate gaps
ROUTE-046,CLUB-CALENDAR-AUTHORITY,Club calendar authority and truthful loading,"club member; privileged admin; private-club non-member; account switch; invalid route",app/club/[clubId]/calendar.tsx,Calendar,"invalid route; cold load; month change; squad filter; refresh; error; empty; account switch",iPhone 16 Pro,local development audit,Club detail or direct calendar route,"signed-in club actor; isolated seed Fastify API contract",1,"member; privileged admin; private-club non-member; malformed link; selected squad; no activity; account switch",Open club calendar and change month or squad filter,"Only the requested actor's calendar data may render. An invalid link errors plainly; loading retains real calendar chrome and grid geometry; the API governs schedule and squad visibility.","The frame key and dependencies now include actor identity. Invalid routes return an error. The actual calendar header navigation legend and grid skeleton remain mounted instead of a generic loading replacement.","GET /v1/clubs/:clubId/schedule; GET /v1/clubs/:clubId/squads","Seed Fastify: active member 200; private non-member 403; privileged admin 200; governed squad list passed. Mock calendar projections passed their focused service checks.",,"Club; ClubMembership; ClubEvent; GroupSession; Match; ClubSquad","Isolated seed reads and mock projection checks only; no external data used.","API authorization passed; direct Supabase RLS unavailable ENV-003.","No schedule or squad read audit event is currently emitted; no audit-read claim made.",ENV-004,"Sentry issue read unavailable; no synthetic event sent.","club member; privileged admin; private-club non-member; account switch; invalid route","Valid actors get only their own calendar frame. Private non-members receive Fastify denial; invalid links no longer masquerade as an empty calendar.",passed,passed,"Removed actor-agnostic calendar state and the generic full calendar loader.","Removed misleading empty state for an invalid route; no decorative UI added.","Previous month; Next month; Squad filter; Select day.","Compiled source behavior passed; native interaction remains blocked ENV-009.","Calendar labels sessions matches and events within the selected football club.","Calendar chrome remains stable through unresolved month and filter changes.","Month and day controls have labels; native VoiceOver remains unverified ENV-009.",fixed,high,reviews/ios-native-audit/runtime/2026-08-03/club-calendar-authority/verification.md,"The calendar could display a prior actor's club frame, silently convert an invalid route into an empty state, and drop its real geometry while loading.","fix(club): isolate calendar state by actor","root typecheck; test compile; 1 focused hook contract; 3 calendar service checks; focused eslint; seed Fastify 4/4; native pending ENV-009.","No production or staging club schedule squad database Supabase or Sentry state changed."
ROUTE-047,OWNER-DASHBOARD-AUTHORITY,Owner dashboard default-deny authority,"owner; admin; member denied; privileged admin; account switch; invalid route",app/club/[clubId]/dashboard.tsx,Owner Dashboard,"invalid route; loading; error; empty; owner/admin; member denied; privileged admin; account switch",iPhone 16 Pro,local development audit,Manage hub or direct owner-dashboard route,"signed-in club owner/admin or privileged administrator; isolated seed Fastify API contract",1,"owner; admin; active member; privileged admin; malformed link; account switch",Open the owner dashboard,"Only an active owner/admin or privileged administrator may resolve finance staffing completion and family-support summaries. The requested actor's frame must be truthful before it displays.","The screen key now includes actor and validated club. Fastify checks minimal club membership and normalized owner/admin role before it assembles staffing oversight finance or support projections.",GET /v1/clubs/:clubId/owner-dashboard,"Seed Fastify: member 403; admin 200; privileged admin 200; governed support finance and completion projections passed; sensitive-read audit success and denial paths asserted.",,"Club; ClubMembership; GroupSession; Booking; Invoice; SafeguardingIncident; AuditEvent","Isolated seed reads and test-owned fixture setup only; no external data used.","API authorization passed before sensitive projections; direct Supabase RLS unavailable ENV-003.","club_owner_dashboard.read success and denial asserted as sensitive reads.",ENV-004,"Sentry issue read unavailable; no synthetic event sent.","owner; admin; member denied; privileged admin; account switch; invalid route","Members are denied before sensitive projection. Owners/admins and privileged administrators receive only their authorised dashboard frame; a later account cannot retain that frame.",passed,passed,"Removed actor-agnostic dashboard state and late authorization after projection began.","Removed generic required-ID wording; no decorative UI added.","Open issue; Open staffing; Open oversight; Create session; operational links.","Compiled source behavior passed; native interaction remains blocked ENV-009.","Dashboard summarizes real football club session staffing completion and support operations.","Existing operational hierarchy and outcome-labeled actions retained.","Visible action labels remain explicit; native VoiceOver remains unverified ENV-009.",fixed,critical,reviews/ios-native-audit/runtime/2026-08-03/owner-dashboard-authority/verification.md,"The client could show a prior actor's sensitive dashboard frame, and the server assembled sensitive projections before determining whether the requester was an owner or admin.","fix(club): deny dashboard reads before projection","root typecheck; test compile; focused client and service contracts 2/2; focused eslint; seed Fastify 1/1; native pending ENV-009.","No production or staging club booking finance support database Supabase or Sentry state changed."
ROUTE-048,CLUB-MEMBER-MANAGEMENT-AUTHORITY,Club member management authority and cache isolation,"owner; admin; head coach; coach; member; account switch",app/club/[clubId]/member/[memberId].tsx,Member,"loading; error; empty; view; manager controls; denied controls; peer or owner target; account switch",iPhone 16 Pro,local development audit,Club roster member route,"signed-in club member or manager; local API contract",1,"manager mutation; member denied; peer or owner target; account switch",Open a club member and inspect role squad removal and ban controls,"Only an active owner admin or head coach with rank over the target sees management controls. A club member or a later account never inherits those controls.","The screen takes the server-mapped viewer membership for the club instead of comparing incompatible local and API IDs. Its state key includes actor club and member. The API remains the authority for every mutation.","GET /v1/clubs; GET /v1/clubs/:clubId/members; PATCH /v1/clubs/:clubId/members/:userId/role; DELETE /v1/clubs/:clubId/members/:userId; POST /v1/clubs/:clubId/members/:userId/ban; PUT/DELETE /v1/clubs/:clubId/squads/:squadId/members/:userId","Seed Fastify allowed manager role removal ban and squad changes; denied lower-rank or self-target attempts; audit assertions passed.",,"ClubMembership; SquadMembership; Athlete; AuditEvent","Isolated seed mutations only; no external data used.","API authorization passed; direct Supabase RLS unavailable ENV-003.","club_member.role.update; club_member.remove; club_member.ban; club_squad_member.add; club_squad_member.remove success and deny paths asserted.",ENV-004,"Sentry issue read unavailable; no synthetic event sent.","owner; admin; head coach; coach; member; account switch","Eligible managers receive one truthful control set. Coaches and members no longer receive a false claim of management access; actor changes cannot reuse the prior authority frame.",passed,passed,"Removed the brittle client/API user-ID equality and actor-agnostic cache behavior.","Removed the false statement that coaches can manage every member.","Member; Change role; Assign squads; Remove member; Ban member.","Compiled source behavior passed; native interaction remains blocked ENV-009.","Controls remain scoped to club football squads and memberships.","Existing management surfaces retained; only authority and denied copy changed.","All actions keep visible outcome labels; native VoiceOver remains unverified ENV-009.",fixed,high,reviews/ios-native-audit/runtime/2026-08-03/member-management-authority/verification.md,"The API membership ID uses canonical usr_* form while the app account may use a local ID, hiding valid manager controls. The old screen cache could also preserve a prior actor's management state.","fix(club): derive member management authority","root typecheck; test compile; 1 focused frontend contract; focused eslint; seed Fastify 2/2; native pending ENV-009.","No production or staging club member squad database Supabase or Sentry state changed."
ROUTE-049,CLUB-DETAIL-AUTHORITY,Club detail membership actions and authority,"owner; admin; head coach; coach; assistant; member; account switch",app/club/[id].tsx,Club detail,"loading; error; empty; member; event staff; manager; peer target; owner target; account switch",iPhone 16 Pro,local development audit,My Clubs or direct club route,"signed-in active club member or staff; local API contract",1,"viewer membership mapping; event-only staff; removable target; peer or owner target; blank profile name",Open a club and inspect post event and member actions,"The viewer membership resolves from the server response. Event staff sees Create Event even without posting authority. A manager sees removal only for lower-ranked non-owner targets and a blank profile name never blocks a valid API mutation.","Club detail takes the returned viewer membership for its club; event creation uses active club-staff policy; row actions use the same hierarchy as Fastify; removal falls back to Club manager only for legacy mock metadata.","GET /v1/clubs; GET /v1/clubs/:clubId/members; GET /v1/clubs/:clubId/schedule; PATCH /v1/clubs/:clubId/members/:userId/role; DELETE /v1/clubs/:clubId/members/:userId; POST /v1/clubs/:clubId/members/:userId/ban; PUT/DELETE /v1/clubs/:clubId/squads/:squadId/members/:userId","Seed Fastify allowed manager mutations and denied low-rank or peer attempts; frontend source contracts passed.",,"Club; ClubMembership; ClubEvent; ClubFeedPost; SquadMembership; AuditEvent","Isolated seed mutations only; no external data used.","API authorization passed; direct Supabase RLS unavailable ENV-003.","club_member.role.update; club_member.remove; club_member.ban; club_squad_member.add; club_squad_member.remove success and deny paths asserted.",ENV-004,"Sentry issue read unavailable; no synthetic event sent.","owner; admin; head coach; coach; assistant; member; account switch","Actors get only real controls: post permission for New Post event-staff permission for Create Event and rank-scoped removal. Members retain view-only club access.",passed,passed,"Removed ID-shape comparison peer-removal long press and profile-name gate.","Removed vague manage wording and avoided a generic staff-role promise.","New Post; Create Event; Tap to view; long press to remove.","Compiled source behavior passed; native interaction remains blocked ENV-009.","Actions and membership remain scoped to the selected football club and squads.","Existing club detail hierarchy retained; one or two truthful primary actions share the existing row.","All actions retain visible text and labels; native VoiceOver remains unverified ENV-009.",fixed,high,reviews/ios-native-audit/runtime/2026-08-03/club-detail-authority/verification.md,"The API viewer membership can use canonical usr_* identity while the app account can use a local ID so a valid manager lost controls. The member list offered removals the backend would deny and Create Event was incorrectly tied to post permission.","fix(club): align detail actions with authority","root typecheck; test compile; 4 focused frontend contracts; focused eslint; seed Fastify 2/2; native pending ENV-009. Existing club-detail-api-boundary has one user-worktree source-shape assertion failure in services/social-feed-service.ts.","No production or staging club member event squad database Supabase or Sentry state changed."
ROUTE-050,CLUB-ACTIVITY-REDIRECT-AUTHORITY,Club activity redirect authority,"club member; privileged admin; private-club non-member; account switch",app/club/[id]/activity/[activityId].tsx,Opening Activity,"invalid link; loading; error; event; group session; match; account switch",iPhone 16 Pro,local development audit,Club calendar or direct activity link,"signed-in club member; isolated seed Fastify API contract",1,"event source; group-session source; match source; private-club non-member; stale activity; account switch",Open a club activity redirect,"Only a current authorised club member may resolve an activity. The route must wait for that actor's response before handing off to the typed destination.","The screen cache and reload dependency now include actor club and activity, and the redirect waits for a truthful frame. Seed Fastify resolves event session and match sources, denies a private-club non-member, and returns 404 for a stale ID.",GET /v1/clubs/:clubId/schedule/:activityId,"Seed Fastify: 3 authorised source types 200; private non-member 403; stale ID 404.",,"Club; ClubMembership; ClubEvent; GroupSession; Match","Isolated seed reads only; no external data used.","API membership boundary passed; direct Supabase RLS unavailable ENV-003.","No schedule-read audit event is currently emitted; destination routes retain their own authorization boundaries.",ENV-004,"Sentry issue read unavailable; no synthetic event sent.","club member; privileged admin; private-club non-member; account switch","Authorised current actors redirect to the correct typed detail route. A new actor cannot reuse a previous actor's activity frame; a private-club non-member is denied.",passed,passed,"Removed actor-agnostic warm redirect state.","Removed no product UI; this is a route hand-off.",Opening Activity,"Compiled source behavior passed; native interaction remains blocked ENV-009.","Redirect types remain event group session and match within the selected football club.","Existing centered loading/error hand-off retained.","Back action has a visible label; native VoiceOver remains unverified ENV-009.",fixed,high,reviews/ios-native-audit/runtime/2026-08-03/club-activity-route-authority/verification.md,"Prior actor schedule state could redirect a later account because the route did not key or reload its state by viewer identity.","fix(club): isolate activity redirects by actor","root typecheck; test compile; 1 focused frontend contract; focused eslint; seed Fastify 5/5; native pending ENV-009.","No production or staging club database Supabase or Sentry state changed."
ROUTE-051,CLUB-SCHEDULE-AUTHORITY,Club schedule authority and truthful controls,"owner; admin; head coach; coach; assistant; member; privileged admin; private-club non-member; account switch",app/club/[id]/schedule.tsx,Club Schedule,"loading; error; empty; filter; event staff; session-capable staff; member; private-club non-member; account switch",iPhone 16 Pro,local development audit,Club detail or direct schedule route,"signed-in club actor; isolated seed Fastify API contract",1,"event; training; match; active staff; assistant; member; privileged admin; private-club non-member; account switch",Open a club schedule and inspect create controls,"Only the requested actor's schedule frame may render. Training follows session capability; event and match follow active-staff or privileged authority; members and non-members get no false create control.","The state key now includes actor club and squad. Returned viewer membership is selected by club without incompatible ID comparison. Event and match controls are separated from the training capability and follow Fastify's staff/admin capability.","GET /v1/clubs/:clubId/schedule; GET /v1/clubs; POST /v1/clubs/:clubId/events; POST /v1/clubs/:clubId/matches","Seed Fastify: active member 200; event/session/match projection passed; private non-member 403; privileged admin 200; event and match writes plus capability/audits passed.",,"Club; ClubMembership; ClubEvent; GroupSession; Match; AuditEvent","Isolated seed reads and test-only writes; no external data used.","API authorization passed; direct Supabase RLS unavailable ENV-003.","No schedule-read audit event is currently emitted. Event and match write audit behavior was asserted in seed tests.",ENV-004,"Sentry issue read unavailable; no synthetic event sent.","owner; admin; head coach; coach; assistant; member; privileged admin; private-club non-member; account switch","Staff sees only the corresponding create controls; members see no false actions; a new actor cannot reuse the former actor's schedule frame; Fastify denies a private-club non-member.",passed,passed,"Removed actor-agnostic schedule state and the redundant canonical-ID comparison.","Removed the one-size-fits-all create gate; no new visual surface added.","Create event; Create training; Create match.","Compiled source behavior passed; native interaction remains blocked ENV-009.","Schedule projects club events group sessions and matches for the selected football club or squad.","Existing compact schedule header and filter rail retained.","Icon actions retain explicit accessibility labels; native VoiceOver remains unverified ENV-009.",fixed,high,reviews/ios-native-audit/runtime/2026-08-03/club-schedule-authority/verification.md,"The client could retain a previous actor's schedule and used training permission as an all-or-nothing gate for event and match creation. API membership-ID shape could also hide valid controls.","fix(club): align schedule controls with authority","root typecheck; test compile; 3 focused frontend contracts; focused eslint; seed Fastify 8/8; native pending ENV-009. Existing create-match-api-boundary has one stale unrelated source-shape assertion.","No production or staging club event match database Supabase or Sentry state changed."
ROUTE-052,CLUB-CREATE-AUTHORITY,Club creation authority and lean setup,"signed-in account; created owner; first-staff invitee; prospective member",app/club/create.tsx,Create Club,"draft; field validation; signed-out; submitting; API rejection; success",iPhone 16 Pro,local development audit,My Clubs or direct create route,"local form state; isolated seed Fastify API",1,"valid submit; invalid name/city; blank country; signed-out; first-staff role",Enter club details then choose a commercial model and optional first staff invite,"Creation must be outcome-led and only an authenticated actor may receive a new owned club plus the requested invite setup.","The screen now contains only club details commercial model and first-staff setup. City gives a focused validation error; signed-out submit reports an error; blank country falls back to UK; the badge limit is structurally preserved.",POST /v1/clubs,"Seed Fastify returned 201 and asserted the club owner membership primary member invite optional coach invite and club.create success audit.",,"Club; ClubMembership; ClubInvite; AuditEvent","Isolated seed creation and test-only reads; no external state used.","API authorization passed; direct Supabase RLS unavailable ENV-003.","Seed test asserted one club.create SUCCESS. The Fastify route records DENY or ERROR on rejected creation, but creation denial was not invoked here.",ENV-004,"Sentry issue/event read unavailable; no synthetic event sent.","signed-in account; created owner; first-staff invitee; prospective member","The requester receives only its own new owner membership; staff and member access begins through the returned invite paths.",passed,passed,"Deleted the motivational hero fake preview and generic feature checklist.","Deleted template-style onboarding and feature-list copy; retained only operational setup choices.","Club; Commercial model; First staff invite; Create Club.","Compiled source and isolated API contract passed; native interaction remains blocked ENV-009.","Creates a football club with an owner and optional staff delivery role.","Existing type scale theme and compact choice cards retained.","Text inputs now have accessibility labels; city error is visible after validation; native VoiceOver remains unverified ENV-009.",fixed,high,reviews/ios-native-audit/runtime/2026-08-03/club-create-authority/verification.md,"Creation mixed authority-bearing fields with non-functional generated-onboarding UI and had incomplete city feedback silent signed-out behavior and a generic input max-length override.",fix(club): simplify creation setup,"test compile; focused creation contract; focused eslint; root typecheck; seed Fastify 1/1; native pending ENV-009.","No production or staging club database Supabase or Sentry state changed."
ROUTE-053,coach_club_invite_members,Coach opens club invite members,coach,app/club/invite-members.tsx,app/club/invite-members.tsx,responsive route load and configured non-mutating assertions,iPhone 16 Pro responsive browser viewport,local Expo web bundle backed by staging API,/club/invite-members,Authenticated seeded role account and linked staging dataset,1,coach_club_invite_members,Navigate directly and execute the flow runner assertions without submitting a product mutation,Resolve the intended route without a failed request runtime exception shared error state nested button horizontal overflow or product-text finding,1/1 mapped flows returned status ok and severity none at 390px,Browser-observed role-scoped route requests,No failed request detected; exact endpoint-by-endpoint reconciliation remains a separate audit gap,,,No database mutation executed by this route-load regression,Not directly exercised in this route-load regression,Not reconciled in this route-load regression,,Sentry API unavailable; runner detected no runtime exception or console error classified as high or medium,coach,coach mapped route flow passed,automated route pass; manual visual corpus tracked separately,configured actions passed where present; otherwise route-load only,no automated high or medium finding,0 product-text findings,0 product-text findings,Shared React Native surface passed responsive runtime; native interaction remains blocked by host DevToolsSecurity,football product route,390px viewport with 0 horizontal overflow,0 nested buttons; native semantic tree and VoiceOver remain unverified,passed,,reviews/ios-native-audit/runtime/2026-07-31/report.merged.json,,chore(audit): reconcile responsive route evidence,1/1 fresh mapped flows passed on 2026-07-31,Non-destructive responsive route evidence only; exact API request IDs database RLS audit-event and native checks remain explicit separate gaps
ROUTE-054,UI-020,Club-admin managed clubs first and invite validation,club admin,app/club/my-clubs.tsx,app/club/my-clubs.tsx,populated route and client-side invite validation,iPhone 16 Pro responsive browser viewport,local Expo web bundle backed by staging API,/club/my-clubs after governed tab redirect,Active club-admin membership with managed and followed clubs,1,populated clubs and non-mutating invite validation,Open My Clubs then inspect order and exercise blank invalid and long-link input states without submitting,Managed clubs appear first and secondary join/create controls remain accessible,Managed and followed clubs rendered before join/create; validation and long-link states passed,/v1/clubs,GET 200; no join/create mutation sent,req_1b68f079-0a17-4344-9b59-3c8d3dafc820,Club ClubMembership,No database mutation,Read stayed behind backend club authority,No new event expected for presentation or client validation,,Sentry API unavailable; live flow had zero console errors,club admin coach parent athlete,Club-admin live route passed; shared controls retained,passed,passed,passed after fix,passed after fix,passed after fix,Shared React Native surface passed responsive runtime; native interaction remains blocked by host DevToolsSecurity,football club management and invite-code context,passed,Input and buttons labelled; disabled Join keeps button state; icon-only Close labelled,passed,,reviews/ios-native-audit/screenshots/058-club-admin-clubs-first-after.png | reviews/ios-native-audit/screenshots/059-club-admin-join-validation-after.png,,9ead2284,live club-admin route and validation states passed,No staging mutation executed; native semantic interaction remains separately blocked
ROUTE-055,coach_club_settings,Coach opens club settings,coach,app/club/settings.tsx,app/club/settings.tsx,responsive route load and configured non-mutating assertions,iPhone 16 Pro responsive browser viewport,local Expo web bundle backed by staging API,/club/settings,Authenticated seeded role account and linked staging dataset,1,coach_club_settings,Navigate directly and execute the flow runner assertions without submitting a product mutation,Resolve the intended route without a failed request runtime exception shared error state nested button horizontal overflow or product-text finding,1/1 mapped flows returned status ok and severity none at 390px,Browser-observed role-scoped route requests,No failed request detected; exact endpoint-by-endpoint reconciliation remains a separate audit gap,,,No database mutation executed by this route-load regression,Not directly exercised in this route-load regression,Not reconciled in this route-load regression,,Sentry API unavailable; runner detected no runtime exception or console error classified as high or medium,coach,coach mapped route flow passed,automated route pass; manual visual corpus tracked separately,configured actions passed where present; otherwise route-load only,no automated high or medium finding,0 product-text findings,0 product-text findings,Shared React Native surface passed responsive runtime; native interaction remains blocked by host DevToolsSecurity,football product route,390px viewport with 0 horizontal overflow,0 nested buttons; native semantic tree and VoiceOver remain unverified,passed,,reviews/ios-native-audit/runtime/2026-07-31/report.merged.json,,chore(audit): reconcile responsive route evidence,1/1 fresh mapped flows passed on 2026-07-31,Non-destructive responsive route evidence only; exact API request IDs database RLS audit-event and native checks remain explicit separate gaps
ROUTE-056,ROUTE-INVENTORY,Reachable route coverage,to classify,app/club/setup-complete.tsx,app/club/setup-complete.tsx,inventory,,staging,,,,,,,,,,,,,,,,,,,,,,,,,,,,pending,,,,,pending,Discovered from executable Expo Router tree; runtime coverage pending
ROUTE-057,coach_squad_detail | coach_add_member_to_squad,Coach opens squad detail | Coach opens add-member panel inside squad,coach,app/club/squad/[id].tsx,app/club/squad/[id].tsx,responsive route load and configured non-mutating assertions,iPhone 16 Pro responsive browser viewport,local Expo web bundle backed by staging API,/club/squad/sqd_9640510a-e7cb-7575-a2a7-649ac28b5ee2,Authenticated seeded role account and linked staging dataset,1,coach_squad_detail | coach_add_member_to_squad,Navigate directly and execute the flow runner assertions without submitting a product mutation,Resolve the intended route without a failed request runtime exception shared error state nested button horizontal overflow or product-text finding,2/2 mapped flows returned status ok and severity none at 390px,Browser-observed role-scoped route requests,No failed request detected; exact endpoint-by-endpoint reconciliation remains a separate audit gap,,,No database mutation executed by this route-load regression,Not directly exercised in this route-load regression,Not reconciled in this route-load regression,,Sentry API unavailable; runner detected no runtime exception or console error classified as high or medium,coach,coach mapped route flow passed,automated route pass; manual visual corpus tracked separately,configured actions passed where present; otherwise route-load only,no automated high or medium finding,0 product-text findings,0 product-text findings,Shared React Native surface passed responsive runtime; native interaction remains blocked by host DevToolsSecurity,football product route,390px viewport with 0 horizontal overflow,0 nested buttons; native semantic tree and VoiceOver remain unverified,passed,,reviews/ios-native-audit/runtime/2026-07-31/report.merged.json,,chore(audit): reconcile responsive route evidence,2/2 fresh mapped flows passed on 2026-07-31,Non-destructive responsive route evidence only; exact API request IDs database RLS audit-event and native checks remain explicit separate gaps
ROUTE-058,ROUTE-INVENTORY,Reachable route coverage,to classify,app/club/squad/[id]/schedule.tsx,app/club/squad/[id]/schedule.tsx,inventory,,staging,,,,,,,,,,,,,,,,,,,,,,,,,,,,pending,,,,,pending,Discovered from executable Expo Router tree; runtime coverage pending
ROUTE-059,admin_squad_create_ready | admin_squad_create_interactions | coach_squad_create_denied | parent_squad_create_denied | guardian_squad_create_denied | athlete_squad_create_denied,Role-aware create squad flow,club admin; coach; parent; guardian; athlete,app/club/squad/create.tsx,New squad,loading; ready; denied; API failure recovery,iPhone 16 Pro responsive browser viewport,local Expo web backed by staging reads and intercepted POST,Club management action or direct protected route,Authenticated seeded roles and live club membership authority,1,authorized admin and denied non-manager roles,Load context; inspect controls; enter name; choose age and level; reject POST; replay denied roles,Only manager-capable club staff see the form; failed submit stays actionable; other roles see no controls,Admin ready and recovery flows passed; coach parent guardian and athlete failed closed before the form,GET /v1/clubs | intercepted POST /v1/clubs/:clubId/squads,Club authority read succeeded; deliberate 503 was fulfilled locally; no staging write,"",Club | ClubMembership | Squad | AuditEvent,No staging mutation; isolated API persistence proof passed,Current Squad and AuditEvent posture verified in SEC-008,Isolated permission and validation denials audited; intercepted UI write produced no API event,"",Sentry issue reads blocked by HTTP 403; accepted flows had no unexpected finding,club admin; coach; parent; guardian; athlete,Admin 2/2; each denied role 1/1,passed,passed,meeting location focus tags preview and duplicate footer removed,no fake completeness decorative preview or unsupported specificity,passed,Shared React Native route; deterministic native runner remains blocked by DevToolsSecurity,club squad name age group and development level,Ready denied and recovery screenshots manually accepted; no overflow,Named close input radio and create controls; checked disabled and busy states exposed,fixed,critical,reviews/ios-native-audit/runtime/2026-08-01/create-squad-audit-final-2/report.json | app/club/squad/create.tsx | hooks/use-create-squad.ts,Direct entry exposed a fake form to ordinary coaches and members while location and focus choices were silently discarded,fix(squad): harden squad creation,6/6 strict responsive flows; zero high or medium findings,No production or staging squad mutation was sent. Native VoiceOver proof remains blocked by ENV-006.
UI-037,CREATE-SQUAD-SIMPLIFICATION,Lean truthful squad creator,authorized club managers,/club/squad/create,New squad,ready and rejected submit,iPhone 16 Pro responsive browser viewport,local Expo web with live club read and intercepted mutation,Club team management,Active manager-capable membership,1,one supported creation intent,Inspect hierarchy copy controls selections and error recovery,One clear create action with only persisted fields,Club context name age group and level remain; the failure banner preserves the completed form,GET /v1/clubs | intercepted POST /v1/clubs/:clubId/squads,Read succeeded; intentional 503 restored Create,"",Club | ClubMembership | Squad,No staging mutation,Fastify remains authoritative,No event expected for intercepted POST,"",Sentry reads blocked; no unexpected runtime finding,owner admin head coach,Seeded club admin passed both flows,passed,passed,removed meeting location focus areas preview icons and duplicate submit surface,removed speculative fields and fake preview card,New squad; Name; Age group; Level; Create,Shared React Native surface,football squad age bands and pathway levels,manual screenshots accepted in ready selected failure and denied states,44px close target; labelled input radios and create control; state flags present,fixed,high,app/club/squad/create.tsx | reviews/ios-native-audit/runtime/2026-08-01/create-squad-audit-final-2/admin__admin_squad_create_ready.png | reviews/ios-native-audit/runtime/2026-08-01/create-squad-audit-final-2/admin__admin_squad_create_interactions.png,The screen looked generated and collected location and focus data that the backend never stored,fix(squad): harden squad creation,Admin ready and failure-recovery flows passed with severity none,Ponytail narrowed the flow to the actual Squad model.
API-008,SQUAD-CREATE-AUTHORITY,Governed squad creation and strict payload contract,club managers; ordinary members,POST /v1/clubs/:clubId/squads,Fastify squad authority,authorized create; permission denial; validation denial,isolated Fastify seed process,NODE_ENV=test API_DATA_BACKEND=seed,Squad service,Seeded manager ordinary member and club,1,success and pre-persistence denials,Create supported squad; attempt ordinary-member write; submit unsupported meetingLocation,Only authorized staff persist supported fields; invalid surplus fields fail and are audited without raw values,Permission returned 403; surplus field returned 400 with unchanged count; valid create returned 201 and stored name plus level,POST /v1/clubs/:clubId/squads,Selected governed integration passed 1/1,"",Squad | ClubMembership | AuditEvent,Denied count unchanged; valid fixture row stored U13 Pathway and U13 · Foundation,Repository is reachable only behind Fastify authority,club_squad.create SUCCESS plus permission and VALIDATION_FAILED DENY events; raw rejected location absent,"",Not applicable to isolated process,owner admin head coach coach assistant member,Governance capability required; ordinary membership denied,passed,passed,unsupported fields removed from service request type,not applicable,passed,Existing service boundary retained,club squad authority,not applicable,Client submission mutex prevents duplicate activation,fixed,critical,apps/api/src/modules/coach-club/routes.ts | apps/api/src/modules/coach-club/routes.test.ts | services/squad-service.ts | __tests__/hooks/create-squad-api-boundary.test.ts,The API silently accepted arbitrary surplus fields and schema failures were outside the create audit boundary,fix(squad): harden squad creation,Selected Fastify integration passed; app boundary and service tests 10/10; app and API typechecks passed,Validation audit metadata records only the safe error code.
QA-013,CREATE-SQUAD-NONDESTRUCTIVE-INTERACTIONS,Squad creation cross-role and failure proof,admin; coach; parent; guardian; athlete,scripts/ui-flow-checks-50.mjs | /club/squad/create,Create squad audit profile,clean; selections; injected 503; four denied roles,iPhone 16 Pro responsive browser viewport,local Expo web with staging reads and intercepted POST,Direct protected route,All five role preflights passed,1,authorized and denied role outcomes,Assert removed fields; fill name; select radios; reject POST; inspect each denied role,Six declared flows pass without a database mutation or undeclared finding,6/6 passed with zero high zero medium zero overflow and zero nested controls,intercepted POST /v1/clubs/:clubId/squads,503 fulfilled locally and exactly reconciled,"",Club | ClubMembership | Squad,No staging mutation,Unauthorized roles fail before controls,No API audit expected because the mutation was intercepted,"",Issue reads blocked by HTTP 403; runner found no unexpected error,admin; coach; parent; guardian; athlete,Admin 2/2; coach parent guardian athlete each 1/1,not applicable,passed,absence assertions passed,absence assertions passed,passed,Responsive harness; native semantic runner blocked,squad management flow,ready failure and denial screenshots retained,Named input radio close and create controls exercised,fixed,high,scripts/ui-flow-checks-50.mjs | reviews/ios-native-audit/runtime/2026-08-01/create-squad-audit-final-2/report.json,The previous route-load-only coach test treated an unauthorized form as success and exercised no control,fix(squad): harden squad creation,Strict fail-on-medium profile passed 6/6,Intentional 503 logger output is explicitly reconciled only inside the failure flow.
SEC-008,SQUAD-RLS-AUTHORITY,Squad and audit-event staging database posture,system,Supabase Postgres catalog | Squad | AuditEvent,Database authority,57 migrations applied; current RLS grants and policies inspected,read-only staging catalog,staging database,npm run audit:db:stage plus focused Prisma catalog query,Staging DATABASE_URL; never production,1,current object authority,Inspect relation RLS direct grants policies principal and migration state without changing data,Squad and AuditEvent remain unavailable to Data API client roles,RLS enabled on both; anon authenticated and PUBLIC have no grants; zero policies; service_role warning remains,Postgres catalog,Read-only query completed; global preflight remains blocked by SEC-004,"",_prisma_migrations | Squad | AuditEvent,No row mutation,Enabled and not forced; direct client DML absent; zero policies,No product audit expected for catalog reads,"",not applicable,all roles,Client roles cannot directly access current Squad or AuditEvent objects,passed for current objects; SEC-004 remains open,requires privileged global default-grant fix,not applicable,not applicable,not applicable,not applicable,protects club squad membership and its audit trail,not applicable,not applicable,fixed,critical,reviews/ios-native-audit/runtime/2026-08-01/create-squad-audit-final-2/db-squad-authority.md | scripts/db-staging-preflight.js | reviews/ios-native-audit/coverage.csv,No current-object exposure found; existing supabase_admin future defaults still block release approval,fix(squad): harden squad creation,57/57 migrations; focused Squad and AuditEvent catalog checks passed read-only,Supabase MCP unavailable under ENV-003. service_role remains trusted direct authority and must never be bundled.
ROUTE-060,ROUTE-INVENTORY,Reachable route coverage,to classify,app/club/training-schedule.tsx,app/club/training-schedule.tsx,inventory,,staging,,,,,,,,,,,,,,,,,,,,,,,,,,,,pending,,,,,pending,Discovered from executable Expo Router tree; runtime coverage pending
ROUTE-061,ROUTE-INVENTORY,Reachable route coverage,to classify,app/coach-invites.tsx,app/coach-invites.tsx,inventory,,staging,,,,,,,,,,,,,,,,,,,,,,,,,,,,pending,,,,,pending,Discovered from executable Expo Router tree; runtime coverage pending
ROUTE-062,ROUTE-INVENTORY,Reachable route coverage,to classify,app/coach/[coachId]/public.tsx,app/coach/[coachId]/public.tsx,inventory,,staging,,,,,,,,,,,,,,,,,,,,,,,,,,,,pending,,,,,pending,Discovered from executable Expo Router tree; runtime coverage pending
ROUTE-063,ROUTE-INVENTORY,Reachable route coverage,to classify,app/coach/[id].tsx,app/coach/[id].tsx,inventory,,staging,,,,,,,,,,,,,,,,,,,,,,,,,,,,pending,,,,,pending,Discovered from executable Expo Router tree; runtime coverage pending
ROUTE-064,ROUTE-INVENTORY,Reachable route coverage,to classify,app/coach/invite.tsx,app/coach/invite.tsx,inventory,,staging,,,,,,,,,,,,,,,,,,,,,,,,,,,,pending,,,,,pending,Discovered from executable Expo Router tree; runtime coverage pending
ROUTE-065,ROUTE-INVENTORY,Reachable route coverage,to classify,app/community/[groupId].tsx,app/community/[groupId].tsx,inventory,,staging,,,,,,,,,,,,,,,,,,,,,,,,,,,,pending,,,,,pending,Discovered from executable Expo Router tree; runtime coverage pending
ROUTE-066,athlete_development_detail,Athlete opens development detail,athlete,app/development/athlete/[athleteId]/index.tsx,app/development/athlete/[athleteId]/index.tsx,responsive route load and configured non-mutating assertions,iPhone 16 Pro responsive browser viewport,local Expo web bundle backed by staging API,/development/athlete/ath_7df7ec13-e136-7525-985f-dec069fc983f,Authenticated seeded role account and linked staging dataset,1,athlete_development_detail,Navigate directly and execute the flow runner assertions without submitting a product mutation,Resolve the intended route without a failed request runtime exception shared error state nested button horizontal overflow or product-text finding,1/1 mapped flows returned status ok and severity none at 390px,Browser-observed role-scoped route requests,No failed request detected; exact endpoint-by-endpoint reconciliation remains a separate audit gap,,,No database mutation executed by this route-load regression,Not directly exercised in this route-load regression,Not reconciled in this route-load regression,,Sentry API unavailable; runner detected no runtime exception or console error classified as high or medium,athlete,athlete mapped route flow passed,automated route pass; manual visual corpus tracked separately,configured actions passed where present; otherwise route-load only,no automated high or medium finding,0 product-text findings,0 product-text findings,Shared React Native surface passed responsive runtime; native interaction remains blocked by host DevToolsSecurity,football product route,390px viewport with 0 horizontal overflow,0 nested buttons; native semantic tree and VoiceOver remain unverified,passed,,reviews/ios-native-audit/runtime/2026-07-31/report.merged.json,,chore(audit): reconcile responsive route evidence,1/1 fresh mapped flows passed on 2026-07-31,Non-destructive responsive route evidence only; exact API request IDs database RLS audit-event and native checks remain explicit separate gaps
ROUTE-067,ATHLETE-SPECIAL-NEEDS-AUTHORITY,Needs and notes with coach observations,assigned coach; parent; athlete; privileged admin; unrelated coach,app/development/athlete/[athleteId]/special-needs.tsx,app/development/athlete/[athleteId]/special-needs.tsx,loading; denied; profile; observation ownership; account change,iPhone 16 Pro route contract; local Fastify seed API,local development audit,/development/athlete/:athleteId/special-needs,assigned coach and athlete; parent link; foreign coach; isolated seed data,1,read; own observation action; foreign observation denial; account switch,Load needs then change actor or manage an observation,No prior actor observation or modal survives; only author gets edit and remove,Actor-keyed subtree remounts; nonowner controls hidden; new observations private,GET/POST /v1/athletes/:athleteId/coach-observations; PATCH/DELETE /v1/coach-observations/:id,Seed Fastify passed assigned lifecycle; guardian read and foreign update returned 403,,SessionNote; AuditEvent,Isolated seed observation soft-removed; no external mutation,API authz passed; direct Supabase RLS unavailable ENV-003,coach_observation read create update remove success and deny asserted,ENV-004,Sentry read unavailable; no synthetic event sent,assigned coach; parent; athlete; privileged admin; unrelated coach,Assigned coach manages own notes; guardian and foreign coach are denied,Needs and notes separates family profile from coach observations,Add edit and remove appear only where the API can complete them,Removed unsupported sharing and privacy switch,No generic AI copy added,Needs & notes; Coach observations; Add Observation,Compiled route contract and seed API proof passed; native interaction blocked ENV-009,football support context for an athlete,Existing concise section hierarchy retained,Visible actions are labelled; native VoiceOver pending ENV-009,passed,high,reviews/ios-native-audit/runtime/2026-08-03/special-needs-observation-identity/verification.md,Observation state was not account scoped; nonowners saw dead controls; privacy switch implied missing sharing,fix(health): scope coach observations by account,Root typecheck; compiled client authority 6/6; Fastify assigned-coach test passed; native pending ENV-009,No production or staging data; Supabase RLS and Sentry state unchanged
ROUTE-068,parent_child_progress,Parent opens child progress,parent,app/development/child-progress/[childId].tsx,app/development/child-progress/[childId].tsx,responsive route load and configured non-mutating assertions,iPhone 16 Pro responsive browser viewport,local Expo web bundle backed by staging API,/development/child-progress/ath_7df7ec13-e136-7525-985f-dec069fc983f,Authenticated seeded role account and linked staging dataset,1,parent_child_progress,Navigate directly and execute the flow runner assertions without submitting a product mutation,Resolve the intended route without a failed request runtime exception shared error state nested button horizontal overflow or product-text finding,1/1 mapped flows returned status ok and severity none at 390px,Browser-observed role-scoped route requests,No failed request detected; exact endpoint-by-endpoint reconciliation remains a separate audit gap,,,No database mutation executed by this route-load regression,Not directly exercised in this route-load regression,Not reconciled in this route-load regression,,Sentry API unavailable; runner detected no runtime exception or console error classified as high or medium,parent,parent mapped route flow passed,automated route pass; manual visual corpus tracked separately,configured actions passed where present; otherwise route-load only,no automated high or medium finding,0 product-text findings,0 product-text findings,Shared React Native surface passed responsive runtime; native interaction remains blocked by host DevToolsSecurity,football product route,390px viewport with 0 horizontal overflow,0 nested buttons; native semantic tree and VoiceOver remain unverified,passed,,reviews/ios-native-audit/runtime/2026-07-31/report.merged.json,,chore(audit): reconcile responsive route evidence,1/1 fresh mapped flows passed on 2026-07-31,Non-destructive responsive route evidence only; exact API request IDs database RLS audit-event and native checks remain explicit separate gaps
ROUTE-069,ROUTE-INVENTORY,Reachable route coverage,to classify,app/development/media-gallery.tsx,app/development/media-gallery.tsx,inventory,,staging,,,,,,,,,,,,,,,,,,,,,,,,,,,,pending,,,,,pending,Discovered from executable Expo Router tree; runtime coverage pending
ROUTE-070,coach_progress | parent_progress | athlete_progress,Coach opens development progress | Parent opens my progress | Athlete opens my progress,coach parent athlete,app/development/my-progress.tsx,app/development/my-progress.tsx,responsive route load and configured non-mutating assertions,iPhone 16 Pro responsive browser viewport,local Expo web bundle backed by staging API,/development/my-progress,Authenticated seeded role account and linked staging dataset,1,coach_progress | parent_progress | athlete_progress,Navigate directly and execute the flow runner assertions without submitting a product mutation,Resolve the intended route without a failed request runtime exception shared error state nested button horizontal overflow or product-text finding,3/3 mapped flows returned status ok and severity none at 390px,Browser-observed role-scoped route requests,No failed request detected; exact endpoint-by-endpoint reconciliation remains a separate audit gap,,,No database mutation executed by this route-load regression,Not directly exercised in this route-load regression,Not reconciled in this route-load regression,,Sentry API unavailable; runner detected no runtime exception or console error classified as high or medium,coach parent athlete,"coach, parent, athlete mapped route flows passed",automated route pass; manual visual corpus tracked separately,configured actions passed where present; otherwise route-load only,no automated high or medium finding,0 product-text findings,0 product-text findings,Shared React Native surface passed responsive runtime; native interaction remains blocked by host DevToolsSecurity,football product route,390px viewport with 0 horizontal overflow,0 nested buttons; native semantic tree and VoiceOver remain unverified,passed,,reviews/ios-native-audit/runtime/2026-07-31/report.merged.json,,chore(audit): reconcile responsive route evidence,3/3 fresh mapped flows passed on 2026-07-31,Non-destructive responsive route evidence only; exact API request IDs database RLS audit-event and native checks remain explicit separate gaps
ROUTE-071,ROUTE-INVENTORY,Reachable route coverage,to classify,app/development/progress-loop.tsx,app/development/progress-loop.tsx,inventory,,staging,,,,,,,,,,,,,,,,,,,,,,,,,,,,pending,,,,,pending,Discovered from executable Expo Router tree; runtime coverage pending
ROUTE-072,ROUTE-INVENTORY,Reachable route coverage,to classify,app/development/session-history.tsx,app/development/session-history.tsx,inventory,,staging,,,,,,,,,,,,,,,,,,,,,,,,,,,,pending,,,,,pending,Discovered from executable Expo Router tree; runtime coverage pending
ROUTE-073,ROUTE-INVENTORY,Reachable route coverage,to classify,app/development/session/[sessionId].tsx,app/development/session/[sessionId].tsx,inventory,,staging,,,,,,,,,,,,,,,,,,,,,,,,,,,,pending,,,,,pending,Discovered from executable Expo Router tree; runtime coverage pending
ROUTE-074,coach_discover_sessions | parent_discover_sessions | athlete_discover_sessions,Coach opens discover sessions | Parent opens discover sessions | Athlete opens discover sessions,coach parent athlete,app/discover-sessions.tsx,app/discover-sessions.tsx,responsive route load and configured non-mutating assertions,iPhone 16 Pro responsive browser viewport,local Expo web bundle backed by staging API,/discover-sessions,Authenticated seeded role account and linked staging dataset,1,coach_discover_sessions | parent_discover_sessions | athlete_discover_sessions,Navigate directly and execute the flow runner assertions without submitting a product mutation,Resolve the intended route without a failed request runtime exception shared error state nested button horizontal overflow or product-text finding,3/3 mapped flows returned status ok and severity none at 390px,Browser-observed role-scoped route requests,No failed request detected; exact endpoint-by-endpoint reconciliation remains a separate audit gap,,,No database mutation executed by this route-load regression,Not directly exercised in this route-load regression,Not reconciled in this route-load regression,,Sentry API unavailable; runner detected no runtime exception or console error classified as high or medium,coach parent athlete,"coach, parent, athlete mapped route flows passed",automated route pass; manual visual corpus tracked separately,configured actions passed where present; otherwise route-load only,no automated high or medium finding,0 product-text findings,0 product-text findings,Shared React Native surface passed responsive runtime; native interaction remains blocked by host DevToolsSecurity,football product route,390px viewport with 0 horizontal overflow,0 nested buttons; native semantic tree and VoiceOver remain unverified,passed,,reviews/ios-native-audit/runtime/2026-07-31/report.merged.json,,chore(audit): reconcile responsive route evidence,3/3 fresh mapped flows passed on 2026-07-31,Non-destructive responsive route evidence only; exact API request IDs database RLS audit-event and native checks remain explicit separate gaps
ROUTE-075,ROUTE-INVENTORY,Reachable route coverage,to classify,app/discover/map.tsx,app/discover/map.tsx,inventory,,staging,,,,,,,,,,,,,,,,,,,,,,,,,,,,pending,,,,,pending,Discovered from executable Expo Router tree; runtime coverage pending
ROUTE-076,coach_earnings | coach_earnings_payment_instructions,Coach opens earnings | Coach can open direct payment instructions,coach,app/earnings.tsx,app/earnings.tsx,responsive route load and configured non-mutating assertions,iPhone 16 Pro responsive browser viewport,local Expo web bundle backed by staging API,/earnings,Authenticated seeded role account and linked staging dataset,1,coach_earnings | coach_earnings_payment_instructions,Navigate directly and execute the flow runner assertions without submitting a product mutation,Resolve the intended route without a failed request runtime exception shared error state nested button horizontal overflow or product-text finding,2/2 mapped flows returned status ok and severity none at 390px,Browser-observed role-scoped route requests,No failed request detected; exact endpoint-by-endpoint reconciliation remains a separate audit gap,,,No database mutation executed by this route-load regression,Not directly exercised in this route-load regression,Not reconciled in this route-load regression,,Sentry API unavailable; runner detected no runtime exception or console error classified as high or medium,coach,coach mapped route flow passed,automated route pass; manual visual corpus tracked separately,configured actions passed where present; otherwise route-load only,no automated high or medium finding,0 product-text findings,0 product-text findings,Shared React Native surface passed responsive runtime; native interaction remains blocked by host DevToolsSecurity,football product route,390px viewport with 0 horizontal overflow,0 nested buttons; native semantic tree and VoiceOver remain unverified,passed,,reviews/ios-native-audit/runtime/2026-07-31/report.merged.json,,chore(audit): reconcile responsive route evidence,2/2 fresh mapped flows passed on 2026-07-31,Non-destructive responsive route evidence only; exact API request IDs database RLS audit-event and native checks remain explicit separate gaps
ROUTE-077,EVENT-AUTHORITY,Event detail RSVP and attendance,event staff; parent; athlete; privileged admin,app/events/[id].tsx,app/events/[id].tsx,loading; error; empty; self; staff workspace; account switch,iPhone 16 simulator route contract; seed Fastify,local development audit,Deep link event route,Active club parent; active staff; isolated seed API,1,staff; parent; athlete; account switch,Open event detail; inspect RSVP and attendance; change account,Event and self records load; staff records remain hidden for ordinary members,Personal reads load first; staff workspace is optional and actor cache is isolated,GET event; self RSVP; self attendance; staff RSVP attendance stats,Seed Fastify authority passed,,clubEvents; eventRsvps; eventAttendances; auditEvents,In-process seed tests only; no production or staging mutation,Seed authorization passed; direct Supabase RLS unavailable ENV-003,event.rsvp.read; event.attendance.read; event.rsvp.remind allow and deny asserted,ENV-004,Sentry read unavailable; no synthetic event sent,event staff; parent; athlete; privileged admin,Staff sees full workspace; parent and athlete see totals and own records,passed,passed,Removed full response list for nonstaff,No generic AI copy added,Response totals are available to club members,Compiled route proof passed; native interaction blocked ENV-009,Club event RSVP and attendance,Existing concise event hierarchy retained,Undo is removed for nonstaff; native VoiceOver pending ENV-009,passed,high,reviews/ios-native-audit/runtime/2026-08-03/event-detail-rsvp-attendance-authority/verification.md,Parent and athlete event detail failed when staff-only attendance calls rejected; generic coach role exposed staff actions,fix(event): scope RSVP attendance to staff,passed,No production or staging mutation; native simulator app inspection blocked by XPC session failure ENV-009; Supabase RLS and Sentry state unchanged
ROUTE-078,EVENT-AUTHORITY,Event detail RSVP and attendance,event staff; parent; athlete; privileged admin,app/events/[id]/attendees.tsx,app/events/[id]/attendees.tsx,loading; error; empty; staff; denied; account switch,iPhone 16 simulator route contract; seed Fastify,local development audit,Deep link event route,Active club parent; active staff; isolated seed API,1,staff; parent; athlete; account switch,Open full attendee route directly; inspect staff-only state,Staff sees full records; ordinary member receives clear staff-only state,Direct route loads self record then hides full workspace on exact staff denial,GET event; self attendance; staff RSVP attendance stats,Seed Fastify authority passed,,clubEvents; eventRsvps; eventAttendances; auditEvents,In-process seed tests only; no production or staging mutation,Seed authorization passed; direct Supabase RLS unavailable ENV-003,event.rsvp.read and event.attendance.read allow and deny asserted,ENV-004,Sentry read unavailable; no synthetic event sent,event staff; parent; athlete; privileged admin,Only staff sees full RSVP and attendance records,passed,passed,Removed fake export and duplicate reminder actions,No generic AI copy added,Full RSVP and attendance records are available to event staff only,Compiled route proof passed; native interaction blocked ENV-009,Club event RSVP and attendance,Existing concise event hierarchy retained,Staff-only empty state has a labelled Go Back action; native VoiceOver pending ENV-009,passed,high,reviews/ios-native-audit/runtime/2026-08-03/event-detail-rsvp-attendance-authority/verification.md,Direct attendee route treated staff data as required and claimed fake export or reminder outcomes,fix(event): scope RSVP attendance to staff,passed,No production or staging mutation; native simulator app inspection blocked by XPC session failure ENV-009; Supabase RLS and Sentry state unchanged
ROUTE-079,EVENT-AUTHORITY,Event detail RSVP and attendance,event staff; parent; athlete; privileged admin,app/events/[id]/rsvp.tsx,app/events/[id]/rsvp.tsx,loading; error; empty; open; closed; full; account switch,iPhone 16 simulator route contract; seed Fastify,local development audit,Deep link event route,Active club parent; active staff; isolated seed API,1,coach; parent; athlete; account switch,Open RSVP; select response; inspect role and cache behavior,Any eligible actor submits their own role-correct RSVP; staff reminders stay in staff workspace,Athlete RSVP now uses ATHLETE role; duplicate reminder control removed; actor cache is isolated,GET event; GET self RSVP; POST RSVP,Seed Fastify authority passed,,clubEvents; eventRsvps; eventAttendances; auditEvents,In-process seed tests only; no production or staging mutation,Seed authorization passed; direct Supabase RLS unavailable ENV-003,event.rsvp.read self and event.rsvp.remind allow and deny asserted,ENV-004,Sentry read unavailable; no synthetic event sent,event staff; parent; athlete; privileged admin,All actors keep self RSVP; only staff gets reminder through event detail,passed,passed,Removed duplicate reminder card and generic coach gate,No generic AI copy added,Will you attend; Add a note optional; Submit RSVP,Compiled route proof passed; native interaction blocked ENV-009,Club event RSVP and attendance,Existing concise event hierarchy retained,Existing labelled response controls retained; native VoiceOver pending ENV-009,passed,high,reviews/ios-native-audit/runtime/2026-08-03/event-detail-rsvp-attendance-authority/verification.md,Athlete RSVP was submitted as parent and a duplicate reminder action used role guesswork,fix(event): scope RSVP attendance to staff,passed,No production or staging mutation; native simulator app inspection blocked by XPC session failure ENV-009; Supabase RLS and Sentry state unchanged
ROUTE-080,EVENT-CREATE-AUTHORITY,Club event creation and invitation delivery,event staff; club member denied,app/events/create.tsx,Create Event,"denied; type; details; schedule; audience; review; draft; publish denial; invitation denial",iPhone 16 Pro,local development audit,Club schedule or direct route,"signed-in active club staff or member; local seed data",1,"staff create; direct member denied; role audience denial; publish and invite failure",Create or publish a club event,"Only active event staff can open the flow; every new audience must be enforceable; a saved draft or published event never reports invitation delivery before it happens.","The flow resolves a server-derived active staff membership; Fastify rejects role-only audience claims; publishing keeps a failed publish as a draft and a failed invite as an explicit published-without-delivery outcome with a retry action.","POST /v1/clubs/:clubId/events; PATCH /v1/events/:eventId; POST /v1/events/:eventId/invites/*","Seed Fastify accepted ALL; rejected COACHES and PARENTS on create; rejected COACHES on patch; app contracts verified result handling.",,ClubEvent; ClubMembership; EventRsvp; Notification; AuditEvent,"Isolated seed writes only; no external data used.","API authorization passed; direct Supabase RLS unavailable ENV-003.","club_event.create and club_event.update success and deny paths asserted.",ENV-004,"Sentry issue read unavailable; no synthetic event sent.",event staff; member,"Members are stopped before the wizard; staff retain real server authority; failed invitation delivery is retryable only for staff.",passed,passed,"Removed the unsupported Coaches Only choice and name-completion gate.","Removed role-targeting copy the backend could not honour.","Create Event; Save Draft; Publish; Send invitations.","Compiled route contracts passed; native interaction remains blocked ENV-009.","Club events remain scoped to the football club; squad and athlete audiences remain explicit.","Existing five-step workflow retained; staff actions use the same event workspace authority.","All actions have visible outcome labels; native VoiceOver remains unverified ENV-009.",fixed,high,reviews/ios-native-audit/runtime/2026-08-03/event-create-authority-delivery/verification.md,"A member could enter the staff-only creation workflow; role-only audiences looked restricted although Fastify invited every club member; publish failures and invite failures could be presented as success.","fix(event): make creation authority truthful","root typecheck; test compile; 4 focused frontend contracts; seed Fastify 1/1; native pending ENV-009.","No production or staging event; notification; database; Supabase; or Sentry state changed."
ROUTE-081,EVENT-LIST-AUTHORITY,Club event list and creation entry,event staff; club member; account switch,app/events/index.tsx,Club Events,"loading; error; empty; staff club; member club; account switch; staff draft",iPhone 16 Pro,local development audit,Events entry and direct event list route,"signed-in club staff or member; local API contract",1,"staff-first club selection; member read; account switch",Open Club Events and inspect the create action and visible events,"The create action and staff drafts appear only for the active club staff actor; a member never inherits them from account type or cache.","The list resolves the first managed club from active membership; otherwise it reads the first accessible club. Create and draft filtering use that same derived staff authority and the screen cache key includes the signed-in actor.","GET /v1/clubs; GET /v1/clubs/:clubId/events","No new API request in this source-boundary retest; existing event-list route authority remains backend-owned.",,Club; ClubMembership; ClubEvent,"No database mutation.","API remains authoritative; direct Supabase RLS unavailable ENV-003.","No new audit event for local list filtering; event API audits are retained by its routes.",ENV-004,"Sentry issue read unavailable; no synthetic event sent.",event staff; club member; account switch,"Staff gets exactly one Create event action and draft visibility. Members get published/non-draft events without a dead creation path.",passed,passed,"Removed account-role proxy from staff actions and actor-agnostic event cache behavior.","No generic role marketing or fake staff copy added.","Club Events; Create event; Create Event.","Compiled source behavior passed; native interaction remains blocked ENV-009.","Club events are scoped to the managed football club selected from membership authority.","Existing event cards and controls retained; only authority selection changed.","Create event icon has an explicit accessibility label; native VoiceOver remains unverified ENV-009.",fixed,high,reviews/ios-native-audit/runtime/2026-08-03/event-list-authority/verification.md,"Account role was used as a proxy for club staff authority, the first readable club was always selected, and an actor-agnostic cache could preserve staff event state for the next account.","fix(events): derive list authority from membership","root typecheck; test compile; 3 focused frontend contracts; focused eslint; native pending ENV-009.","No production or staging event; notification; database; Supabase; or Sentry state changed."
ROUTE-082,ROUTE-INVENTORY,Reachable route coverage,to classify,app/family/[legacy].tsx,app/family/[legacy].tsx,inventory,,staging,,,,,,,,,,,,,,,,,,,,,,,,,,,,pending,,,,,pending,Discovered from executable Expo Router tree; runtime coverage pending
ROUTE-083,parent_family_calendar,Parent opens family calendar,parent,app/family/calendar.tsx,app/family/calendar.tsx,responsive route load and configured non-mutating assertions,iPhone 16 Pro responsive browser viewport,local Expo web bundle backed by staging API,/family/calendar,Authenticated seeded role account and linked staging dataset,1,parent_family_calendar,Navigate directly and execute the flow runner assertions without submitting a product mutation,Resolve the intended route without a failed request runtime exception shared error state nested button horizontal overflow or product-text finding,1/1 mapped flows returned status ok and severity none at 390px,Browser-observed role-scoped route requests,No failed request detected; exact endpoint-by-endpoint reconciliation remains a separate audit gap,,,No database mutation executed by this route-load regression,Not directly exercised in this route-load regression,Not reconciled in this route-load regression,,Sentry API unavailable; runner detected no runtime exception or console error classified as high or medium,parent,parent mapped route flow passed,automated route pass; manual visual corpus tracked separately,configured actions passed where present; otherwise route-load only,no automated high or medium finding,0 product-text findings,0 product-text findings,Shared React Native surface passed responsive runtime; native interaction remains blocked by host DevToolsSecurity,football product route,390px viewport with 0 horizontal overflow,0 nested buttons; native semantic tree and VoiceOver remain unverified,passed,,reviews/ios-native-audit/runtime/2026-07-31/report.merged.json,,chore(audit): reconcile responsive route evidence,1/1 fresh mapped flows passed on 2026-07-31,Non-destructive responsive route evidence only; exact API request IDs database RLS audit-event and native checks remain explicit separate gaps
ROUTE-084,parent_family,Parent opens family dashboard,parent,app/family/index.tsx,app/family/index.tsx,responsive route load and configured non-mutating assertions,iPhone 16 Pro responsive browser viewport,local Expo web bundle backed by staging API,/family,Authenticated seeded role account and linked staging dataset,1,parent_family,Navigate directly and execute the flow runner assertions without submitting a product mutation,Resolve the intended route without a failed request runtime exception shared error state nested button horizontal overflow or product-text finding,1/1 mapped flows returned status ok and severity none at 390px,Browser-observed role-scoped route requests,No failed request detected; exact endpoint-by-endpoint reconciliation remains a separate audit gap,,,No database mutation executed by this route-load regression,Not directly exercised in this route-load regression,Not reconciled in this route-load regression,,Sentry API unavailable; runner detected no runtime exception or console error classified as high or medium,parent,parent mapped route flow passed,automated route pass; manual visual corpus tracked separately,configured actions passed where present; otherwise route-load only,no automated high or medium finding,0 product-text findings,0 product-text findings,Shared React Native surface passed responsive runtime; native interaction remains blocked by host DevToolsSecurity,football product route,390px viewport with 0 horizontal overflow,0 nested buttons; native semantic tree and VoiceOver remain unverified,passed,,reviews/ios-native-audit/runtime/2026-07-31/report.merged.json,,chore(audit): reconcile responsive route evidence,1/1 fresh mapped flows passed on 2026-07-31,Non-destructive responsive route evidence only; exact API request IDs database RLS audit-event and native checks remain explicit separate gaps
ROUTE-085,parent_family_recurring,Parent opens recurring plans,parent,app/family/recurring.tsx,app/family/recurring.tsx,responsive route load and configured non-mutating assertions,iPhone 16 Pro responsive browser viewport,local Expo web bundle backed by staging API,/family/recurring,Authenticated seeded role account and linked staging dataset,1,parent_family_recurring,Navigate directly and execute the flow runner assertions without submitting a product mutation,Resolve the intended route without a failed request runtime exception shared error state nested button horizontal overflow or product-text finding,1/1 mapped flows returned status ok and severity none at 390px,Browser-observed role-scoped route requests,No failed request detected; exact endpoint-by-endpoint reconciliation remains a separate audit gap,,,No database mutation executed by this route-load regression,Not directly exercised in this route-load regression,Not reconciled in this route-load regression,,Sentry API unavailable; runner detected no runtime exception or console error classified as high or medium,parent,parent mapped route flow passed,automated route pass; manual visual corpus tracked separately,configured actions passed where present; otherwise route-load only,no automated high or medium finding,0 product-text findings,0 product-text findings,Shared React Native surface passed responsive runtime; native interaction remains blocked by host DevToolsSecurity,football product route,390px viewport with 0 horizontal overflow,0 nested buttons; native semantic tree and VoiceOver remain unverified,passed,,reviews/ios-native-audit/runtime/2026-07-31/report.merged.json,,chore(audit): reconcile responsive route evidence,1/1 fresh mapped flows passed on 2026-07-31,Non-destructive responsive route evidence only; exact API request IDs database RLS audit-event and native checks remain explicit separate gaps
ROUTE-086,FAMILY-SHARING-READ-ONLY,Parent manages linked family sharing,family admin; guardian; viewer,app/family/sharing.tsx,app/family/sharing.tsx,loading; error; no linked family; non-admin view; admin invite; cancel invite; remove guardian,iPhone 16 Pro route contract; seed Fastify,local development audit,/family/sharing,Authenticated actor; linked family for authorized flow; isolated seed data,1,linked family; no linked family; admin; non-admin; invited user; outsider,Open sharing then invite; cancel; remove; or accept a guardian invite,Opening the screen is read-only; only family admins see mutations; invite acceptance belongs only to invitee,Route now uses read-only lookup; API lifecycle passed admin success; outsider deny; primary removal conflict,GET /v1/me; GET /v1/families/:familyId; POST /v1/families/:familyId/guardians; DELETE /v1/families/:familyId/guardian-invites/:inviteId; DELETE /v1/families/:familyId/guardians/:guardianId,Seed API passed create; cancel; remove; invited acceptance; outsider 403; primary removal 409,,family memberships; guardian child links; guardian invites; audit events,In-process seed lifecycle only; no external mutation,Seed API authorization passed; direct Supabase RLS unavailable ENV-003,family read; guardian invite create cancel accept; guardian remove success and deny outcomes asserted,ENV-004,Sentry read unavailable; no synthetic event sent,family admin; guardian; viewer; invited user; outsider,Admin actions appear only for admin; invite belongs only to recipient; outsider denied,Manage sharing for an existing linked family,Invite; cancel; and remove appear only when API authority can complete them,Removed hidden family creation from a read-only screen,No generic AI copy added,Family account unavailable; Invite guardian; Send Invitation,Compiled route and seed API proof passed; native interaction blocked ENV-009,Family guardian access to football schedules and bookings,Existing concise card and action hierarchy retained,All controls labelled; native VoiceOver pending ENV-009,passed,high,reviews/ios-native-audit/runtime/2026-08-03/family-sharing-read-only/verification.md,Opening the route created mock family accounts when profile children existed; this changed state during a read,fix(family): keep sharing route read-only,Root typecheck; compiled hook and service proof 10/10; Fastify guardian lifecycle 2 matched; eslint; native pending ENV-009,No production or staging mutation; Supabase RLS and Sentry state unchanged
ROUTE-087,parent_favourites | athlete_favourites,Parent opens favourites | Athlete opens favourites,parent athlete,app/favourites/index.tsx,app/favourites/index.tsx,responsive route load and configured non-mutating assertions,iPhone 16 Pro responsive browser viewport,local Expo web bundle backed by staging API,/favourites,Authenticated seeded role account and linked staging dataset,1,parent_favourites | athlete_favourites,Navigate directly and execute the flow runner assertions without submitting a product mutation,Resolve the intended route without a failed request runtime exception shared error state nested button horizontal overflow or product-text finding,2/2 mapped flows returned status ok and severity none at 390px,Browser-observed role-scoped route requests,No failed request detected; exact endpoint-by-endpoint reconciliation remains a separate audit gap,,,No database mutation executed by this route-load regression,Not directly exercised in this route-load regression,Not reconciled in this route-load regression,,Sentry API unavailable; runner detected no runtime exception or console error classified as high or medium,parent athlete,"parent, athlete mapped route flows passed",automated route pass; manual visual corpus tracked separately,configured actions passed where present; otherwise route-load only,no automated high or medium finding,0 product-text findings,0 product-text findings,Shared React Native surface passed responsive runtime; native interaction remains blocked by host DevToolsSecurity,football product route,390px viewport with 0 horizontal overflow,0 nested buttons; native semantic tree and VoiceOver remain unverified,passed,,reviews/ios-native-audit/runtime/2026-07-31/report.merged.json,,chore(audit): reconcile responsive route evidence,2/2 fresh mapped flows passed on 2026-07-31,Non-destructive responsive route evidence only; exact API request IDs database RLS audit-event and native checks remain explicit separate gaps
ROUTE-088,ROUTE-INVENTORY,Reachable route coverage,to classify,app/group-sessions/[id].tsx,app/group-sessions/[id].tsx,inventory,,staging,,,,,,,,,,,,,,,,,,,,,,,,,,,,pending,,,,,pending,Discovered from executable Expo Router tree; runtime coverage pending
ROUTE-089,GROUP-ROSTER-AUTHORITY,Group-session roster,assigned coach; privileged admin; parent; athlete; club member; unverified coach,app/group-sessions/[id]/roster.tsx,app/group-sessions/[id]/roster.tsx,loading; error; empty; account switch; coach actions; parent own cancellation; verified and unverified coach,iPhone 16 Pro route contract; seed Fastify,local development audit,/group-sessions/:id/roster,Authenticated session reader; registered athlete; assigned verified coach; isolated seed API,1,coach; admin; parent; athlete; account switch; verified and unverified,Open roster; change account; inspect controls; mark attendance; cancel own registration; report injury,Actor-specific cache frame; only allowed controls appear; missing guardian identity is omitted,Cache now keys by actor and session; coach controls are scoped; parent cancellation remains self-only,GET /v1/group-sessions/:id/roster; GET /v1/group-sessions/:id/rsvps; PATCH attendance; DELETE registration; POST injury,Static route contract 3/3 passed; seed Fastify roster attendance and injury authority passed,,groupSessions; groupSessionRegistrations; sessionRsvps; athletes; athleteInjuries; auditEvents,In-process seed tests only; no production or staging mutation,Seed authorization passed; direct Supabase RLS unavailable ENV-003,Attendance and injury success and deny outcomes asserted; audit-event read not directly exercised,ENV-004,Sentry read unavailable; no synthetic event sent,assigned coach; privileged admin; parent; athlete; club member; unverified coach,Coach and admin attendance; coach-only private actions; parent own cancellation; server denies unverified injury write,Roster is a read surface with role-scoped operational actions,Actions only appear when this actor can complete them,Removed cross-role attendance and private-action controls; removed unavailable guardian filler,No generic AI copy added,Roster; Roll Call; Report injury,Compiled route contract and seed Fastify proof passed; native interaction blocked ENV-009,Football session attendance; attendance status; injury reporting,Existing concise roster hierarchy retained,Back; filters; attendance; cancellation; and injury labels improved; native VoiceOver pending ENV-009,passed,high,reviews/ios-native-audit/runtime/2026-08-03/group-session-roster-authority/verification.md,Account switches reused protected roster data and roster viewers received coach-only controls,fix(roster): scope group actions to actor,Root typecheck; test compile; static boundary 3/3; seeded Fastify roster and injury tests; eslint; React Doctor unrelated pre-existing use-group-session diagnostic,No production or staging mutation; Supabase RLS and Sentry state unchanged
ROUTE-090,coach_group_sessions_create,Coach opens create group session,coach,app/group-sessions/create.tsx,app/group-sessions/create.tsx,responsive route load and configured non-mutating assertions,iPhone 16 Pro responsive browser viewport,local Expo web bundle backed by staging API,/group-sessions/create,Authenticated seeded role account and linked staging dataset,1,coach_group_sessions_create,Navigate directly and execute the flow runner assertions without submitting a product mutation,Resolve the intended route without a failed request runtime exception shared error state nested button horizontal overflow or product-text finding,1/1 mapped flows returned status ok and severity none at 390px,Browser-observed role-scoped route requests,No failed request detected; exact endpoint-by-endpoint reconciliation remains a separate audit gap,,,No database mutation executed by this route-load regression,Not directly exercised in this route-load regression,Not reconciled in this route-load regression,,Sentry API unavailable; runner detected no runtime exception or console error classified as high or medium,coach,coach mapped route flow passed,automated route pass; manual visual corpus tracked separately,configured actions passed where present; otherwise route-load only,no automated high or medium finding,0 product-text findings,0 product-text findings,Shared React Native surface passed responsive runtime; native interaction remains blocked by host DevToolsSecurity,football product route,390px viewport with 0 horizontal overflow,0 nested buttons; native semantic tree and VoiceOver remain unverified,passed,,reviews/ios-native-audit/runtime/2026-07-31/report.merged.json,,chore(audit): reconcile responsive route evidence,1/1 fresh mapped flows passed on 2026-07-31,Non-destructive responsive route evidence only; exact API request IDs database RLS audit-event and native checks remain explicit separate gaps
ROUTE-091,coach_group_sessions,Coach opens group sessions,coach,app/group-sessions/index.tsx,app/group-sessions/index.tsx,responsive route load and configured non-mutating assertions,iPhone 16 Pro responsive browser viewport,local Expo web bundle backed by staging API,/group-sessions,Authenticated seeded role account and linked staging dataset,1,coach_group_sessions,Navigate directly and execute the flow runner assertions without submitting a product mutation,Resolve the intended route without a failed request runtime exception shared error state nested button horizontal overflow or product-text finding,1/1 mapped flows returned status ok and severity none at 390px,Browser-observed role-scoped route requests,No failed request detected; exact endpoint-by-endpoint reconciliation remains a separate audit gap,,,No database mutation executed by this route-load regression,Not directly exercised in this route-load regression,Not reconciled in this route-load regression,,Sentry API unavailable; runner detected no runtime exception or console error classified as high or medium,coach,coach mapped route flow passed,automated route pass; manual visual corpus tracked separately,configured actions passed where present; otherwise route-load only,no automated high or medium finding,0 product-text findings,0 product-text findings,Shared React Native surface passed responsive runtime; native interaction remains blocked by host DevToolsSecurity,football product route,390px viewport with 0 horizontal overflow,0 nested buttons; native semantic tree and VoiceOver remain unverified,passed,,reviews/ios-native-audit/runtime/2026-07-31/report.merged.json,,chore(audit): reconcile responsive route evidence,1/1 fresh mapped flows passed on 2026-07-31,Non-destructive responsive route evidence only; exact API request IDs database RLS audit-event and native checks remain explicit separate gaps
ROUTE-092,INJURY-DETAIL-CONTRACT,Injury detail,athlete; guardian; assigned coach; privileged admin; unrelated actor,app/health/[id].tsx,app/health/[id].tsx,loading; denied; empty; active; healed; update failure,iPhone 16 Pro route contract; local Fastify seed API,local development audit,/health/:id,shared and private injury records; assigned coach; guardian; unrelated actor,1,detail read; private detail denial; status transition failure,Open an injury then mark it healed only through the Fastify boundary,Show only persisted injury facts; denied reads retry never; update failure is visible,Removed invented notes and progress; API-backed transition remains with failure feedback,GET/PATCH /v1/injuries/:injuryId; GET /v1/athletes/:athleteId/injuries,Projection authority passed 2/2; lifecycle create list detail update and invalid writes passed,,AthleteInjury; AuditEvent,Isolated seed injury records only; no external mutation,API authz passed; direct Supabase RLS unavailable ENV-003,athlete_injury read and update success and deny outcomes asserted,ENV-004,Sentry read unavailable; no synthetic event sent,athlete; guardian; assigned coach; privileged admin; unrelated actor,Shared scoped actors use API authority; private coach read and update denied,Injury detail exposes recorded facts and one real state transition,Mark as healed is the only mutable action and waits for backend result,Removed unsupported timeline note composer slider and derived percentage,No generic AI copy added,Injury unavailable; Expected; Mark as Healed,Compiled route contract and seed API proof passed; native interaction blocked ENV-009,health state tied to an athlete football context,Single fact card and one action replace fabricated dashboard,Back control labelled; action has text; native VoiceOver pending ENV-009,passed,high,reviews/ios-native-audit/runtime/2026-08-03/injury-detail-contract-simplification/verification.md,Recovery UI fabricated note history and percent not present in the Fastify contract; healed failure was silent,fix(health): remove fabricated recovery flow,Root typecheck; compiled injury detail contract; Fastify injury authority and lifecycle passed; native pending ENV-009,No production or staging injury data; Supabase RLS and Sentry state unchanged
ROUTE-093,athlete_health,Athlete opens health dashboard,athlete,app/health/index.tsx,app/health/index.tsx,responsive route load and configured non-mutating assertions,iPhone 16 Pro responsive browser viewport,local Expo web bundle backed by staging API,/health,Authenticated seeded role account and linked staging dataset,1,athlete_health,Navigate directly and execute the flow runner assertions without submitting a product mutation,Resolve the intended route without a failed request runtime exception shared error state nested button horizontal overflow or product-text finding,1/1 mapped flows returned status ok and severity none at 390px,Browser-observed role-scoped route requests,No failed request detected; exact endpoint-by-endpoint reconciliation remains a separate audit gap,,,No database mutation executed by this route-load regression,Not directly exercised in this route-load regression,Not reconciled in this route-load regression,,Sentry API unavailable; runner detected no runtime exception or console error classified as high or medium,athlete,athlete mapped route flow passed,automated route pass; manual visual corpus tracked separately,configured actions passed where present; otherwise route-load only,no automated high or medium finding,0 product-text findings,0 product-text findings,Shared React Native surface passed responsive runtime; native interaction remains blocked by host DevToolsSecurity,football product route,390px viewport with 0 horizontal overflow,0 nested buttons; native semantic tree and VoiceOver remain unverified,passed,,reviews/ios-native-audit/runtime/2026-07-31/report.merged.json,,chore(audit): reconcile responsive route evidence,1/1 fresh mapped flows passed on 2026-07-31,Non-destructive responsive route evidence only; exact API request IDs database RLS audit-event and native checks remain explicit separate gaps
ROUTE-094,athlete_health_injuries,Athlete opens injury log,athlete,app/health/injuries.tsx,app/health/injuries.tsx,responsive route load and configured non-mutating assertions,iPhone 16 Pro responsive browser viewport,local Expo web bundle backed by staging API,/health/injuries,Authenticated seeded role account and linked staging dataset,1,athlete_health_injuries,Navigate directly and execute the flow runner assertions without submitting a product mutation,Resolve the intended route without a failed request runtime exception shared error state nested button horizontal overflow or product-text finding,1/1 mapped flows returned status ok and severity none at 390px,Browser-observed role-scoped route requests,No failed request detected; exact endpoint-by-endpoint reconciliation remains a separate audit gap,,,No database mutation executed by this route-load regression,Not directly exercised in this route-load regression,Not reconciled in this route-load regression,,Sentry API unavailable; runner detected no runtime exception or console error classified as high or medium,athlete,athlete mapped route flow passed,automated route pass; manual visual corpus tracked separately,configured actions passed where present; otherwise route-load only,no automated high or medium finding,0 product-text findings,0 product-text findings,Shared React Native surface passed responsive runtime; native interaction remains blocked by host DevToolsSecurity,football product route,390px viewport with 0 horizontal overflow,0 nested buttons; native semantic tree and VoiceOver remain unverified,passed,,reviews/ios-native-audit/runtime/2026-07-31/report.merged.json,,chore(audit): reconcile responsive route evidence,1/1 fresh mapped flows passed on 2026-07-31,Non-destructive responsive route evidence only; exact API request IDs database RLS audit-event and native checks remain explicit separate gaps
ROUTE-095,ROUTE-INVENTORY,Reachable route coverage,to classify,app/health/log.tsx,app/health/log.tsx,inventory,,staging,,,,,,,,,,,,,,,,,,,,,,,,,,,,pending,,,,,pending,Discovered from executable Expo Router tree; runtime coverage pending
ROUTE-096,SESSION-INVITE-INBOX-AUTHORITY,Session-invite inbox,parent recipient; coach owner; unauthorised actor,app/invites.tsx,app/invites.tsx,loading; error; empty; pending; history; accept; decline failure; expired,,local development audit,Session invite inbox route,local seed data; no live invite mutation,,,Read or respond to a session invite,Only an intended recipient may list or respond; action feedback and refresh must wait for Fastify authority.,The recipient list is API-authoritative; decline inspects Result; cards expose only Accept or Decline; expired pending rows appear in History.,GET /v1/invites?parentUserId=:actor; POST /v1/invites/:inviteId/respond,Seed API list and response authority tested,,Invite; InviteTarget; Booking; BookingParticipant; AuditEvent; Notification,Local seed suite only; no external data used,API authz; no direct Supabase access,invite.read and invite.respond success/deny/error outcomes,ENV-004,Sentry issue read unavailable; no synthetic event,parent recipient; coach owner; unauthorised actor,Recipient sees only own invitations; owner actions stay on detail; outsider is denied.,passed,passed,Removed duplicate recipient RSVP controls and dead Maybe tab.,Removed verbose booking toast.,Booking confirmed.; Pending; History.,Compiled route and contracts passed; native retest blocked by ENV-009,Invitation and booking remain tied to football sessions.,Existing list hierarchy retained with fewer actions.,Accept and decline retain text labels and disabled state; VoiceOver retest pending ENV-009,fixed,high,reviews/ios-native-audit/runtime/2026-08-03/invite-inbox-route-audit/verification.md,Decline could refresh after failed authority and the recipient inbox duplicated social RSVP with booking decisions.,fix(invites): simplify recipient inbox authority,root typecheck; invite contracts 29/29; Fastify core 46/46; eslint; native pending ENV-009,No production or staging invite; database audit; Sentry event; or external-service state changed
ROUTE-097,INVOICE-DETAIL-AUTHORITY,Invoice detail and finance actions,owner coach; payer; privileged admin; club finance; unauthorised actor,app/invoices/[id].tsx,app/invoices/[id].tsx,loading; error; unavailable; draft; sent; paid; void; send failure; transition failure,,local development audit,Invoice list or invoice deep link,local seed data; no live invoice or payment mutation,,,Read or manage an invoice,Only backend-authorised finance actors may receive money controls; transition feedback waits for the authoritative terminal status.,Detail returns canManageMoney from Fastify authority; payer reads without finance controls; mark-paid and void fail closed before refresh.,GET /v1/invoices/:invoiceId; POST /v1/invoices/:invoiceId/reminders; POST /v1/invoices/:invoiceId/mark-paid; POST /v1/invoices/:invoiceId/void,Seeded Fastify finance and reminder checks passed,,Invoice; InvoiceLineItem; InvoiceEvent; PaymentReminder; PaymentAttempt; ReconcilerEntry; AuditEvent,Local seed suite only; no external data used,API authz; no direct Supabase access,invoice.read sensitive success/deny/error; invoice.reminder; invoice.mark_paid; invoice.void,ENV-004,Sentry issue read unavailable; no synthetic event,owner coach; payer; privileged admin; club finance; unauthorised actor,Owner/admin/club-finance controls reflect backend capability; payer read remains non-mutating; assistant/member denied.,passed,passed,No finance action is shown without capability; one icon action is labelled.,Removed silent transition refresh and vague status feedback.,Invoice marked paid.; Invoice voided.; Could not record payment.,Compiled route and contracts passed; native retest blocked by ENV-009,Invoice remains tied to booked football delivery and club finance roles.,Existing invoice hierarchy retained.,Void and recipient-email controls expose explicit labels; native VoiceOver retest pending ENV-009,fixed,critical,reviews/ios-native-audit/runtime/2026-08-03/invoice-detail-route-audit/verification.md,Client hid authorised club finance actions and could refresh after null money-transition results.,fix(invoices): align detail actions with authority,root/API typecheck; invoice contracts 6/6; Fastify finance/reminder 2 matched; eslint; native pending ENV-009,No production or staging invoice; payment; database audit; Sentry event; or external-service state changed
ROUTE-098,INVOICE-LIST-FILTER-AUTHORITY,Invoice list and filters,owner coach; payer; privileged admin; club finance; unauthorised actor,app/invoices/index.tsx,app/invoices/index.tsx,loading; error; empty; status filter; date filter; filtered empty; refresh,,local development audit,Invoice list route,local seed data; no live invoice or payment mutation,,,Read and filter accessible invoices,Backend scopes rows and zero-result filters must retain a clear path.,API data remains authoritative; filters stay visible at zero results; the summary says when it is filtered; date clear is separate.,GET /v1/invoices; GET /v1/coaches/me/invoices,Seeded Fastify list and denial checks passed,,Invoice; Booking; ClubMembership; AuditEvent,Local seed suite only; no external data used,API authz; no direct Supabase access,invoice.read success/deny/error,ENV-004,Sentry issue read unavailable; no synthetic event,owner coach; payer; privileged admin; club finance; unauthorised actor,Backend returns only accessible rows; user can clear zero-result filters; no client identity override.,passed,passed,Removed filter dead-end and nested pressable.,No generic dashboard framing added.,Filtered summary; No invoices match these filters; Clear filters.,Compiled route contracts passed; native retest blocked by ENV-009,Invoices remain linked to booked football delivery and club-finance roles.,Existing list hierarchy retained.,Status; date; and clear actions remain distinct labelled controls; VoiceOver retest pending ENV-009,fixed,high,reviews/ios-native-audit/runtime/2026-08-03/invoice-list-route-audit/verification.md,Filtered zero-result state hid recovery controls and nested the date-clear pressable.,fix(invoices): keep filter recovery visible,root typecheck; invoice contracts 6/6; Fastify invoice list 2 matched; eslint; native pending ENV-009,No production or staging invoice; payment; database audit; Sentry event; or external-service state changed
ROUTE-099,LEGACY-MANAGE-REDIRECT,Legacy manage redirect,coach; unauthorised actor,app/manage/[legacy].tsx,app/manage/[legacy].tsx,redirecting,,local development audit,Legacy manage deep link,no live data or mutation; target screen owns later access,,,Open a legacy manage route,Replace the transient legacy path with the canonical bookings console without a duplicate back-stack entry or independent request.,Expo Redirect delegates directly to the typed bookings route; no screen state or API call exists here.,No direct API call; target bookings route owns subsequent requests,No direct request or mutation,,No direct database mutation,No direct database result,Navigation only; target flow enforces authority.,No audit event on navigation-only redirect,ENV-004,Sentry issue read unavailable; no synthetic event,coach; unauthorised actor,Legacy links arrive at canonical bookings; target flow remains role-gated.,passed,passed,No duplicate UI or action.,No generic or promotional copy rendered.,No user-facing redirect copy.,Compiled route contract passed; native retest blocked by ENV-009,Redirect stays in the football operations flow.,Matches other legacy-to-canonical redirects.,No rendered control; native VoiceOver retest pending ENV-009,passed,low,reviews/ios-native-audit/runtime/2026-08-03/legacy-manage-route-audit/verification.md,Inventory row lacked canonical redirect ownership evidence.,docs(audit): record legacy manage redirect,route redirect contract; root typecheck; test compile; native pending ENV-009,No production or staging booking; database audit; Sentry event; or external-service state changed
ROUTE-100,coach_manage | coach_manage_bookings,Coach opens management hub | Coach opens booking console,coach,app/manage/bookings.tsx,app/manage/bookings.tsx,responsive route load and configured non-mutating assertions,iPhone 16 Pro responsive browser viewport,local Expo web bundle backed by staging API,/manage | /manage/bookings,Authenticated seeded role account and linked staging dataset,1,coach_manage | coach_manage_bookings,Navigate directly and execute the flow runner assertions without submitting a product mutation,Resolve the intended route without a failed request runtime exception shared error state nested button horizontal overflow or product-text finding,2/2 mapped flows returned status ok and severity none at 390px,Browser-observed role-scoped route requests,No failed request detected; exact endpoint-by-endpoint reconciliation remains a separate audit gap,,,No database mutation executed by this route-load regression,Not directly exercised in this route-load regression,Not reconciled in this route-load regression,,Sentry API unavailable; runner detected no runtime exception or console error classified as high or medium,coach,coach mapped route flow passed,automated route pass; manual visual corpus tracked separately,configured actions passed where present; otherwise route-load only,no automated high or medium finding,0 product-text findings,0 product-text findings,Shared React Native surface passed responsive runtime; native interaction remains blocked by host DevToolsSecurity,football product route,390px viewport with 0 horizontal overflow,0 nested buttons; native semantic tree and VoiceOver remain unverified,passed,,reviews/ios-native-audit/runtime/2026-07-31/report.merged.json,,chore(audit): reconcile responsive route evidence,2/2 fresh mapped flows passed on 2026-07-31,Non-destructive responsive route evidence only; exact API request IDs database RLS audit-event and native checks remain explicit separate gaps
ROUTE-101,owner_head_coach,Owner opens head coach oversight,club admin,app/manage/head-coach.tsx,app/manage/head-coach.tsx,responsive route load and configured non-mutating assertions,iPhone 16 Pro responsive browser viewport,local Expo web bundle backed by staging API,/manage/head-coach?clubId=clb_4ee614a0-62ee-73ff-9328-0f74a326c2c1,Authenticated seeded role account and linked staging dataset,1,owner_head_coach,Navigate directly and execute the flow runner assertions without submitting a product mutation,Resolve the intended route without a failed request runtime exception shared error state nested button horizontal overflow or product-text finding,1/1 mapped flows returned status ok and severity none at 390px,Browser-observed role-scoped route requests,No failed request detected; exact endpoint-by-endpoint reconciliation remains a separate audit gap,,,No database mutation executed by this route-load regression,Not directly exercised in this route-load regression,Not reconciled in this route-load regression,,Sentry API unavailable; runner detected no runtime exception or console error classified as high or medium,club admin,club admin mapped route flow passed,automated route pass; manual visual corpus tracked separately,configured actions passed where present; otherwise route-load only,no automated high or medium finding,0 product-text findings,0 product-text findings,Shared React Native surface passed responsive runtime; native interaction remains blocked by host DevToolsSecurity,football product route,390px viewport with 0 horizontal overflow,0 nested buttons; native semantic tree and VoiceOver remain unverified,passed,,reviews/ios-native-audit/runtime/2026-07-31/report.merged.json,,chore(audit): reconcile responsive route evidence,1/1 fresh mapped flows passed on 2026-07-31,Non-destructive responsive route evidence only; exact API request IDs database RLS audit-event and native checks remain explicit separate gaps
ROUTE-102,coach_manage,Coach opens management hub,coach,app/manage/index.tsx,app/manage/index.tsx,responsive route load and configured non-mutating assertions,iPhone 16 Pro responsive browser viewport,local Expo web bundle backed by staging API,/manage,Authenticated seeded role account and linked staging dataset,1,coach_manage,Navigate directly and execute the flow runner assertions without submitting a product mutation,Resolve the intended route without a failed request runtime exception shared error state nested button horizontal overflow or product-text finding,1/1 mapped flows returned status ok and severity none at 390px,Browser-observed role-scoped route requests,No failed request detected; exact endpoint-by-endpoint reconciliation remains a separate audit gap,,,No database mutation executed by this route-load regression,Not directly exercised in this route-load regression,Not reconciled in this route-load regression,,Sentry API unavailable; runner detected no runtime exception or console error classified as high or medium,coach,coach mapped route flow passed,automated route pass; manual visual corpus tracked separately,configured actions passed where present; otherwise route-load only,no automated high or medium finding,0 product-text findings,0 product-text findings,Shared React Native surface passed responsive runtime; native interaction remains blocked by host DevToolsSecurity,football product route,390px viewport with 0 horizontal overflow,0 nested buttons; native semantic tree and VoiceOver remain unverified,passed,,reviews/ios-native-audit/runtime/2026-07-31/report.merged.json,,chore(audit): reconcile responsive route evidence,1/1 fresh mapped flows passed on 2026-07-31,Non-destructive responsive route evidence only; exact API request IDs database RLS audit-event and native checks remain explicit separate gaps
ROUTE-103,MATCH-DETAIL-AUTHORITY,Match detail and availability,club staff; privileged admin; guardian; athlete; unrelated member; visitor,app/matches/[id].tsx,app/matches/[id].tsx,loading; error; unavailable; scheduled; lineup; result; cancellation; guardian response; athlete response; denied read,,local development audit,Fixture card or match deep link,local seed data; no live match player or result mutation,,,Read the fixture or complete a permitted match action,Backend capability must decide management controls and non-staff reads must not reveal another family player data.,Fastify returns canManageMatch and a viewer-filtered player projection; detail reads validate and audit success or denial; client controls follow capability.,GET /v1/matches/:matchId; GET /v1/clubs/:clubId/matches; POST/PATCH match lifecycle routes,Seeded detail projection proof passed with allowed and denied reads; lifecycle suite passed,,ClubMatch; ClubMatchPlayer; ClubMembership; Athlete; AuditEvent,Local seed suite only; no external data used,API authz; no direct Supabase access,club_match.read success and deny; lifecycle success and deny events,ENV-004,Sentry issue read unavailable; no synthetic event,club staff; privileged admin; guardian; athlete; unrelated member; visitor,Staff receives management capability and full player data; guardian or athlete sees self only; unrelated member is redacted; visitor denied.,passed,passed,Removed role-derived ghost controls and cross-family player projection.,No generic dashboard framing added.,Lineup saved.; Result saved.; Match cancelled.,Compiled route and seeded API proof passed; native retest blocked by ENV-009,Fixture and availability remain tied to club football operations.,Existing match hierarchy retained.,Text actions remain named controls; native VoiceOver retest pending ENV-009,fixed,critical,reviews/ios-native-audit/runtime/2026-08-03/match-detail-route-audit/verification.md,Client role labels controlled match actions and non-staff reads exposed another family's availability note.,fix(matches): derive detail controls from authority,root/API typecheck; contracts 4/4; Fastify detail 1/1; lifecycle 1 matched; eslint; native pending ENV-009,No production or staging match; player; audit; Sentry; database; or external-service state changed; broad create test WIP failure recorded separately
ROUTE-104,MATCH-CREATE-AUTHORITY,Match creation,club staff; privileged admin; member denied; invalid request,app/matches/create.tsx,app/matches/create.tsx,club context loading; context denial; details; schedule; squad; review; invalid size; invalid request; creation success,,local development audit,Fixture card or match deep link,local seed data; no live match mutation,,,Create a football fixture,Only backend-authorised club staff may create a fixture and invalid payloads must deny cleanly before a match exists.,Fastify validates the create contract and returns a safe 400 while the client bounds squad size and preserves safe server feedback.,POST /v1/clubs/:clubId/matches,Seeded staff create; member denial; invalid payload denial; result authority and schedule projection passed,,ClubMatch; ClubMembership; ClubSquad; AuditEvent,Local seed suite only; no external data used,API authz; no direct Supabase access,club_match.create success and validation denial,ENV-004,Sentry issue read unavailable; no synthetic event,club staff; privileged admin; member denied; invalid request,Staff creation is authoritative; member is denied; malformed and DST-gap requests deny before a match row exists.,passed,passed,Removed silent invalid squad-size fallback.,No generic wizard filler added.,Enter a squad size from 1 to 30.; Request payload did not match contract.,Compiled route proof passed; native retest blocked by ENV-009,Fixture creation stays tied to club football operations.,Existing four-step wizard retained.,Named actions and labels; native VoiceOver retest pending ENV-009,fixed,high,reviews/ios-native-audit/runtime/2026-08-03/match-create-route-audit/verification.md,Invalid match payload became a 500 because Zod instances differed and invalid size silently defaulted to 14.,fix(matches): return create validation errors,root/API typecheck; compile; contracts 6/6; Fastify lifecycle 1 matched,No production or staging match; player; audit; Sentry; database; or external-service state changed
ROUTE-105,MATCH-LIST-AUTHORITY,Fixture list and results,club staff; privileged admin; member; guardian; athlete,app/matches/index.tsx,app/matches/index.tsx,loading; error; empty upcoming; empty results; filters; grouped fixtures; season record; staff control; member projection,,local development audit,Fixtures tab or match deep link,local seed data; no live fixture mutation,,,Read fixtures or create a permitted fixture,Only backend-derived club and fixture capabilities may expose staff controls or availability summaries.,Fastify returns club canManageMatches and fixture canManageMatch; the list client fails closed and cards use fixture capability.,GET /v1/clubs; GET /v1/clubs/:clubId/matches,Seeded staff member and privileged-admin capability checks passed,,Club; ClubMembership; ClubMatch; ClubMatchPlayer,Local seed suite only; no external data used,API authz; no direct Supabase access,Read routes only; match read audit evidence retained in ROUTE-103,ENV-004,Sentry issue read unavailable; no synthetic event,club staff; privileged admin; member; guardian; athlete,Staff and privileged admin receive the create capability; non-staff controls are absent and viewer player projection stays narrowed.,passed,passed,Removed global account-role authority from the fixture screen.,No decorative or generic UI added.,Fixtures; Create Match; No upcoming matches.,Compiled route proof passed; native retest blocked by ENV-009,Club fixture operations remain football-specific.,Existing list hierarchy retained.,Named tabs and controls; native VoiceOver retest pending ENV-009,fixed,high,reviews/ios-native-audit/runtime/2026-08-03/match-list-route-audit/verification.md,Global account role drove club-specific fixture controls and staff availability presentation.,fix(matches): derive list controls from authority,root/API typecheck; contracts 2/2; Fastify capability and projection 2/2; lint; native pending ENV-009,No production or staging fixture; player; audit; Sentry; database; or external-service state changed
ROUTE-106,USER-PROFILE-PRIVACY,User profile and connection state,authenticated adult; related minor; unrelated minor; private adult; blocked user; requester; target,app/profile/[userId].tsx,app/profile/[userId].tsx,loading; error; empty; privacy denial; updates load; updates error; connection states; follow request; message; coach profile link,,local development audit,Attendee profile link or direct profile route,local seed data; no live connection or profile mutation,,,Read a visible profile or manage a permitted connection,The server must decide profile visibility and the client must never receive date of birth or bypass a private inbox.,Fastify returns privacy-filtered user data and audits outcomes; invalid profile or search input now records denial and returns safe 400; follow requests stay target-owned.,GET /v1/users/:userId; GET /v1/follow-requests; POST/PATCH follow requests; GET /v1/posts,Identity privacy and follow-request seeded lifecycle proofs passed,,User; UserProfile; Athlete; GuardianChildLink; UserPrivacySetting; UserBlock; UserFollowRequest; UserFollow; AuditEvent,Local seed suite only; no external data used,API authz; no direct Supabase access,users.profile.read; users.search; users.follow_request read create respond events,ENV-004,Sentry issue read unavailable; no synthetic event,authenticated adult; related minor; unrelated minor; private adult; blocked user; requester; target,Related minor visible; unrelated minor private adult and block targets return not found; requester cannot read another inbox or accept their own request.,passed,passed,No profile UI receives DOB or unfiltered identity data.,No generic social framing added.,Profile not found; No updates yet; Connect; Review request.,Compiled route and seed API proof passed; native retest blocked by ENV-009,Profile links support football community and coaching relationships.,Existing restrained profile hierarchy retained.,Named controls and retry states; native VoiceOver retest pending ENV-009,fixed,high,reviews/ios-native-audit/runtime/2026-08-03/profile-route-audit/verification.md,Shared-contract validation errors reached the global handler as 500 responses and audit status disagreed.,fix(identity): return profile validation errors,root/API typecheck; compile; identity 1 matched; follow lifecycle 1 matched; eslint; native pending ENV-009,No production or staging identity; relationship; post; audit; Sentry; database; or external-service state changed
ROUTE-107,BOOKING-REVIEW-AUTHORITY,Booking review,booked guardian; linked athlete; coach denied; unrelated guardian denied; duplicate reviewer,app/review/[bookingId].tsx,app/review/[bookingId].tsx,invalid link; loading; error; empty; incomplete booking; review-status denial; status error; form; submit; duplicate; success,,local development audit,Completed booking review action,local seed data; no live review or booking mutation,,,Submit a review after a completed booked session,Only the backend may decide reviewer eligibility and one verified review may exist per booking reviewer.,Review status controls the form state; Fastify requires a completed booking and booked guardian or athlete then replays duplicates.,GET /v1/bookings/:bookingId/reviews/me; POST /v1/bookings/:bookingId/reviews,Seeded completion review status denial creation and replay lifecycle passed,,Booking; BookingParticipant; SessionFeedback; AuditEvent; Notification,Local seed suite only; no external data used,API authz; no direct Supabase access,booking_review.read and booking_review.create success and deny events,ENV-004,Sentry issue read unavailable; no synthetic event,booked guardian; linked athlete; coach denied; unrelated guardian denied; duplicate reviewer,Eligible reviewer sees the form; denied actors see terminal unavailable state; retryable authority failures never masquerade as eligibility.,passed,passed,Removed client role-based review gate and denied dead-end form.,No generic praise or review filler added.,Review opens after completion; Review submitted; Not available.,Compiled route and seed lifecycle proof passed; native retest blocked by ENV-009,Verified feedback stays tied to a delivered football session.,Existing review hierarchy retained.,Named back submit and done controls; native VoiceOver retest pending ENV-009,fixed,high,reviews/ios-native-audit/runtime/2026-08-03/booking-review-route-audit/verification.md,Client role controlled review presentation and an authority denial still left a form available.,fix(reviews): derive review form from authority,root/API typecheck; compile; screen contract; Fastify lifecycle 1 matched; eslint; native pending ENV-009,No production or staging review; booking; notification; audit; Sentry; database; or external-service state changed
ROUTE-108,ROSTER-ADD-TO-SESSION-AUTHORITY,Assigned coach session choices,coach; non-coach denied,/roster/[athleteId]/add-to-session,Add to Session,invalid deep link; verified roster athlete,iPhone 16 Pro,local development audit,Coach roster athlete quick action,local seed data; no session submission,1,denied and authorised navigation,Open the session-choice route,Only a coach with the athlete in their roster sees two direct choices and the roster name is authoritative,Non-coaches and absent roster entries terminate; the assigned coach sees New session and Existing session,no direct API call before action; later session creation is governed by /v1 group sessions,No navigation write; roster authority and group-session lifecycle are covered in seed tests,,CoachAthleteRosterEntry; GroupSession; AuditEvent,Seed fixtures only; no external data used,API authz; no direct Supabase access,No event from navigation; later group-session lifecycle is audited,ENV-004,Sentry not involved; no synthetic event,coach; non-coach denied,Assigned coach only; protected choices absent on denial,passed,passed,No duplicate action or untrusted name parameter,No generated flow labels,New session; Existing session,Compiled route contract passed; native retest blocked by ENV-009,Football player session planning stays coach-owned,Existing roster hierarchy retained,Close back and named cards remain accessible,fixed,high,reviews/ios-native-audit/runtime/2026-08-03/roster-route-inventory/verification.md,Inventory row lacked current authority evidence,fix(roster): guard session adder,compiled app checks 18/18; Fastify authority evidence retained; native pending ENV-009,No production or staging session booking database audit or external-service state changed
ROUTE-109,ROUTE-INVENTORY,Emergency roster access denial,coach; non-coach denied,/roster/[athleteId]/emergency,Emergency info,verified roster coach and denied actor,iPhone 16 Pro,local development audit,Coach roster emergency action,local seeded API test data; no live athlete read,1,load emergency information,Open an eligible or denied athlete emergency route,Verified assigned coach gets audited data; denied actor gets terminal unavailable state,Authorization error was relabelled unknown and displayed a retry action,GET /v1/athletes/:athleteId/medical; GET /v1/athletes/:athleteId/emergency-contacts,Seed API denies unverified coach and allows verified assigned coach,,athlete medical; child emergency contacts; audit events; security events,Seed route test recorded two denied and two allowed reads without external state,API authz; no direct Supabase access,medical.read and emergency_contacts.read sensitive reads,ENV-004,Sentry not involved; no synthetic event,coach; non-coach denied,Verified roster relationship required and denied presentation cannot retry or use cache,passed,passed,Dead retry control removed from denied state,Authorization error preservation corrected,Emergency information unavailable; Refresh emergency information,Focused app contract and seeded API authority test passed; native retest blocked by ENV-008,Emergency contacts and medical alerts stay scoped to football roster access,Existing emergency visual hierarchy retained,Denied state exposes no retry and call controls remain labelled,fixed,high,reviews/ios-native-audit/runtime/2026-08-03/emergency-access-auth-error/verification.md,Authorization denials became generic errors and rendered a retry action,fix(safety): preserve emergency access denials,focused app contract; targeted eslint; seeded API authority test; native after pending ENV-008,No production staging athlete family medical emergency audit or permission state changed
ROUTE-110,coach_health_review,Coach opens athlete health review,coach,app/roster/[athleteId]/health.tsx,app/roster/[athleteId]/health.tsx,loading; denied; shared and private injury projection; invalid write,iPhone 16 Pro route contract; local seed API,local development audit,Coach roster health action and direct injury APIs,verified assigned coach; shared and unshared seeded injury records,1,coach health read; private detail denial; private update denial; invalid payload,Open health review then list read or update a shared and an unshared injury,Only an explicitly shared injury can reach an assigned coach; private records and malformed writes fail closed,Shared record listed; private record omitted; private detail and update denied; malformed create/update returned safe 400,GET /v1/athletes/:athleteId/injuries; GET/PATCH /v1/injuries/:injuryId; POST /v1/athletes/:athleteId/injuries,Seed Fastify proof passed 2/2 plus valid lifecycle and audited validation denials,,AthleteInjury; AuditEvent,Seed records defaulted private when sharing flag absent; migration defaults persisted records false,API authz plus persisted default deny; direct Supabase RLS not re-run,athlete_injury.read and athlete_injury.update success and deny outcomes; athlete_injury.create/update validation denies,ENV-004,Sentry read unavailable; no synthetic event sent,coach,Verified assigned coach sees shared projection only; guardian and athlete access preserved by API,Health Review now says exactly what coaches may review,Emergency Info remains the sole time-critical safety action,No new controls; removed false implication that every listed injury is shared,No generated phrasing added,Health Review; Shared Injury Timeline; Emergency Info,Compiled app contract and seeded API proof passed; native retest blocked by ENV-009,football product route,Existing concise health hierarchy retained,Terminal denial removes retry; labelled actions remain; native VoiceOver pending ENV-009,passed,high,reviews/ios-native-audit/runtime/2026-08-03/coach-health-privacy-projection/verification.md,API returned every roster injury and client hardcoded coach sharing; invalid injury requests threw 500,fix(health): default deny private injuries,Root and API typecheck; compiled app contract; privacy authority 2/2; injury lifecycle; Prisma validation; migration audit passed; native pending ENV-009,No production or staging injury records; Supabase RLS; or Sentry state changed
ROUTE-111,ROSTER-ATHLETE-DETAIL,Verified coach athlete detail,coach; non-coach denied,/roster/[athleteId],Athlete profile,verified roster athlete; denied actor; loading; error,iPhone 16 Pro,local development audit,Coach roster row,local seed data; no live athlete read,1,authorised sensitive read and denial,Open an athlete profile,Only a verified assigned coach receives the roster athlete and one authoritative emergency snapshot,The screen fails closed before child data on emergency denial and uses a redacted child profile for non-sensitive SEN only,GET /v1/coaches/:coachId/roster/:athleteId; GET athlete health resources,Seed Fastify roster and emergency suites passed; bearer trust headers ignored outside test harness,,CoachAthleteRosterEntry; athlete medical; emergency contacts; consents; audit events,Seed fixtures only; no external data used,API authz; no direct Supabase access,medical.read; emergency_contacts.read; athlete read outcomes,ENV-004,Sentry not involved; no synthetic event,coach; non-coach denied,Verified assigned coach only; terminal unavailable state for denial,passed,passed,Duplicate trust hydration removed,No generic helper copy added,Athlete unavailable; View health; Raise concern,Compiled route contract passed; native retest blocked by ENV-009,Roster assignment and coach verification are decisive,Existing athlete hierarchy retained,Named back and development controls remain accessible,fixed,high,reviews/ios-native-audit/runtime/2026-08-03/roster-route-inventory/verification.md,Inventory row lacked current sensitive-read evidence,fix(roster): dedupe athlete emergency reads,compiled app checks 18/18; Fastify 42/42 plus emergency authority 1/1; native pending ENV-009,No production or staging athlete medical emergency consent audit or external-service state changed
ROUTE-112,coach_raise_concern,Coach opens raise concern form,coach,app/roster/[athleteId]/raise-concern.tsx,app/roster/[athleteId]/raise-concern.tsx,loading; terminal denied; roster missing; recoverable network error; form validation; submit success and failure,iPhone 16 Pro route contract; local seed API,local development audit,Coach athlete detail Raise concern action,verified assigned coach; unverified coach; unassigned coach; athlete roster relation,1,load denial; authorised concern creation,Open a concern route with an assigned or denied roster relationship then submit only through the Fastify boundary,Access denial remains terminal with no retry; only a verified assigned coach can create the concern,Typed NOT_FOUND and UNAUTHORIZED errors retain the terminal unavailable state; seed API denied unverified and unassigned coaches then accepted the assigned coach,POST /v1/safeguarding/incidents; GET /v1/coaches/:coachId/roster/:athleteId,Safeguarding one-to-one proof passed; two 403 denials and one authorised 201 are audited,,SafeguardingIncident; AuditEvent,Seed test persisted only the authorised incident,API authz; no direct Supabase access,safeguarding_incident.create success and deny outcomes,ENV-004,Sentry read unavailable; no synthetic event sent,coach,Only verified assigned coach can submit; denied actors get no retry action,The route names the safeguarding outcome without dashboard framing,Record Concern is the only submit action and appears only after authority load,Dead retry control removed on access denial,No generated phrasing added,Raise concern; Record Concern; Concern access unavailable,Compiled route contract and seeded API proof passed; native retest blocked by ENV-009,football product route,Existing concise safeguarding form retained,Terminal denial removes retry; labelled form controls remain; native VoiceOver pending ENV-009,passed,high,reviews/ios-native-audit/runtime/2026-08-03/raise-concern-access-error/verification.md,Roster access denials became generic retryable errors on the safeguarding form,fix(safety): preserve concern access denials,Root and API typecheck; compiled route contract; safeguarding authority test passed; native pending ENV-009,No production or staging safeguarding incident; Supabase; or Sentry state changed
ROUTE-113,ROUTE-INVENTORY,Roster consents overview,coach; outsider denied,/roster/consents,Consents,loaded roster and denied access,iPhone 16 Pro,local development audit,Coach roster consent entry,local seeded and fixture API data; no consent mutation,1,review and filter consent status,Open consents and filter by type or status,Only coach roster projections render; terminal denial has no retry; copy names the action,Generic dashboard language obscured the football roster outcome,GET /v1/coaches/:coachId/roster/consents,Seed and db fixture projections pass; outsider is denied,,athletes; consent records; audit events,Local API test audits allowed and denied roster consent reads,API authz; no direct Supabase access,coach_roster_consents.read,ENV-004,Sentry not involved; no synthetic event,coach; outsider denied,Coach sees assigned roster projections and outsider sees no consent data,passed,passed,No unnecessary dashboard framing,Generic dashboard and athlete wording removed,Consents; Review player consents before posting; Search players,App contracts and seeded API test passed; native retest blocked by ENV-008,Player consents are shown for football roster decisions,Existing roster visual system retained,Search filters and back action retain explicit labels,fixed,medium,reviews/ios-native-audit/runtime/2026-08-03/roster-consents-direct-copy/verification.md,Consent screen used generic dashboard language despite a narrow roster decision,fix(roster): tighten consents copy,focused contracts; targeted eslint; seeded API test; native after pending ENV-008,No production staging player family consent audit or permission state changed
ROUTE-114,ROSTER-INDEX-AUTHORITY,Coach roster list,coach; non-coach denied,/roster,Athlete Roster,loading; empty; filtered; error; denied,iPhone 16 Pro,local development audit,Coach navigation roster tab,local seed data; no live roster mutation,1,read and filter,Open roster and search or filter,Only a signed-in coach may load their roster and terminal denial has no retry,The list exposes coach roster entries with search filters and empty state; non-coach sees terminal roster access unavailable,GET /v1/coaches/:coachId/roster,Seed Fastify roster suite passed list detail mutation and audit outcomes,,CoachAthleteRosterEntry; BookingParticipant; AuditEvent,Seed fixtures only; no external data used,API authz; no direct Supabase access,coach_roster.read success and deny outcomes,ENV-004,Sentry not involved; no synthetic event,coach; non-coach denied,Coach sees roster only; non-coach has no actionable retry,passed,passed,No dead roster action,No generic dashboard framing,Athlete Roster; Search athletes; Clear Filters,Compiled route contract and service checks passed; native retest blocked by ENV-009,Roster entries are football coach-player relationships,Existing list hierarchy retained,Labelled search filter list and row navigation remain accessible,fixed,medium,reviews/ios-native-audit/runtime/2026-08-03/roster-route-inventory/verification.md,Inventory row lacked current list authority evidence,docs(audit): reconcile roster route inventory,compiled app checks 18/18; Fastify 42/42; native pending ENV-009,No production or staging roster account database audit or external-service state changed
ROUTE-115,SESSION-INVITE-DETAIL-AUTHORITY,Session-invite detail,invite owner; recipient; unauthorised actor,app/session-invites/[id].tsx,app/session-invites/[id].tsx,loading; unavailable; pending; accepted; declined; cancelled; reminder failure; RSVP read failure,,local development audit,Invite list or invitation deep link,local seed data; no live invite mutation,,,Open or respond to a session invite,Recipient response and owner actions are Fastify-authorised; unavailable data and failed writes remain on the screen.,API mode rejects stale invite and RSVP snapshots; decline waits for a successful Result; reminder failure is explicit.,GET /v1/invites/:inviteId; invite response and owner-action routes; invite RSVP reads,,,Invite; InviteTarget; Booking; BookingParticipant; SessionRsvp; AuditEvent; Notification,,,invite.read/respond/cancel/remind success/deny/error outcomes,,,invite owner; recipient; unauthorised actor,Owner and recipient boundaries are backend-authoritative.,passed,passed,No stale API cache fallback or duplicate action.,Removed generic nudge phrasing.,Invite accepted.; Invite declined.; Reminder sent.,Compiled route contract passed; native retest blocked by ENV-009,Invite actions remain tied to a real football session.,Existing detail hierarchy retained.,Visible controls retain text labels; VoiceOver retest pending ENV-009,fixed,high,reviews/ios-native-audit/runtime/2026-08-03/session-invite-detail-route-audit/verification.md,API errors could expose stale invite or RSVP detail and decline/reminder feedback could falsely report success.,fix(invites): fail closed on detail actions,root typecheck; app/service contracts 28/28; Fastify core 46/46; eslint; native pending ENV-009,No production or staging invite; database audit; Sentry event; or external-service state changed
ROUTE-116,coach_session_invites_create_redirect,Coach hits invite redirect,coach,app/session-invites/create.tsx,app/session-invites/create.tsx,responsive route load and configured non-mutating assertions,iPhone 16 Pro responsive browser viewport,local Expo web bundle backed by staging API,/session-invites/create,Authenticated seeded role account and linked staging dataset,1,coach_session_invites_create_redirect,Navigate directly and execute the flow runner assertions without submitting a product mutation,Resolve the intended route without a failed request runtime exception shared error state nested button horizontal overflow or product-text finding,1/1 mapped flows returned status ok and severity none at 390px,Browser-observed role-scoped route requests,No failed request detected; exact endpoint-by-endpoint reconciliation remains a separate audit gap,,,No database mutation executed by this route-load regression,Not directly exercised in this route-load regression,Not reconciled in this route-load regression,,Sentry API unavailable; runner detected no runtime exception or console error classified as high or medium,coach,coach mapped route flow passed,automated route pass; manual visual corpus tracked separately,configured actions passed where present; otherwise route-load only,no automated high or medium finding,0 product-text findings,0 product-text findings,Shared React Native surface passed responsive runtime; native interaction remains blocked by host DevToolsSecurity,football product route,390px viewport with 0 horizontal overflow,0 nested buttons; native semantic tree and VoiceOver remain unverified,passed,,reviews/ios-native-audit/runtime/2026-07-31/report.merged.json,,chore(audit): reconcile responsive route evidence,1/1 fresh mapped flows passed on 2026-07-31,Non-destructive responsive route evidence only; exact API request IDs database RLS audit-event and native checks remain explicit separate gaps
ROUTE-117,GROUP-INVITE-REDIRECT,Group-session invite redirect,coach; unauthorised actor,app/session-invites/group.tsx,app/session-invites/group.tsx,redirecting,,local development audit,Group session management invite action,local seed data; no live invite mutation,,,Open legacy group invite route,The legacy route must replace itself with the canonical existing-session invite flow and preserve its group-management source.,The route immediately uses the typed route helper with existing intent and group_manage source.; no duplicate UI or back-stack entry.,No direct API call; canonical create flow owns later invite API actions,No direct mutation or external request in this redirect,,No direct database mutation,No direct database result,Navigation only; target flow enforces action authority.,No audit event on navigation-only redirect,ENV-004,Sentry issue read unavailable; no synthetic event,coach; unauthorised actor,Coach receives the canonical invitation flow; access checks remain on the target flow.,passed,passed,No duplicate form or secondary action.,No generic or promotional copy in the transient redirect.,No user-facing redirect copy.,Compiled route contract passed; native retest blocked by ENV-009,Redirect remains within group football session management.,Matches other legacy-to-canonical redirects.,No unlabeled action is rendered; native VoiceOver retest pending ENV-009,passed,low,reviews/ios-native-audit/runtime/2026-08-03/session-invite-group-redirect/verification.md,Inventory row lacked redirect ownership and source-intent evidence.,docs(audit): record group invite redirect,route redirect contract; root typecheck; test compile; native pending ENV-009,No production or staging invite; database audit; Sentry event; or external-service state changed
ROUTE-118,coach_session_invites,Coach opens invite inbox,coach,app/session-invites/index.tsx,app/session-invites/index.tsx,account scoped list and denied decline,iPhone 16 Pro route contract; local Fastify seed API,local development audit,/session-invites,signed in coach or parent; isolated seed data,1,coach_parent_session_invites,Open after account change and decline a denied invite,Never show another account list or report a denied decline as success,Account scoped key starts cold; denial reaches error toast without refresh,GET /v1/invites; POST /v1/invites/:id/respond,Recipient and sender lists passed; nonrecipient response 403; conflict 409,,inviteTargets; invites; AuditEvent; booking references,Isolated in-process seed test data only; no external mutation,Seed API authorization passed; direct Supabase RLS unavailable ENV-003,invite.create DENY and SUCCESS asserted; response authority route passed,ENV-004,Sentry read unavailable; no synthetic event sent,coach; parent,Coach and parent list access verified; nonrecipient denied,Direct inbox labels and outcomes,Decline reports success only after backend success,Removed cross-account warm frame,No generic AI copy added,Direct action labels retained,Native iOS interaction blocked ENV-009; source behavior verified,football product route,Existing responsive evidence retained; source path avoids stale frame,Icon actions retain labels; VoiceOver unverified ENV-009,passed,high,reviews/ios-native-audit/runtime/2026-08-03/session-invite-list-cache-boundary/verification.md,Warm frames scoped only by mode; decline reported success after denied Result,fix(invites): isolate list cache by account,Root and API typecheck; compiled static boundary; Fastify invite tests passed; native pending ENV-009,No production or staging mutation; Supabase RLS and Sentry state unchanged
ROUTE-119,BOOKING-SESSION-NOTE-AUTHORITY,Booking-scoped coach notes,coach; guardian; athlete; unauthorised actor,app/session-notes/[bookingId].tsx,app/session-notes/[bookingId].tsx,loading; empty; view; edit; save failure; denied,iPhone 16 Pro,local development audit,Booking details session-notes action,local seed data; no live write,1,coach write; guardian read; denial,Read or edit booking session notes,Assigned coach can save; visible booking actor can read; non-coach write is denied and audited,Coach edit is role-gated then API-authorised; guardian view is read-only; terminal failure and retry are explicit,GET/PUT /v1/bookings/:bookingId/session-note,Seed Fastify session-note contract passed write/read/denial/audit,,Booking; BookingParticipant; SessionNote; AuditEvent,Seed fixtures only; no external data used,API authz; no direct Supabase access,booking_session_note.read sensitive success/deny; booking_session_note.save success/deny,ENV-004,Sentry not involved; no synthetic event,coach; guardian; athlete; unauthorised actor,Coach edit; booking-visible actors read only; unauthorised actor denied,passed,passed,No duplicate or dead note action,Removed speculative parent-visibility reassurance,Session notes; Coach notes; Edit notes; Notes saved.,Compiled route contract passed; native retest blocked by ENV-009,Coach feedback follows the booked football session,Existing hierarchy retained,"Back, retry, and edit controls have text labels",fixed,high,reviews/ios-native-audit/runtime/2026-08-03/session-completion-route-audit/verification.md,"Inventory row lacked current authority, audit, and state evidence",fix(session): fail closed before follow-up writes,app contracts 26/26; Fastify session-note 1/1; native pending ENV-009,"No production or staging session-note write, database audit, or external-service state changed"
ROUTE-120,SESSION-COMPLETION-AUTHORITY,Coach session completion,assigned coach; guardian; athlete; unauthorised actor,app/session/[id]/complete.tsx,app/session/[id]/complete.tsx,loading; error; attendance; notes; badges; summary; completion failure,iPhone 16 Pro,local development audit,Coach schedule or booking completion queue,local seed data; no live completion,1,individual booking; group session; retry and denial,Complete an ended football session,"The backend must accept and verify completion before feedback, badges, quick-rate, or completion UI is emitted",Individual completion now retries once then fails closed; group completion already precedes secondary writes; participant label lookup is trust-data redacted,POST /v1/bookings/:bookingId/complete; POST /v1/group-sessions/:sessionId/complete,"Seed Fastify booking/group suite passed lifecycle, notifications, denial, audit, and fail-closed checks",,Booking; AttendanceRecord; SessionNote; SessionFeedback; GroupSession; AuditEvent; Notification,Seed fixtures only; no external data used,API authz; no direct Supabase access,booking.complete and group_session.completed success/deny/error outcomes; related sensitive reads audited,ENV-004,Sentry not involved; no synthetic event,assigned coach; guardian; athlete; unauthorised actor,Backend delivery-coach ownership is decisive; frontend control is only a UX gate,passed,passed,No dead complete control after failed authority,No generic congratulatory copy added,Complete Session; Saving…; retry-specific error,Compiled route contract passed; native retest blocked by ENV-009,Attendance and development records remain tied to actual football delivery,Existing step hierarchy retained,Step controls and completion action expose text accessibility labels,fixed,critical,reviews/ios-native-audit/runtime/2026-08-03/session-completion-route-audit/verification.md,Follow-up writes could precede individual booking lifecycle acceptance and the flow could continue after failure,fix(session): fail closed before follow-up writes,root typecheck; eslint; app contracts 26/26; Fastify booking/group 51/51; native pending ENV-009,"No production or staging completion, database audit, or external-service state changed"
ROUTE-121,GROUP-SESSION-RSVP-AUTHORITY,Group-session RSVP,coach; parent; athlete; unauthorised actor,app/session/[id]/rsvp.tsx,app/session/[id]/rsvp.tsx,loading; invalid link; unavailable session; invalid schedule; pending; responded; submit failure; coach summary,iPhone 16 Pro,local development audit,Group session attendance or invitation,local seed data; no live RSVP mutation,1,coach attendance; parent/athlete response; denied RSVP; unavailable schedule,Open or submit a group-session RSVP,Coach sees attendance summary; only the RSVP owner may submit a response; missing schedule never becomes a fabricated session.,RSVP success state now waits for the Fastify-authoritative Result; failures remain on the response surface and missing/invalid schedules fail closed.,GET /v1/group-sessions/:sessionId/rsvps; GET /v1/group-sessions/:sessionId/rsvps/counts; GET/PATCH /v1/session-rsvps/:rsvpId,"Seed Fastify booking/group suite passed RSVP access, response, audit, and db-mode fail-closed cases.",,GroupSession; SessionRsvp; AuditEvent; Notification,Seed fixtures only; no external data used,API authz; no direct Supabase access,session_rsvp.read and session_rsvp.respond success/deny/error outcomes,ENV-004,Sentry not involved; no synthetic event,coach; parent; athlete; unauthorised actor,Coach gets summary; RSVP owner can respond; backend denies a foreign RSVP id.,passed,passed,No optimistic success or fake schedule data,Removed fabricated session title/location/date fallback,RSVP; Attendance; Failed to submit your response. Please try again.,Compiled route contract passed; native retest blocked by ENV-009,Attendance confirmation remains tied to a real group football session,Existing card and response hierarchy retained,All response choices have text labels; native VoiceOver retest pending ENV-009,fixed,high,reviews/ios-native-audit/runtime/2026-08-03/session-rsvp-route-audit/verification.md,Failed Result could be shown as successful RSVP; absent schedule was fabricated as a future session,fix(rsvp): fail closed on submission authority,root typecheck; app/service contracts 22/22; Fastify booking/group 51/51; native pending ENV-009,"No production or staging RSVP, database audit, Sentry event, or external-service state changed"
ROUTE-122,coach_create_invite_entry | coach_make_appointment | coach_invite_existing | coach_create_as_club_assigned | coach_existing_invite_ownership,Coach opens create/invite hub | Coach starts booking a new appointment | Coach starts invite-to-existing flow | Coach opens create flow with club-assignment context | Coach existing-invite flow exposes ownership summary and session picker,coach,app/sessions/create.tsx,app/sessions/create.tsx,responsive route load and configured non-mutating assertions,iPhone 16 Pro responsive browser viewport,local Expo web bundle backed by staging API,/sessions/create | /sessions/create?intent=new&source=club_manage&actingAs=club&clubId=clb_4ee614a0-62ee-73ff-9328-0f74a326c2c1&assigneeCoachId=usr_65972cc3-8f9b-7199-b867-7df5b7faf34b | /sessions/create?intent=existing&source=club_manage&actingAs=club&clubId=clb_4ee614a0-62ee-73ff-9328-0f74a326c2c1&assigneeCoachId=usr_65972cc3-8f9b-7199-b867-7df5b7faf34b,Authenticated seeded role account and linked staging dataset,1,coach_create_invite_entry | coach_make_appointment | coach_invite_existing | coach_create_as_club_assigned | coach_existing_invite_ownership,Navigate directly and execute the flow runner assertions without submitting a product mutation,Resolve the intended route without a failed request runtime exception shared error state nested button horizontal overflow or product-text finding,5/5 mapped flows returned status ok and severity none at 390px,Browser-observed role-scoped route requests,No failed request detected; exact endpoint-by-endpoint reconciliation remains a separate audit gap,,,No database mutation executed by this route-load regression,Not directly exercised in this route-load regression,Not reconciled in this route-load regression,,Sentry API unavailable; runner detected no runtime exception or console error classified as high or medium,coach,coach mapped route flow passed,automated route pass; manual visual corpus tracked separately,configured actions passed where present; otherwise route-load only,no automated high or medium finding,0 product-text findings,0 product-text findings,Shared React Native surface passed responsive runtime; native interaction remains blocked by host DevToolsSecurity,football product route,390px viewport with 0 horizontal overflow,0 nested buttons; native semantic tree and VoiceOver remain unverified,passed,,reviews/ios-native-audit/runtime/2026-07-31/report.merged.json,,chore(audit): reconcile responsive route evidence,5/5 fresh mapped flows passed on 2026-07-31,Non-destructive responsive route evidence only; exact API request IDs database RLS audit-event and native checks remain explicit separate gaps
ROUTE-123,ACCOUNT-SETTINGS-ROUTE,Account settings route and self-service integrity,all authenticated roles; coach runtime,app/settings/account.tsx | /settings/account,Account,ready; phone edit; rejected phone save; password reset; pause and closure prompts,iPhone 16 Pro responsive browser viewport; compiled frontend and isolated Fastify tests,local Expo web backed by authenticated reads; intercepted PATCH/POST; isolated seed API,Direct /settings/account after coach preflight,Authenticated coach with account email and no pending closure request,1,ready and reversible interaction paths,Open route; inspect every row; reject a phone PATCH; accept a locally intercepted password-reset request; open and cancel both lifecycle prompts,Render a compact truthful account surface; failed writes stay visible; destructive or external outcomes require confirmation,Ready route and every reversible interaction passed 1/1; failed phone save kept the editor open; reset success followed an explicit 204; prompts cancelled without side effects,GET/PATCH /v1/auth/me | POST /v1/auth/forgot-password | GET/POST /v1/me/data-deletion-requests,Authenticated GETs passed; phone PATCH intercepted at 503; reset POST intercepted at 204; isolated endpoint proofs passed,"",User | PasswordResetToken | DataDeletionRequest | AuditEvent,No staging mutation; isolated seed proofs persisted only their in-memory fixtures,All writes remain behind authenticated Fastify self authority; direct Supabase RLS was not re-run,Isolated auth.profile_update and data_deletion_requests read/create events reconciled; password-reset request delivery audit covered by auth route proof,"",blocked: current Sentry token returns HTTP 403; accepted responsive profiles had no unexpected runtime finding,all authenticated roles,Shared screen uses signed-in self identity; coach runtime passed and backend routes derive the owner from auth,passed,passed,deleted email editing until verification is complete plus dead account type membership fallback and duplicated explanation,passed after replacing generated implementation copy with terse outcomes,passed,Shared React Native route passed responsive runtime; native semantic tapping remains blocked by host DevToolsSecurity,account access supporting football coaches families and athletes,Final screenshot manually accepted at 390px with zero flow findings,Email is read-only; phone input buttons lifecycle rows and Go back expose explicit accessible names and disabled states; native VoiceOver remains unverified,fixed,high,reviews/ios-native-audit/runtime/2026-07-31/settings-account-ready-final-2/report.json | reviews/ios-native-audit/runtime/2026-07-31/settings-account-ready-final-2/coach__coach_settings_account.png | reviews/ios-native-audit/runtime/2026-07-31/settings-account-interactions-final/report.json | __tests__/hooks/use-account-settings-api-boundary.test.ts | apps/api/src/modules/auth/routes.test.ts | apps/api/src/modules/wave2plus/routes.test.ts,Route inventory was pending; email editing could invalidate verification without a complete resend flow; password reset reported success even when its API request failed; the screen was padded with dead metadata and explanatory copy,fix(settings): simplify account controls,35/35 compiled app tests; auth Fastify 2/2; deletion Fastify 1/1; ready UI 1/1; reversible interaction UI 1/1; root typecheck and focused lint passed,Phone and password mutations were intercepted before staging; closure and pause were cancelled. No production or destructive test ran.
ROUTE-124,ROUTE-INVENTORY,Blocked account settings route coverage,all authenticated roles,/settings/blocked-users,Blocked Accounts,empty; ready; cancel; failed unblock; successful unblock,iPhone 16 Pro responsive browser viewport; native semantic runner blocked,local Expo web backed by staging read; intercepted DELETE,Direct route after coach login,Authenticated coach; safe mocked summary for nonempty branches,1,route inventory,Exercise every visible state and downstream authority boundary,"Every route state is truthful, usable and backed by self-owned server authority","Actual staging empty state passed; deterministic nonempty, cancel, 503 recovery and success-empty branches passed without upstream mutation",GET/DELETE /v1/blocks | POST /v1/message-threads/:threadId/messages,Empty staging read 200; intercepted deletes 503 and 200; isolated blocked message 409,staging read only; writes intercepted or isolated,UserBlock | User | Message | AuditEvent,No staging mutation; isolated seed and DB-fixture writes denied before Message insert,"UserBlock RLS enabled; no anon, authenticated or PUBLIC DML grant",users.block.read SUCCESS; community.thread-message.create DENY proved in isolated API,"",blocked: current Sentry token returns HTTP 403 for issue reads,all authenticated roles,Shared route contract applies to every account; message denial works in either block direction,passed,passed,"removed internal identifiers, email, postcode, role decoration and repeated explanation",passed after replacing vague safety theatre with terse operational copy,passed,Shared React Native surface passed responsive runtime; native control remains blocked by DevToolsSecurity,account safety for football participants and staff,Empty and populated screenshots manually accepted at 390px with top-position assertion,Back and Unblock controls have explicit names; pending action disables competing controls; native VoiceOver remains unverified,complete,high,reviews/ios-native-audit/runtime/2026-07-31/settings-blocked-users-empty-final/report.json | reviews/ios-native-audit/runtime/2026-07-31/settings-blocked-users-ready-final-2/report.json | reviews/ios-native-audit/runtime/2026-07-31/settings-blocked-users-interactions-final/report.json,The route could not render a real nonempty API list because it fetched profiles that the block boundary intentionally hides,fix(safety): enforce blocked account controls,ready 1/1; interactions 1/1; actual staging empty 1/1; app 18/18; block API 1/1; message API 2/2,"No block, unblock or message mutation reached staging or production."
ROUTE-125,coach_settings_calendar_sync,Coach opens functional calendar export,coach,app/settings/calendar-sync.tsx,Calendar Export,ready functional export preferences,iPhone 16 Pro responsive browser viewport,local Expo web bundle backed by staging API,/settings/calendar-sync,Authenticated staging coach and device-local export defaults,1,ready read-only audit,Navigate directly; require Calendar Export and Calendar File; assert four false sync labels absent and scroll position zero,Show only preferences that alter the generated ICS file and one clear export action,Calendar Export rendered one compact Calendar File section and Export Calendar action; route status ok and severity none,device-local preference read; export source trace: GET /v1/bookings | GET /v1/group-sessions?coachUserId=… | GET /v1/clubs and readable event routes,Route replay read device-local preferences only; server export reads were not invoked because the share action was not submitted,,AsyncStorage calendar_sync_settings_<userId> | server Booking GroupSession ClubEvent source trace,No database mutation executed; browser preference defaults were read locally,not applicable to device-local preferences; server export reads retain existing Fastify authority and were not re-run,no preference audit expected; export was not submitted,,Sentry API unavailable; runner detected no runtime exception or console error classified high or medium,all authenticated roles,Coach mapped route passed; shared screen and local preference boundary apply to every authenticated role,passed,passed,"false enable, auto-sync, provider and last-sync UI removed",oversized decorative reminder card and duplicate reminder hierarchy replaced with a compact row,passed,Shared React Native surface passed responsive runtime; native share-sheet interaction remains blocked by host DevToolsSecurity,upcoming football bookings group sessions and club events,390px route passed with no automated layout finding and screenshot manually verified,PageHeader back control switches reminder button and export button retain explicit labels; native VoiceOver remains unverified,passed,high,reviews/ios-native-audit/runtime/2026-07-31/settings-calendar-export-final-2/report.json | reviews/ios-native-audit/runtime/2026-07-31/settings-calendar-export-final-2/coach__coach_settings_calendar_sync.png | __tests__/calendar/calendar-service.test.ts | docs/architecture/runtime-modes.md,"Route claimed automatic calendar sync and provider integration that did not exist, disabled the real ICS controls behind a placebo switch, and used an oversized reminder card",fix(ui): make calendar export truthful,1/1 ready-state route replay and 24 calendar service tests passed on 2026-07-31,Non-destructive responsive evidence; no staging preference or server data mutation and no native share sheet opened
ROUTE-126,coach_availability_rules,Coach opens cancellation policy,coach,app/settings/cancellation-policy.tsx,app/settings/cancellation-policy.tsx,responsive route load and configured non-mutating assertions,iPhone 16 Pro responsive browser viewport,local Expo web bundle backed by staging API,/settings/cancellation-policy,Authenticated seeded role account and linked staging dataset,1,coach_availability_rules,Navigate directly and execute the flow runner assertions without submitting a product mutation,Resolve the intended route without a failed request runtime exception shared error state nested button horizontal overflow or product-text finding,1/1 mapped flows returned status ok and severity none at 390px,Browser-observed role-scoped route requests,No failed request detected; exact endpoint-by-endpoint reconciliation remains a separate audit gap,,,No database mutation executed by this route-load regression,Not directly exercised in this route-load regression,Not reconciled in this route-load regression,,Sentry API unavailable; runner detected no runtime exception or console error classified as high or medium,coach,coach mapped route flow passed,automated route pass; manual visual corpus tracked separately,configured actions passed where present; otherwise route-load only,no automated high or medium finding,0 product-text findings,0 product-text findings,Shared React Native surface passed responsive runtime; native interaction remains blocked by host DevToolsSecurity,football product route,390px viewport with 0 horizontal overflow,0 nested buttons; native semantic tree and VoiceOver remain unverified,passed,,reviews/ios-native-audit/runtime/2026-07-31/report.merged.json,,chore(audit): reconcile responsive route evidence,1/1 fresh mapped flows passed on 2026-07-31,Non-destructive responsive route evidence only; exact API request IDs database RLS audit-event and native checks remain explicit separate gaps
ROUTE-127,COACHING-SETTINGS-ROUTE,Coaching settings route and booking-rule integrity,coach,app/settings/coaching.tsx | /settings/coaching,Coaching Settings,ready; rapid draft; save failure rollback; direct entry,iPhone 16 Pro responsive browser viewport; isolated frontend and Fastify tests,local Expo web backed by authenticated API reads; intercepted PATCH; isolated seed API,Direct /settings/coaching after coach preflight,Authenticated coach with persisted scheduling rules policy travel settings and blocked date,1,ready state and intentional mutation failure,Open route; inspect every control; inject PATCH 503; increase session buffer,Render compact real booking controls and restore backend truth on any rejected save,Ready route passed with concise Booking Rules and Manage sections; forced failure restored 15 min and showed an explicit banner,GET/PATCH /v1/coaches/me/scheduling-rules,Ready GET 200; isolated valid PATCH 200 and invalid PATCH 400; responsive failure PATCH intercepted at 503,"",SchedulingRule | CancellationPolicyRule | AvailabilityOverride | CoachTravelSetting | AuditEvent,Isolated seed proof persisted bounded rules and retained 36-hour notice after invalid PATCH; no staging mutation,Writes remain behind authenticated coach-self Fastify authority; direct Supabase RLS was not re-run,Isolated coach_scheduling_rules.update SUCCESS and DENY events persisted with changed field names only,"",blocked: current Sentry token returns HTTP 403; accepted responsive profiles had no unexpected runtime finding,coach; parents; guardians; athletes,Coach owns the controls; booking availability consumed by family and athlete booking flows stays backend-authoritative,passed,passed,deleted repeated helper copy and three separate management cards,passed after removing generated explanatory phrasing and decorative section inflation,passed,Shared React Native screen passed responsive runtime; native semantic tapping remains blocked by host DevToolsSecurity,booking notice window buffer cancellation travel and blocked-date controls for football coaching,Ready and rollback screenshots manually accepted at 390px with zero flow findings,Stepper buttons switches navigation rows and Go back expose explicit accessible names and disabled states; native VoiceOver remains unverified,fixed,high,reviews/ios-native-audit/runtime/2026-07-31/settings-coaching-ready-final/report.json | reviews/ios-native-audit/runtime/2026-07-31/settings-coaching-ready-final/coach__coach_settings_coaching.png | reviews/ios-native-audit/runtime/2026-07-31/settings-coaching-save-failure-final-2/report.json | reviews/ios-native-audit/runtime/2026-07-31/settings-coaching-save-failure-final-2/coach__coach_settings_coaching_save_failure.png | __tests__/availability/scheduling-rules-api-mode.test.ts | apps/api/src/modules/coach-club/routes.test.ts,Route inventory was pending; rejected saves left optimistic values visible and the screen over-explained four simple controls,fix(settings): harden coaching rules,12/12 service tests; targeted Fastify test passed; ready UI 1/1; injected-failure UI 1/1; root and API typechecks lint and React Doctor passed,The failure PATCH was fulfilled locally and never reached staging. No production or destructive test ran.
UI-033,COACHING-SETTINGS-SIMPLIFICATION,Coaching settings hierarchy copy and truthful state,coach; booking clients,/settings/coaching,Coaching Settings,ready and rejected save,iPhone 16 Pro responsive browser viewport,local Expo web backed by authenticated API reads,Direct protected route,Persisted coach rules and related summaries available,1,operational settings,Review all labels sections values controls and failure feedback,Use two compact groups; one action per control; no redundant prose; never present rejected values as saved,Four helper lines and redundant section cards were removed; navigation icons align inline; controls lock during the request; failed saves visibly restore server values,GET/PATCH /v1/coaches/me/scheduling-rules,GET passed; forced PATCH failure intercepted and reconciled,"",SchedulingRule,No staging mutation; 15-minute backend-confirmed buffer remained visible after failure,Server-owned self route unchanged,No event expected for intercepted failure because the API was not reached,"",Sentry issue reads remain blocked by HTTP 403; no unexpected browser issue,coach; parents; guardians; athletes,Coach UI is self-owned while downstream bookable slots reflect these rules,passed,passed,deleted four helper lines two redundant section headers and separate single-row cards,passed after replacing tutorial copy with short operational labels,passed,Shared React Native surface passed responsive runtime; native automation remains host-blocked,football coaching booking rules and availability management,Manual screenshot review accepted spacing hierarchy values and non-truncated rows,Explicit Increase and Decrease labels; switch label and disabled state; labelled navigation and back controls,fixed,high,reviews/ios-native-audit/runtime/2026-07-31/settings-coaching-ready-final/report.json | reviews/ios-native-audit/runtime/2026-07-31/settings-coaching-ready-final/coach__coach_settings_coaching.png | reviews/ios-native-audit/runtime/2026-07-31/settings-coaching-save-failure-final-2/coach__coach_settings_coaching_save_failure.png,The screen looked generated and a failed save silently left unsaved optimistic values on screen,fix(settings): harden coaching rules,Ready and failure flows each passed 1/1 severity none; focused formatting ESLint UI-action lint typecheck and React Doctor passed,No staging setting was changed.
API-004,COACHING-RULE-VALIDATION-AUDIT,Scheduling-rule write validation and audit,coach self,PATCH /v1/coaches/me/scheduling-rules,Fastify scheduling rules authority,valid write; invalid numeric write; reread; audit reconciliation,isolated Fastify app.inject,NODE_ENV=test seed backend,Authenticated coach-self request,Seed coach and current scheduling rules,1,success and validation denial,Submit bounded rules then submit negative minimum notice and reread,Persist only schema-valid bounded fields; reject unknown empty malformed or out-of-range payloads; audit without values,Valid update returned 200; negative notice returned 400; reread retained the valid 36-hour value; one SUCCESS and one DENY audit row were asserted,PATCH and GET /v1/coaches/me/scheduling-rules,200 then 400 then 200,"",SchedulingRule | CancellationPolicyRule | AuditEvent,Seed repository persisted the valid update and did not apply the rejected value,Actor identity is derived from authenticated coach self; no direct client database write,coach_scheduling_rules.update SUCCESS and DENY; metadata includes changed field names or VALIDATION_FAILED only,"",not applicable to isolated API process,coach; booking clients,Only the coach can write; all booking clients consume validated rules through backend availability,passed,not applicable,not applicable,not applicable,passed,API-only isolated proof,football booking notice window buffer concurrency and cancellation rules,not applicable,Strict Zod schema rejects unknown fields and bounds every persisted number,fixed,high,apps/api/src/modules/coach-club/routes.ts | apps/api/src/modules/coach-club/routes.test.ts | docs/backend-api/ROUTE_INVENTORY_V1.md,The PATCH route cast the request body and could persist arbitrary negative oversized or unknown rule data without a write audit,fix(settings): harden coaching rules,Targeted Fastify case passed 1/1 with 40 unrelated tests skipped; API typecheck passed,No staging or production request was sent.
QA-009,COACHING-RULE-SAVE-FAILURE,Deterministic coaching-rule save failure proof,coach; reusable QA infrastructure,scripts/ui-flow-checks-50.mjs | /settings/coaching,Coaching settings save failure profile,injected PATCH 503; expected browser errors; rollback,iPhone 16 Pro responsive browser viewport,local Expo web backed by authenticated GET; Playwright-intercepted PATCH,Direct protected route after coach preflight,Ready route shows persisted 15-minute session buffer,1,intentional API failure,Intercept PATCH; press Increase Session buffer; require error; require 15 min restored and 20 min absent,Prove rollback without writing staging while keeping all undeclared network and console failures fatal,The exact 503 response and console line were reconciled; banner and rollback assertions passed; profile completed 1/1 severity none,intercepted PATCH /v1/coaches/me/scheduling-rules,503 Service unavailable; upstream API received no PATCH,not applicable,SchedulingRule,No database mutation,Not exercised because request was intercepted,No update audit expected because Fastify was not reached,"",Sentry reads remain blocked by HTTP 403; no unexpected runtime finding,QA flows using the dedicated profile,Normal profiles remain strict; only this flow permits the exact declared response and console errors,not applicable,not applicable,not applicable,not applicable,not applicable,Responsive failure harness; native automation remains blocked by host DevToolsSecurity,protects football booking-rule integrity,Failure screenshot shows the backend-confirmed 15-minute value and direct banner,Interaction uses the named Increase Session buffer button,fixed,high,reviews/ios-native-audit/runtime/2026-07-31/settings-coaching-save-failure-final-2/report.json | reviews/ios-native-audit/runtime/2026-07-31/settings-coaching-save-failure-final-2/coach__coach_settings_coaching_save_failure.png | scripts/ui-flow-checks-50.mjs,The audit suite could not previously prove coaching-rule failure handling without mutating staging,fix(settings): harden coaching rules,Dedicated failure profile passed 1/1 with all exact expected errors observed and no unexpected finding,The intercepted PATCH never reached staging or production.
ROUTE-128,coach_settings_help,Coach opens simplified Help and exercises non-submitting interactions,coach; shared authenticated roles,app/settings/help.tsx,Help & Support,ready; feedback chooser; FAQ expanded/collapsed,iPhone 16 Pro responsive browser viewport,local Expo web bundle backed by staging API,/settings/help,Authenticated staging coach; configured support and feedback addresses,1,ready read-only; chooser cancel; FAQ disclosure,"Navigate directly; require heading/back bounds and concise outcomes; open then cancel feedback; expand, collapse and reopen the first answer; assert deleted controls remain absent",Only distinct working outcomes remain; the chooser cancels without email; disclosure state changes are visible and accessible,"Route passed 1/1 with severity none; feedback chooser opened and cancelled; FAQ opened, closed and reopened; no external side effect occurred",mailto support@clubroom.app and feedback@clubroom.app traced; no HTTP product endpoint,"No email client, report submission or API mutation invoked",,none,No database read or mutation required by the screen interaction,not applicable; support actions leave the app through explicit mailto URLs,No product audit event expected because no support or feedback message was submitted,,"Current Sentry issue token remains blocked by HTTP 403; accepted route had no unexpected console, request or runtime issue",all authenticated roles,Coach route passed; the shared Help surface and external URL boundary apply across authenticated roles,passed,passed,"removed contextless session-report shortcut, install-link-free share action, duplicate support card and hard-coded debug footer",replaced five floating FAQ cards and explanatory filler with one compact operational disclosure section,passed after correcting a non-existent Find a session instruction to the executable Bookings > Discover flow,Shared React Native surface passed responsive runtime; native email/action-sheet interaction remains blocked by host DevToolsSecurity,"football booking discovery, cancellation, coaching verification, off-app payments and coach availability","390px final screenshot manually accepted with 0 overflow, 0 nested buttons and a restored top-of-route capture","Back, support, feedback and each FAQ expose explicit button names; disclosures expose expanded state and show/hide hints; native VoiceOver remains unverified",passed,high,reviews/ios-native-audit/runtime/2026-07-31/settings-help-simplified-final-6/report.json | reviews/ios-native-audit/runtime/2026-07-31/settings-help-simplified-final-6/coach__coach_settings_help.png | __tests__/hooks/help-screen-outcomes.test.ts | hooks/use-help-screen.ts,"General Help routed session reports without booking context, shared useless install-free marketing copy, repeated the support email, exposed stale hard-coded version text and contained one invented flow label",fix(ui): simplify help and support,"2/2 focused tests, root typecheck/test compile, lint/syntax/diff checks and final interactive route replay 1/1 passed","Non-destructive: no email, incident, review, API mutation, database mutation or production test ran; React Doctor changed scope reported only unrelated dirty hooks/use-group-session.ts"
ROUTE-129,coach_settings | parent_settings | athlete_settings,Coach opens settings | Parent opens settings | Athlete opens settings,coach parent athlete,app/settings/index.tsx,app/settings/index.tsx,responsive route load and configured non-mutating assertions,iPhone 16 Pro responsive browser viewport,local Expo web bundle backed by staging API,/settings,Authenticated seeded role account and linked staging dataset,1,coach_settings | parent_settings | athlete_settings,Navigate directly and execute the flow runner assertions without submitting a product mutation,Resolve the intended route without a failed request runtime exception shared error state nested button horizontal overflow or product-text finding,3/3 mapped flows returned status ok and severity none at 390px,Browser-observed role-scoped route requests,No failed request detected; exact endpoint-by-endpoint reconciliation remains a separate audit gap,,,No database mutation executed by this route-load regression,Not directly exercised in this route-load regression,Not reconciled in this route-load regression,,Sentry API unavailable; runner detected no runtime exception or console error classified as high or medium,coach parent athlete,"coach, parent, athlete mapped route flows passed",automated route pass; manual visual corpus tracked separately,configured actions passed where present; otherwise route-load only,no automated high or medium finding,0 product-text findings,0 product-text findings,Shared React Native surface passed responsive runtime; native interaction remains blocked by host DevToolsSecurity,football product route,390px viewport with 0 horizontal overflow,0 nested buttons; native semantic tree and VoiceOver remain unverified,passed,,reviews/ios-native-audit/runtime/2026-07-31/report.merged.json,,chore(audit): reconcile responsive route evidence,3/3 fresh mapped flows passed on 2026-07-31,Non-destructive responsive route evidence only; exact API request IDs database RLS audit-event and native checks remain explicit separate gaps
ROUTE-130,coach_settings_notifications,Coach opens notification settings alias,coach,app/settings/notifications/index.tsx,Notifications,ready shared preferences and bounded header,iPhone 16 Pro responsive browser viewport,local Expo web bundle backed by staging API,/settings/notifications,Authenticated staging coach with notification preferences,1,route alias ready read,Navigate directly; require Notifications and NOTIFICATION CHANNELS; require Go back and heading inside the viewport; assert scroll position zero,The alias renders the canonical preferences screen with a complete title and a safe escape path,Alias rendered Notifications with the shared PageHeader; ready content and both header targets passed viewport bounds; status ok and severity none,GET /v1/me/notifications,Authenticated preference read succeeded; accepted five-flow chunk passed 5/5 and submitted no PATCH,,NotificationPreference | QuietHours | MutedSource,Read-only route replay; no database mutation executed,Self-scoped Fastify authority retained; direct database RLS was not re-run in this visual slice,No mutation and no notification.preferences.update audit expected,,Sentry API unavailable; runner detected no runtime exception or console error classified high or medium,all authenticated roles,Coach mapped alias passed; canonical shared screen applies to every authenticated role,passed,passed,removed one-off header implementation and history-only back behavior,passed after shortening an initially truncated long title,passed,Shared React Native surface passed responsive runtime; native interaction remains blocked by host DevToolsSecurity,football booking message schedule and account notification controls,390px screenshot manually verified with complete title and bounded back action,Shared PageHeader exposes Go back and falls back to Settings when no history exists; native VoiceOver remains unverified,passed,high,reviews/ios-native-audit/runtime/2026-07-31/settings-notification-header-final/report.json | reviews/ios-native-audit/runtime/2026-07-31/settings-notification-header-final/coach__coach_settings_notifications.png,Alias used a custom header with a non-standard Back label and no fallback; the first shared-header title was too long and visibly truncated,fix(ui): standardize notification settings header,5/5 ready-state chunk passed including both notification aliases; screenshot manually inspected,Read-only replay; no preference or staging data was changed
ROUTE-131,coach_settings_notification_preferences,Coach opens canonical notification preferences,coach,app/settings/notifications/preferences.tsx,Notifications,ready shared preferences and bounded header,iPhone 16 Pro responsive browser viewport,local Expo web bundle backed by staging API,/settings/notifications/preferences,Authenticated staging coach with notification preferences,1,canonical ready read,Navigate directly; require Notifications and NOTIFICATION CHANNELS; require Go back and heading inside the viewport; assert scroll position zero,The canonical route renders ready preferences with a complete title and direct-entry fallback,Canonical route rendered Notifications with the shared PageHeader; ready content and both header targets passed viewport bounds; status ok and severity none,GET /v1/me/notifications,Authenticated preference read succeeded; accepted five-flow chunk passed 5/5 and submitted no PATCH,,NotificationPreference | QuietHours | MutedSource,Read-only route replay; no database mutation executed,Self-scoped Fastify authority retained; direct database RLS was not re-run in this visual slice,No mutation and no notification.preferences.update audit expected,,Sentry API unavailable; runner detected no runtime exception or console error classified high or medium,all authenticated roles,Coach canonical route passed; shared screen applies to every authenticated role,passed,passed,removed one-off header implementation and history-only back behavior,passed after shortening an initially truncated long title,passed,Shared React Native surface passed responsive runtime; native interaction remains blocked by host DevToolsSecurity,football booking message schedule and account notification controls,390px screenshot manually verified with complete title and bounded back action,Shared PageHeader exposes Go back and falls back to Settings when no history exists; native VoiceOver remains unverified,passed,high,reviews/ios-native-audit/runtime/2026-07-31/settings-notification-header-final/report.json | reviews/ios-native-audit/runtime/2026-07-31/settings-notification-header-final/coach__coach_settings_notification_preferences.png,Canonical route used a custom header with a non-standard Back label and no fallback; the first shared-header title was too long and visibly truncated,fix(ui): standardize notification settings header,5/5 ready-state chunk passed including both notification aliases; screenshot manually inspected,Read-only replay; no preference or staging data was changed
ROUTE-132,coach_settings_privacy_policy,Coach opens Privacy Policy and reviews legal readiness,all authenticated roles,app/settings/privacy-policy.tsx,Privacy Policy,static route; content review; release blocker,iPhone 16 Pro responsive browser viewport,local Expo web bundle backed by staging API,/settings/privacy-policy,Authenticated staging coach; current privacy draft dated 1 January 2025,1,static render and legal completeness,"Navigate directly; require Privacy Policy, Go back and Introduction in the viewport; review every section against executable data flows and current official ICO notice requirements","Route is readable and navigable, while any missing legal fact remains explicitly blocked rather than inferred",Responsive route passed 1/1 with severity none and the shared back fallback is implemented; substantive policy approval failed because required controller and processing facts are absent,none; static document,No request or mutation issued,,none,No database read or mutation,not applicable; static route,No audit event expected for reading a static legal document,,Current Sentry issue token returns HTTP 403; accepted route had no unexpected browser issue,coach; parent; guardian; athlete; admin,Shared static route behavior applies to authenticated roles; legal blocker applies to every user,passed,passed,no duplicate controls; static document uses one list,plain document layout retained,blocked: copy is readable but not legally complete or fully aligned to runtime truth,Shared React Native FlatList passed responsive runtime; native interaction remains blocked by DevToolsSecurity,"covers football bookings, child data, coach verification and safeguarding","390px screenshot manually accepted with header, date and document hierarchy visible",PageHeader exposes Go back and now has a Settings fallback; native VoiceOver remains unverified,blocked,high,reviews/ios-native-audit/runtime/2026-07-31/settings-legal-privacy-final/report.json | reviews/ios-native-audit/runtime/2026-07-31/settings-legal-privacy-final/coach__coach_settings_privacy_policy.png | app/settings/privacy-policy.tsx | https://ico.org.uk/for-organisations/uk-gdpr-guidance-and-resources/individual-rights/the-right-to-be-informed/what-privacy-information-should-we-provide/,"The draft lacks controller identity, lawful bases, provider/recipient detail, transfer facts and a defensible retention schedule; its child-access statement also conflicts with assignment-based runtime authority",fix(ui): harden legal route navigation,UI route 1/1 and shared navigation tests 2/2 passed; substantive legal review remains blocked,"Do not mark launch-ready until the legal entity, processing inventory, provider/transfer map, retention schedule and counsel approval exist"
ROUTE-133,coach_settings_privacy,Coach opens functional privacy settings,coach,app/settings/privacy.tsx,Privacy,ready functional controls,iPhone 16 Pro responsive browser viewport,local Expo web bundle backed by staging API,/settings/privacy,Authenticated staging coach with backend privacy settings,1,ready read-only audit,Navigate directly; require route heading and Profile Visibility; assert eight dead labels absent and scroll position zero,"Render only privacy choices enforced by product reads without failed requests, dead controls, overflow or product-text findings",Public Profile and Show Location rendered active; eight dead/duplicate labels were absent; route status ok and severity none,GET /v1/me/privacy-settings | GET /v1/blocks,No failed request detected; no PATCH or block mutation submitted,,UserPrivacySetting | UserBlock,No database mutation executed by route replay,Existing self-scoped Fastify authority retained; direct RLS not re-run in route replay,Existing privacy read authority is audited; isolated focused proof passed separately,,Sentry API unavailable; runner detected no runtime exception or console error classified high or medium,coach; shared authenticated privacy screen,Coach mapped route passed; shared screen simplification applies to every authenticated role,passed,passed,eight dead or duplicate labels absent,0 product-text findings,passed,Shared React Native surface passed responsive runtime; native interaction remains blocked by host DevToolsSecurity,role-safe account discovery in the football product,390px viewport with no automated layout finding and active controls manually verified,Existing labelled switches and rows retained; native semantic tree and VoiceOver remain unverified,passed,,reviews/ios-native-audit/runtime/2026-07-31/settings-privacy-functional-only-final/report.json,,fix(ui): remove placebo privacy controls,1/1 ready-state route replay passed on 2026-07-31,"Non-destructive responsive evidence. Focused isolated Fastify proof separately verified self ownership, forged owner rejection, persistence and audit metadata."
ROUTE-134,coach_settings_terms,Coach opens Terms and reviews legal readiness,all authenticated roles,app/settings/terms.tsx,Terms,static route; compact header; content review; release blocker,iPhone 16 Pro responsive browser viewport,local Expo web bundle backed by staging API,/settings/terms,Authenticated staging coach; current terms draft dated 1 January 2025,1,static render and legal fairness,"Navigate directly; require compact Terms heading, Go back and Acceptance of Terms; review clauses against executable account, club-work and payment behavior and current CMA fairness guidance","The title fits and navigation is safe, while unapproved or contradictory consumer terms remain blocked",Responsive route passed 1/1 with severity none after shortening the header; content review found multiple runtime contradictions and potentially unfair unilateral clauses,none; static document,No request or mutation issued,,none,No database read or mutation,not applicable; static route,No audit event expected for reading a static legal document,,Current Sentry issue token returns HTTP 403; accepted route had no unexpected browser issue,coach; parent; guardian; athlete; admin,Shared static route behavior applies to authenticated roles; legal blocker applies to every user,passed,passed,clipped long route title removed,plain document layout retained,blocked: terms remain unapproved and materially contradict account and commercial-mode behavior,Shared React Native FlatList passed responsive runtime; native interaction remains blocked by DevToolsSecurity,"covers football bookings, coaches, clubs, cancellations and off-app payments",390px screenshot manually accepted after the route title was reduced to Terms,PageHeader exposes Go back and now has a Settings fallback; native VoiceOver remains unverified,blocked,high,reviews/ios-native-audit/runtime/2026-07-31/settings-legal-terms-final/report.json | reviews/ios-native-audit/runtime/2026-07-31/settings-legal-terms-final/coach__coach_settings_terms.png | app/settings/terms.tsx | https://www.gov.uk/guidance/writing-a-fair-contract-for-customers,"The draft says every account holder must be 18 although 13-17 self-registration exists, treats all coaches as independent despite club-assigned work, claims ownership of all content, and allows unilateral change or termination without reasonable notice",fix(ui): harden legal route navigation,UI route 1/1 and shared navigation tests 2/2 passed; substantive legal review remains blocked,The liability and governing-law clauses also require qualified UK legal review before release
ROUTE-135,coach_settings_travel_radius,Coach opens travel radius,coach,app/settings/travel-radius.tsx,Travel Radius,ready settings; read-only route replay,iPhone 16 Pro responsive browser viewport,local Expo web bundle backed by staging API,/settings/travel-radius,Authenticated staging coach with postcode SW1A 1AA and persisted 10-mile radius,1,ready authority read,"Navigate directly; require header, compact service area, search radius and both session formats; assert old card copy absent and scroll position zero",Render the actual coach travel controls in two compact sections without submitting a mutation,Ready screen passed 1/1 with status ok and severity none; final screenshot manually accepted,GET /v1/coaches/me/travel-settings,Authenticated read succeeded; no PATCH left the browser,,CoachProfile,Read-only staging replay; no database mutation,Existing authenticated Fastify self authority retained; direct RLS was not re-run in this visual slice,The read contract emits coach_travel_settings.read; isolated route proof passed separately,,blocked: current Sentry token returns HTTP 403 for issue reads; runner found no runtime exception,coach; families searching coaches downstream,Coach route passed; discovery continues to consume the persisted radius and format flags,passed,passed,oversized cards and redundant explanations removed,passed after deleting suggested-range coaching and decorative status icons,passed,Shared React Native surface passed responsive runtime; native interaction remains blocked by host DevToolsSecurity,coach discovery for in-person and remote football sessions,compact two-section settings hierarchy manually verified at 390px,"Go back, two switches and both radius buttons have explicit names; native VoiceOver remains unverified",passed,high,reviews/ios-native-audit/runtime/2026-07-31/settings-travel-radius-final/report.json | reviews/ios-native-audit/runtime/2026-07-31/settings-travel-radius-final/coach__coach_settings_travel_radius.png | apps/api/src/modules/coach-club/travel-settings.routes.test.ts,The route was reachable but unclassified and the existing screen inflated four settings into three oversized cards,fix(ui): simplify travel radius settings,ready-state route replay passed 1/1; screenshot manually inspected,"Read-only staging evidence. No radius, format flag or database row was changed."
ROUTE-136,coach_squad_invite_screen,Coach opens squad invite screen,coach,app/squads/[id]/invite.tsx,app/squads/[id]/invite.tsx,responsive route load and configured non-mutating assertions,iPhone 16 Pro responsive browser viewport,local Expo web bundle backed by staging API,/squads/sqd_9640510a-e7cb-7575-a2a7-649ac28b5ee2/invite,Authenticated seeded role account and linked staging dataset,1,coach_squad_invite_screen,Navigate directly and execute the flow runner assertions without submitting a product mutation,Resolve the intended route without a failed request runtime exception shared error state nested button horizontal overflow or product-text finding,1/1 mapped flows returned status ok and severity none at 390px,Browser-observed role-scoped route requests,No failed request detected; exact endpoint-by-endpoint reconciliation remains a separate audit gap,,,No database mutation executed by this route-load regression,Not directly exercised in this route-load regression,Not reconciled in this route-load regression,,Sentry API unavailable; runner detected no runtime exception or console error classified as high or medium,coach,coach mapped route flow passed,automated route pass; manual visual corpus tracked separately,configured actions passed where present; otherwise route-load only,no automated high or medium finding,0 product-text findings,0 product-text findings,Shared React Native surface passed responsive runtime; native interaction remains blocked by host DevToolsSecurity,football product route,390px viewport with 0 horizontal overflow,0 nested buttons; native semantic tree and VoiceOver remain unverified,passed,,reviews/ios-native-audit/runtime/2026-07-31/report.merged.json,,chore(audit): reconcile responsive route evidence,1/1 fresh mapped flows passed on 2026-07-31,Non-destructive responsive route evidence only; exact API request IDs database RLS audit-event and native checks remain explicit separate gaps
ROUTE-137,VERIFICATION-DBS,Coach DBS certificate verification,"coach authorised; parent, athlete, club_admin denied",/verification/background,app/verification/background.tsx,coach content; direct-entry denial,iPhone 13 responsive emulation,staging,Direct /verification/background,Four staging roles authenticated; no file selected and no mutation submitted,1,coach happy path; non-coach default deny,"Open route, exercise safe controls, then attempt direct entry as three unauthorised roles",Coach sees working verification controls; other roles leave /verification before data access,Coach saw verified DBS status; unauthorised roles redirected before verification read,GET /v1/coaches/:coachId/verification-status; document POST path covered without runtime mutation,Five coach HTTP 200 reads; zero unauthorised verification requests; zero document mutations,req_21f43d89-0614-411e-8b10-d64939e606b6,CoachVerification | VerificationDocument | MediaObject | MalwareScanResult | AuditEvent,Read-only replay persisted five matching AuditEvent rows and no verification-document mutation,All five tables have RLS enabled; zero policies and zero anon/authenticated/PUBLIC table grants (default deny),coach_verification_status.read SUCCESS; sensitiveRead=true; selfRead=true; no non-coach event in window,Read-only Sentry query blocked by credential permission,blocked: HTTPS verified; Sentry API returned HTTP 403 for issue-read request,coach | parent | athlete | club_admin,coach stayed on exact route; parent -> /; athlete -> /development/my-progress; club_admin -> /club/my-clubs,passed after fix,passed after fix,removed,removed,passed after fix,responsive shared-RN pass; native semantic interaction blocked by host DevToolsSecurity,passed,passed after visual review,named controls and radio semantics pass; deterministic native semantic retest blocked,fixed,medium,reviews/ios-native-audit/screenshots/063-verification-dbs-after.png | reviews/ios-native-audit/runtime/2026-07-31/report.verification.json,"Unauthorised roles rendered coach verification and called status API; authorised screens contained marketing, fake process copy, dead controls, and inconsistent states",fix(verification): simplify coach evidence flows,"20/20 cross-role and 5/5 final coach flows passed; TypeScript, lint, and 10 focused tests passed; native blocked",Responsive evidence is not labelled native. Sentry requires a credential with project issue-read permission.
ROUTE-138,VERIFICATION-CREDENTIALS,Coach qualification verification,"coach authorised; parent, athlete, club_admin denied",/verification/credentials,app/verification/credentials.tsx,coach content; direct-entry denial,iPhone 13 responsive emulation,staging,Direct /verification/credentials,Four staging roles authenticated; no file selected and no mutation submitted,1,coach happy path; non-coach default deny,"Open route, exercise safe controls, then attempt direct entry as three unauthorised roles",Coach sees working verification controls; other roles leave /verification before data access,Coach opened Add credential and selected Other; unauthorised roles redirected before read,GET /v1/coaches/:coachId/verification-status; document POST path covered without runtime mutation,Five coach HTTP 200 reads; zero unauthorised verification requests; zero document mutations,req_6809c829-76b9-4be3-8464-3bbec3f96a75,CoachVerification | VerificationDocument | MediaObject | MalwareScanResult | AuditEvent,Read-only replay persisted five matching AuditEvent rows and no verification-document mutation,All five tables have RLS enabled; zero policies and zero anon/authenticated/PUBLIC table grants (default deny),coach_verification_status.read SUCCESS; sensitiveRead=true; selfRead=true; no non-coach event in window,Read-only Sentry query blocked by credential permission,blocked: HTTPS verified; Sentry API returned HTTP 403 for issue-read request,coach | parent | athlete | club_admin,coach stayed on exact route; parent -> /; athlete -> /development/my-progress; club_admin -> /club/my-clubs,passed after fix,passed after fix,removed,removed,passed after fix,responsive shared-RN pass; native semantic interaction blocked by host DevToolsSecurity,passed,passed after visual review,named controls and radio semantics pass; deterministic native semantic retest blocked,fixed,medium,reviews/ios-native-audit/screenshots/065-verification-credentials-after.png | reviews/ios-native-audit/runtime/2026-07-31/report.verification.json,"Unauthorised roles rendered coach verification and called status API; authorised screens contained marketing, fake process copy, dead controls, and inconsistent states",fix(verification): simplify coach evidence flows,"20/20 cross-role and 5/5 final coach flows passed; TypeScript, lint, and 10 focused tests passed; native blocked",Responsive evidence is not labelled native. Sentry requires a credential with project issue-read permission.
ROUTE-139,VERIFICATION-ID,Coach photo ID verification,"coach authorised; parent, athlete, club_admin denied",/verification/id,app/verification/id.tsx,coach content; direct-entry denial,iPhone 13 responsive emulation,staging,Direct /verification/id,Four staging roles authenticated; no file selected and no mutation submitted,1,coach happy path; non-coach default deny,"Open route, exercise safe controls, then attempt direct entry as three unauthorised roles",Coach sees working verification controls; other roles leave /verification before data access,Coach selected Passport and saw Choose document; unauthorised roles redirected before read,GET /v1/coaches/:coachId/verification-status; document POST path covered without runtime mutation,Five coach HTTP 200 reads; zero unauthorised verification requests; zero document mutations,req_84ea9791-88b2-426c-9dc2-0e4b27fb120b,CoachVerification | VerificationDocument | MediaObject | MalwareScanResult | AuditEvent,Read-only replay persisted five matching AuditEvent rows and no verification-document mutation,All five tables have RLS enabled; zero policies and zero anon/authenticated/PUBLIC table grants (default deny),coach_verification_status.read SUCCESS; sensitiveRead=true; selfRead=true; no non-coach event in window,Read-only Sentry query blocked by credential permission,blocked: HTTPS verified; Sentry API returned HTTP 403 for issue-read request,coach | parent | athlete | club_admin,coach stayed on exact route; parent -> /; athlete -> /development/my-progress; club_admin -> /club/my-clubs,passed after fix,passed after fix,removed,removed,passed after fix,responsive shared-RN pass; native semantic interaction blocked by host DevToolsSecurity,passed,passed after visual review,named controls and radio semantics pass; deterministic native semantic retest blocked,fixed,medium,reviews/ios-native-audit/screenshots/062-verification-id-after.png | reviews/ios-native-audit/runtime/2026-07-31/report.verification.json,"Unauthorised roles rendered coach verification and called status API; authorised screens contained marketing, fake process copy, dead controls, and inconsistent states",fix(verification): simplify coach evidence flows,"20/20 cross-role and 5/5 final coach flows passed; TypeScript, lint, and 10 focused tests passed; native blocked",Responsive evidence is not labelled native. Sentry requires a credential with project issue-read permission.
ROUTE-140,VERIFICATION-HUB,Coach verification hub,"coach authorised; parent, athlete, club_admin denied",/verification,app/verification/index.tsx,coach content; direct-entry denial,iPhone 13 responsive emulation,staging,Direct /verification,Four staging roles authenticated; no file selected and no mutation submitted,1,coach happy path; non-coach default deny,"Open route, exercise safe controls, then attempt direct entry as three unauthorised roles",Coach sees working verification controls; other roles leave /verification before data access,Coach saw Profile status and Documents; unauthorised roles redirected before read,GET /v1/coaches/:coachId/verification-status; document POST path covered without runtime mutation,Five coach HTTP 200 reads; zero unauthorised verification requests; zero document mutations,req_a62fc584-29e3-4e6d-928e-def276f5407a,CoachVerification | VerificationDocument | MediaObject | MalwareScanResult | AuditEvent,Read-only replay persisted five matching AuditEvent rows and no verification-document mutation,All five tables have RLS enabled; zero policies and zero anon/authenticated/PUBLIC table grants (default deny),coach_verification_status.read SUCCESS; sensitiveRead=true; selfRead=true; no non-coach event in window,Read-only Sentry query blocked by credential permission,blocked: HTTPS verified; Sentry API returned HTTP 403 for issue-read request,coach | parent | athlete | club_admin,coach stayed on exact route; parent -> /; athlete -> /development/my-progress; club_admin -> /club/my-clubs,passed after fix,passed after fix,removed,removed,passed after fix,responsive shared-RN pass; native semantic interaction blocked by host DevToolsSecurity,passed,passed after visual review,named controls and radio semantics pass; deterministic native semantic retest blocked,fixed,medium,reviews/ios-native-audit/screenshots/060-verification-role-gate-before.png | reviews/ios-native-audit/screenshots/061-verification-hub-after.png | reviews/ios-native-audit/screenshots/066-verification-athlete-denied-after.png | reviews/ios-native-audit/runtime/2026-07-31/report.verification.json,"Unauthorised roles rendered coach verification and called status API; authorised screens contained marketing, fake process copy, dead controls, and inconsistent states",fix(verification): simplify coach evidence flows,"20/20 cross-role and 5/5 final coach flows passed; TypeScript, lint, and 10 focused tests passed; native blocked",Responsive evidence is not labelled native. Sentry requires a credential with project issue-read permission.
ROUTE-141,VERIFICATION-INSURANCE,Coach insurance verification,"coach authorised; parent, athlete, club_admin denied",/verification/insurance,app/verification/insurance.tsx,coach content; direct-entry denial,iPhone 13 responsive emulation,staging,Direct /verification/insurance,Four staging roles authenticated; no file selected and no mutation submitted,1,coach happy path; non-coach default deny,"Open route, exercise safe controls, then attempt direct entry as three unauthorised roles",Coach sees working verification controls; other roles leave /verification before data access,Coach saw document requirements and disabled submit; unauthorised roles redirected before read,GET /v1/coaches/:coachId/verification-status; document POST path covered without runtime mutation,Five coach HTTP 200 reads; zero unauthorised verification requests; zero document mutations,req_02bc84cb-8fdd-4128-a18b-b69f4e636498,CoachVerification | VerificationDocument | MediaObject | MalwareScanResult | AuditEvent,Read-only replay persisted five matching AuditEvent rows and no verification-document mutation,All five tables have RLS enabled; zero policies and zero anon/authenticated/PUBLIC table grants (default deny),coach_verification_status.read SUCCESS; sensitiveRead=true; selfRead=true; no non-coach event in window,Read-only Sentry query blocked by credential permission,blocked: HTTPS verified; Sentry API returned HTTP 403 for issue-read request,coach | parent | athlete | club_admin,coach stayed on exact route; parent -> /; athlete -> /development/my-progress; club_admin -> /club/my-clubs,passed after fix,passed after fix,removed,removed,passed after fix,responsive shared-RN pass; native semantic interaction blocked by host DevToolsSecurity,passed,passed after visual review,named controls and radio semantics pass; deterministic native semantic retest blocked,fixed,medium,reviews/ios-native-audit/screenshots/064-verification-insurance-after.png | reviews/ios-native-audit/runtime/2026-07-31/report.verification.json,"Unauthorised roles rendered coach verification and called status API; authorised screens contained marketing, fake process copy, dead controls, and inconsistent states",fix(verification): simplify coach evidence flows,"20/20 cross-role and 5/5 final coach flows passed; TypeScript, lint, and 10 focused tests passed; native blocked",Responsive evidence is not labelled native. Sentry requires a credential with project issue-read permission.
ROUTE-142,VIDEO-DETAIL-AUTHORITY,Video detail,owner; shared athlete; linked guardian; outsider; privileged admin,/videos/:id,app/videos/[id].tsx,loading; error; unavailable; shared; private; account switch,iPhone 16 Pro route contract; seed Fastify,local development audit,Deep link /videos/:id,Authenticated owner; explicitly shared family user; outsider; isolated seed API,1,owner; shared family; outsider; account switch,Open an authorised video; switch account; archive as owner; inspect share controls,Actor-specific cache frame; only authorised viewers receive a detail; one server backed family share action remains,Cache now keys by actor and video; generic deep-link share was removed; no fabricated coach identity,GET /v1/videos/:videoId; PATCH /v1/videos/:videoId/share; DELETE /v1/videos/:videoId,Seed Fastify passed outsider deny; explicit family share; db upload video lifecycle; unsafe media denial,,videos; videoShares; videoAnnotations; mediaObjects; malwareScanResults; auditEvents,In-process seed and db-fixture tests only; no production or staging mutation,Seed authority passed; direct Supabase RLS unavailable ENV-003,video read and visibility events are emitted by Fastify; audit-event rows not directly queried,ENV-004,Sentry read unavailable; no synthetic event sent,owner; shared athlete; linked guardian; outsider; privileged admin,Outsider gets 403; family access begins only after owner share; client cache changes when actor changes,Video detail presents playback facts and owner actions only,Archive and family share are the only visible outcome actions,Removed generic share link and invented Coach label,No generic AI copy added,Video unavailable; Archive video; Share; Make Private,Compiled route contract and seed Fastify proof passed; native interaction blocked ENV-009,Football coaching video and timestamped annotations,Existing concise hierarchy retained,Archive label retained; native VoiceOver pending ENV-009,passed,high,reviews/ios-native-audit/runtime/2026-08-03/video-detail-upload-authority/verification.md,Private video detail cache ignored authenticated actor and the screen exposed a non-authoritative generic share link plus a fabricated coach name,fix(video): scope private detail and simplify upload,Root typecheck; test compile; 16 client tests; four seeded Fastify video authority flows; eslint; React Doctor reviewed,No production or staging mutation; Supabase RLS and Sentry state unchanged
ROUTE-143,VIDEO-UPLOAD-AUTHORITY,Private video upload,authenticated media owner; outsider; scanner worker; system admin,/videos/upload,app/videos/upload.tsx,empty; selected; unsupported format; oversized; long duration; uploading; scan pending; unsafe media,iPhone 16 Pro route contract; seed Fastify,local development audit,Direct /videos/upload,Authenticated actor; isolated seed API and db fixture; no device media selected,1,owner; outsider; scanner worker; system admin,Select an allowed video; inspect validation; upload through signed target; wait for safety scan; create video,Only MP4 MOV and M4V are offered; selected media remains private until upload and safety checks finish,Picker rejects AVI before upload; direct input labels and truthful privacy copy added; API keeps owner and scanner boundaries,POST /v1/uploads/init; POST /v1/uploads/:uploadSessionId/complete; GET /v1/uploads/:uploadSessionId; POST /v1/uploads/:uploadSessionId/scan-result; POST /v1/videos,Seed Fastify passed owner completion; outsider deny; scanner worker rules; unsafe media creation denial; db video lifecycle,,uploadSessions; mediaObjects; malwareScanResults; videos; auditEvents,In-process seed and db-fixture tests only; no production or staging mutation,Seed authority passed; direct Supabase RLS unavailable ENV-003,upload init complete scan-result and video create audit outcomes asserted by route tests; audit-event rows not directly queried,ENV-004,Sentry read unavailable; no synthetic event sent,authenticated media owner; outsider; scanner worker; system admin,Only owner can complete upload; only scanner worker or system admin submits scan result; unsafe media cannot become a video,Upload makes a private coaching video with explicit limits,Upload is disabled until title and media are valid,Removed unsupported AVI claim; removed device-local privacy claim,No generic AI copy added,Select Video; Video Details; Upload; private until safety checks complete,Compiled route contract and seed Fastify proof passed; native interaction blocked ENV-009,Training video upload and coaching feedback,Existing concise section hierarchy retained,Back Upload title and description have labels; native VoiceOver pending ENV-009,passed,high,reviews/ios-native-audit/runtime/2026-08-03/video-detail-upload-authority/verification.md,Picker advertised AVI although the API rejects it and essential upload controls lacked semantic labels,fix(video): scope private detail and simplify upload,Root typecheck; test compile; 16 client tests; upload file policy 3/3; four seeded Fastify video authority flows; eslint; React Doctor reviewed,No production or staging mutation; Supabase RLS and Sentry state unchanged
UI-017,DEVELOPMENT-NEEDS-SIMPLIFICATION,Athlete progress and needs presentation,athlete parent and assigned coach,/development/athlete/:athleteId and /development/athlete/:athleteId/special-needs,Athlete Progress and Needs & notes,linked cross-role read,iPhone 16 Pro and responsive browser viewport,staging,Direct development routes after role login,Linked athlete with medical data and assigned coach,1,cross-role presentation and authorization,Open progress then Needs & notes as parent athlete and coach,Show factual profile and medical data; instantiate coach tools only for authorized managers,Invented trend and session-count badges were removed; all stored needs fields render; parent and athlete omit coach tools while assigned coach retains one Add action,/v1/athletes/:athleteId and /v1/athletes/:athleteId/coach-observations,Parent and athlete sent zero observation requests; assigned coach GET returned HTTP 200,req_48ae85ec-6130-4ab6-b08a-54c88dd18e1b,Athlete GuardianChildLink CoachAthleteRosterEntry CoachObservation AuditEvent,Staging athlete profile and authorized empty observation list read successfully; no destructive mutation,Direct RLS preflight passed; API authorization remained the external boundary,coach_observation.read SUCCESS actingRole=coach sensitiveRead=true count=0,,Sentry query unavailable in current task,athlete parent and assigned coach,Parent and athlete see complete read-only needs data without coach controls; assigned coach sees exactly one observation action,passed,passed,passed after fix,passed after fix,passed after fix,Shared React Native screen; responsive runtime passed; native role interaction remains blocked by host DevToolsSecurity,football development and coach support context retained,passed,One labelled Add observation control for coach; no dead restricted control for parent or athlete,fixed,high,reviews/ios-native-audit/screenshots/042-parent-development-authorized-controls.png | reviews/ios-native-audit/screenshots/046-parent-needs-coach-error-before.png | reviews/ios-native-audit/screenshots/047-parent-needs-clean-after.png | reviews/ios-native-audit/screenshots/048-parent-progress-clean-after.png | reviews/ios-native-audit/screenshots/049-coach-needs-authorized-after.png | reviews/ios-native-audit/screenshots/050-athlete-needs-readonly-after.png,The progress hero invented trend and medal status; needs screens printed a raw avatar URL omitted stored medical fields contradicted their own counts and called a coach-only endpoint for parent and athlete,fix(development): simplify athlete needs details,Root typecheck and 6 focused tests passed; live parent athlete and coach responsive flows passed with role-specific network assertions,Ponytail removed decorative metrics duplicate actions sensitive preview tags and authorization errors that non-coaches could never resolve
UI-018,PRODUCT-WALKTHROUGH-REMOVAL,Internal demo walkthrough removal,athlete coach security admin and club owner,/(tabs)/index and coach development and admin users and /club/:clubId/dashboard,Home Development Users and Owner Dashboard,first loaded product surface,iPhone 16 Pro responsive browser viewport,staging,Sign in as each role and open its primary product surface,Staging athlete coach security-admin and club-admin owner accounts,1,cross-role first surface,Open each role landing surface and inspect the first actionable viewport,Real data and actions appear first with no internal QA instructions or duplicate same-outcome actions,All four roles render product content directly; the athlete home retains one Find Coach action and no generic journey subtitle,,Existing role-scoped reads completed with no console errors; no new network request introduced,,User ClubMembership and device-local seen status,No database mutation; obsolete demo_walkthrough state is no longer read or written,Unchanged,No new audit event required for UI-only deletion,,Sentry query unavailable in current task,athlete coach security admin and club owner,Each role reaches its real product surface without internal check verify or walkthrough copy,passed,passed,passed after fix,passed after fix,passed after fix,Shared React Native surfaces; responsive runtime passed; native role interaction remains blocked by host DevToolsSecurity,Football bookings development progress staffing and club operations remain first-class,passed,Existing labelled controls retained; duplicate Find Coach action removed,fixed,high,reviews/ios-native-audit/screenshots/051-athlete-home-walkthrough-before.png | reviews/ios-native-audit/screenshots/052-athlete-home-direct-after.png | reviews/ios-native-audit/screenshots/053-coach-development-direct-after.png | reviews/ios-native-audit/screenshots/054-admin-users-direct-after.png | reviews/ios-native-audit/screenshots/055-owner-dashboard-direct-after.png,Internal demo walkthrough cards told real users to check verify and walk QA routes across four role surfaces; the athlete home also duplicated Find Coach in one context,fix(ui): remove internal walkthroughs,Root typecheck test compile focused boundary tests React Doctor and four-role responsive runtime passed,Deleted the card hook builder stale tests and demo seen-state allowlist instead of renaming or hiding the feature
UI-019,ADMIN-USER-SUMMARY-AUTHORITY,Admin user summary and role boundary,security admin and club admin,/(tabs)/index and /v1/admin/users/summary and /club/my-clubs,Users and My Clubs,success denial loading error and refresh,iPhone 16 Pro responsive browser viewport,staging,Sign in as security admin and club admin from the shared login route,Populated staging User and UserRoleMembership tables,1,system-admin success and club-admin denial,Open the role landing and reconcile every displayed count against API and database truth,System admin sees active account totals; club admin cannot read the platform summary and lands on governed clubs,Security admin rendered 29 active accounts with 9 coaches 6 athletes and 8 parents; club admin made zero product summary requests and landed on My Clubs,/v1/admin/users/summary,Security admin GET returned 200; direct club-admin GET returned 403,req_e385d0d4-e2a9-4293-8fb7-0a181c3077f9 | req_fc6070c9-d400-4bc5-8144-1a47f65ad951,User UserRoleMembership AuditEvent,Direct staging database counts matched the API and UI exactly with no mutation,RLS enabled on all three tables with zero client policies so direct non-bypass access remains default-deny,admin.users.summary.read SUCCESS sensitiveRead=true actingRole=security_admin total=29 | admin.users.summary.read DENY sensitiveRead=true actingRole=club_admin reason=SYSTEM_ADMIN_REQUIRED,,Sentry auth token unavailable; both responsive flows had zero console errors,security admin and club admin,System admin sees truthful aggregate data while club admin remains in club scope,passed,passed,passed after fix,passed after fix,passed after fix,Shared React Native surfaces; responsive runtime passed; native role interaction remains blocked by host DevToolsSecurity,Football club governance and role boundaries retained,passed,Role rows expose labelled count semantics; no platform directory control is rendered for club admin,fixed,high,reviews/ios-native-audit/screenshots/054-admin-users-direct-after.png | reviews/ios-native-audit/screenshots/056-admin-user-summary-authoritative-after.png | reviews/ios-native-audit/screenshots/057-club-admin-governed-home-after.png,The Users tab read an intentionally empty auth-switcher array in API mode and showed three giant false zeros while club admins shared the platform-admin landing,fix(admin): load authoritative user summary,Root typecheck test compile lint focused Fastify and frontend tests live two-role runtime direct database reconciliation RLS metadata and audit persistence passed,Ponytail replaced fake switcher-derived cards with one compact read-only summary and sent club admins to their real club authority
UI-020,CLUB-ADMIN-CLUBS-FIRST,Club-admin managed clubs first and invite validation,club admin,/club/my-clubs,My Clubs,populated success empty loading error invalid invite and valid long-link input,iPhone 16 Pro responsive browser viewport,staging,Sign in as active club admin and follow governed tab redirect,Active club-admin membership with managed and followed staging clubs,1,club-list priority and non-mutating invite validation,Open My Clubs then inspect order and exercise blank invalid and long-link input states without submitting,Existing managed clubs appear first; secondary join/create controls remain accessible and truthful,Riverside FC and Northbridge United rendered before compact join/create controls; invalid codes remained disabled; long invite link was preserved and enabled Join,/v1/clubs,GET 200; no join/create mutation sent,req_1b68f079-0a17-4344-9b59-3c8d3dafc820,Club ClubMembership,Live club authority returned the managed and followed clubs; no database mutation,Unchanged; read stayed behind backend club authority and no direct client database access was introduced,No new audit event expected for list presentation or client-only validation,"",Sentry auth token unavailable; live flow had zero console errors,club admin coach parent and athlete,Club admin live flow passed; shared card retains role-gated create and common join controls,passed,passed,passed after fix,passed after fix,passed after fix,Shared React Native surface; responsive runtime passed; native role interaction remains blocked by host DevToolsSecurity,Football club management membership and invite-code context retained,passed,Input and buttons are labelled; disabled Join retains button role/state; icon-only Close has a VoiceOver label,fixed,high,reviews/ios-native-audit/screenshots/057-club-admin-governed-home-after.png | reviews/ios-native-audit/screenshots/058-club-admin-clubs-first-after.png | reviews/ios-native-audit/screenshots/059-club-admin-join-validation-after.png,Giant join/create marketing panel outranked existing managed clubs duplicated Open and truncated legitimate invite URLs at 24 characters; disabled Join lost its button role,fix(club): prioritize managed clubs,Root typecheck test compile focused tests lint and live club-admin responsive flow with API control state and console assertions passed,Ponytail removed the avatar subtitle helper divider duplicate labels and oversized create treatment; no staging mutation executed
SEC-001,VERIFICATION-EVIDENCE-UPLOAD-POLICY,Coach verification evidence upload boundary,coach,/verification/id | /verification/background | /verification/credentials | /verification/insurance,Photo ID | DBS certificate | Credentials | Insurance,"allowed exact limit; denied unsupported, mismatched, oversized and empty",iPhone 13 responsive emulation; isolated Fastify test process,staging read-only UI; seed API tests,Coach verification document picker and API attachment,Coach-owned private AVAILABLE media; clean scan for attachment test,1,clean success; wrong owner; infected; public; SVG; text; kind mismatch; oversize; empty,Choose or attach verification evidence,"Only PDF, JPEG, PNG, WebP or HEIC up to 20 MiB reaches verification attachment; ownership, privacy, availability and a clean malware scan remain mandatory","All four pickers use an explicit allowlist; service rejects SVG, text, empty and oversized selections; API accepts an exact-limit clean PDF and rejects five unsafe boundary cases without linking them",POST /v1/uploads/init | POST /v1/coaches/me/verifications/:type/documents,"Focused API proof: exact 20 MiB private clean PDF 201; wrong owner 403; infected, public, SVG, text, kind mismatch, oversize and empty evidence 400",isolated Fastify app.inject; no staging mutation or staging request ID,CoachVerification | VerificationDocument | MediaObject | MalwareScanResult | AuditEvent,Seed proof linked the exact-limit PDF; five denied media IDs created no VerificationDocument row; staging remained read-only,Unchanged: all five tables have RLS enabled with zero policies and zero anon/authenticated/PUBLIC grants,"Isolated boundary proof persisted one SUCCESS and five DENY coach_verification_documents.submit events; existing tests retain wrong-owner, infected and public denials",,blocked: Sentry issue-read request returns HTTP 403 for the current token,coach; platform verification reviewers unchanged,Coach evidence attachment is constrained; platform review authority is unchanged,passed,passed,removed generic image wildcard; no extra control added,none added,passed,shared React Native picker policy implemented; deterministic native semantic retest blocked by host DevToolsSecurity,"DBS, coaching qualification, insurance and ID evidence","5/5 responsive coach route replay; zero overflow, nested controls or product-text findings",existing named controls and radio semantics retained; native tree remains blocked,fixed,high,reviews/ios-native-audit/runtime/2026-07-31/report.verification-upload-policy.json | services/verification-service.ts | apps/api/src/modules/p0-core/routes.test.ts,Verification evidence inherited the general 2 GB upload ceiling and a broad image/document picker,fix(security): constrain verification evidence uploads,"root/API typecheck, test compile, focused lint, frontend 12/12, API positive/denial proof, coach responsive 5/5",No destructive staging or production upload. Sources: https://cheatsheetseries.owasp.org/cheatsheets/File_Upload_Cheat_Sheet.html | https://developer.apple.com/documentation/avfoundation/avfiletype/heic. React Doctor changed-scope reported no verification-slice location.
SEC-002,ADD-CHILD-CREATE-AUTHORITY,Child creation assignment-scope boundary,family owner; delegated admin; assigned guardian; unrelated authenticated user,POST /v1/athletes | /add-child,Add Child,owner/admin success; guardian/outsider denial,iPhone 13 responsive emulation; isolated Fastify test process,staging read-only UI; seed API tests,Add-child entry points and direct POST,"Active family with owner, assigned guardian, and child-scoped guardian link",1,owner success; delegated admin success; assigned guardian deny; unrelated user deny,Open the form or create an athlete,"Only family owner, primary guardian or explicit family admin can create; denial creates nothing and is audited",Repository and client use explicit family-admin authority; unauthorised controls are absent and direct routes redirect,POST /v1/athletes,Owner 201; delegated admin 201; assigned guardian 403; unrelated user 403,Isolated Fastify app.inject; no staging mutation request ID,Family | FamilyMembership | Athlete | GuardianChildLink | AuditEvent,Both denials left Athlete and GuardianChildLink counts unchanged; authorised creates added exactly one of each,Unchanged from prior Supabase review; application writes remain behind Fastify authority,Focused proof persisted 2 SUCCESS and 2 DENY athlete.create events,,blocked: current Sentry token returns HTTP 403 for issue reads,family owner | delegated admin | assigned guardian | unrelated roles,Admin scopes create; child assignment alone does not escalate authority,passed,passed,Add-child entry points removed for actors who cannot complete them,none added,passed,Shared React Native capability gate; deterministic native replay remains blocked by host DevToolsSecurity,Youth athlete and guardian assignment governance,5/5 cross-role replay passed with zero automated layout findings,Direct route blocks before form content; existing labelled controls retained,fixed,high,reviews/ios-native-audit/runtime/2026-07-31/add-child-authority-final/report.json | apps/api/src/modules/family-athlete/routes.test.ts | __tests__/hooks/add-child-authority-boundary.test.ts,"Any family member could create an athlete and become that child’s primary guardian, escaping assignment scope",fix(security): restrict child creation authority,API 26/26; UI boundary 1/1; permission service 3/3; role replay 5/5; root/API typecheck passed,No destructive staging or production create. The runner now separates family-owner and assigned-guardian fixtures.
UI-022,ADD-CHILD-VISUAL-SIMPLIFICATION,Add-child registration design and control integrity,family admin,/add-child,Player details | Support needs | Safety,initial; required choices; support yes/no; medical yes/no; step transition,iPhone 13 responsive emulation,staging read-only responsive replay,Direct /add-child as family owner,Authorised family owner; no profile submission,1-3,details; support collapsed; support expanded; safety; medical expanded,Complete required player fields and traverse every step without submitting,"Compact football registration with one hierarchy, direct trust copy and controls that complete their stated intent","All three steps use one title, 1 / 3 progress, compact fields, semantic choices and stable top-of-step scroll; support and medical branches expand cleanly; all four consent flags default denied",GET /v1/me | GET /v1/families/:familyId,Five responsive flows completed with no failed request or console error; no POST /v1/athletes was submitted,Read-only responsive replay; see report,Family | FamilyMembership | Athlete | GuardianChildLink | AuditEvent,"No athlete, guardian link or consent mutation was submitted",Unchanged; this slice exercised the shared client without a write,No create event expected because the final Add child action was not pressed,,blocked: current Sentry token returns HTTP 403 for issue reads,family admin; unauthorised roles remain blocked by SEC-002,Authorised registration flow passed; existing direct-route denial remains intact,passed,passed,"removed duplicate title block, generic step dots, oversized photo treatment, card explainers and unreachable consent step",passed: one restrained progress rule and ordinary native form controls,"passed: Player details, Support needs, Safety, Continue and Add child",Shared React Native controls; deterministic native visual and VoiceOver replay remains blocked by host lock/DevToolsSecurity,Youth player registration and assigned-coach support context,"Manual review plus 5/5 replay at 390px; zero overflow, nested controls or product-text findings","Semantic progressbar, radio/checkbox state, default-off native Switch, labelled inputs/actions, explicit date Done and working cancel; native tree remains blocked",fixed,medium,reviews/ios-native-audit/runtime/2026-07-31/add-child-redesign/report.json | reviews/ios-native-audit/runtime/2026-07-31/add-child-redesign/parent__parent_add_child.png | reviews/ios-native-audit/runtime/2026-07-31/add-child-redesign/parent__parent_add_child_support.png | reviews/ios-native-audit/runtime/2026-07-31/add-child-redesign/parent__parent_add_child_support_details.png | reviews/ios-native-audit/runtime/2026-07-31/add-child-redesign/parent__parent_add_child_safety.png | reviews/ios-native-audit/runtime/2026-07-31/add-child-redesign/parent__parent_add_child_medical_details.png | __tests__/hooks/add-child-ui-boundary.test.ts,"Oversized photo/close treatment, generic wizard dots, duplicate hierarchy, vague copy, handmade switches, stale step scroll and a no-op cancel made the flow look generated and behave inconsistently",fix(ui): simplify child registration,5/5 responsive branch replay; focused UI/authority tests 5/5; root typecheck and test compile passed; React Doctor remained 84/100,No staging or production create was submitted. Ponytail deleted 152 lines of unreachable duplicate consent UI. Non-form service consent fallbacks are tracked separately in SEC-003.
SEC-003,CHILD-MEDIA-CONSENT-DEFAULT-DENY,Child consent default-deny and audited guardian updates,family admin; child; assigned coach,/add-child | /child/:id/medical | GET and PUT /v1/athletes/:athleteId/consents,Add child and child health consent synchronization,missing consent; explicit grant; explicit revoke; profile hydration,shared React Native service; isolated Fastify harness,local mock/service tests; isolated seed API; read-only staging catalog,Create or hydrate a child then read and update consent through family health authority,No implicit consent decision; authorised guardian for writes,1-3,missing=denied; explicit grant=granted; explicit revoke=denied,"Resolve missing values, grant selected types, then revoke a prior grant",Every unresolved type stays denied; only the guardian write changes state; each resulting state is auditable,"All four missing values resolve false in creation, clearing, API mapping and hydration; explicit video/emergency grants resolve true; photo revocation resolves false and supersedes the prior row",GET /v1/athletes/:athleteId/consents | PUT /v1/athletes/:athleteId/consents,26/26 isolated family-athlete route tests passed; missing read returned four denials and two guardian updates returned the requested final states,Isolated Fastify app.inject requests; no live consent mutation,ChildConsent | AuditEvent,"Seed repository retained four current rows, superseded the previous four and set revokedAt for denied rows; Prisma implementation uses the same default-deny replacement transaction","Read-only staging preflight: 55/55 migrations applied, zero current public tables without RLS and zero direct anon/authenticated grants",Two consents.update SUCCESS events persisted with complete grantedTypes and deniedTypes metadata; two consent reads persisted,,blocked: current Sentry token returns HTTP 403 for issue reads,children; family administrators; assigned coaches consuming consent,Children remain denied by default; authorised guardian grants/revokes work; coach-facing consent consumers receive backend state instead of invented client grants,passed,passed,not applicable; no new control or copy added,not applicable; security boundary only,unchanged,Shared service behavior; native and responsive clients use the same false defaults,"Session photography, training video and emergency-treatment safeguarding",not applicable,No UI semantic change; Add Child retains the labelled default-off native Switch,fixed,high,__tests__/services/child-service.test.ts | __tests__/services/family-member-service-api-mode.test.ts | apps/api/src/modules/family-athlete/routes.test.ts | services/child-service.ts | services/family/family-api-support.ts | apps/api/src/modules/family-athlete/routes.ts | docs/trust/auth-and-permission-boundaries.md,"Missing, cleared and hydrated client consent previously became granted for photo, video and emergency treatment without a guardian decision",fix(security): default child consent to denied,test compile passed; focused app tests 28/28; focused Fastify tests 26/26; migration audit passed with 0 missing RLS and 0 current direct role grants,No staging or production child or consent was changed. Supabase MCP tool availability remains blocked in ENV-003; the separate future-default privilege blocker is SEC-004.
SEC-004,SUPABASE-FUTURE-OBJECT-DEFAULT-PRIVILEGES,Supabase public-schema current and future access posture,system,Postgres catalog and Supabase control plane,Database release preflight,current objects closed; future supabase_admin defaults open,local audit task,staging database read-only,npm run audit:db:stage -- --json,Staging DATABASE_URL; Prisma read-only catalog access; no production target,1,current RLS/grants; future default privileges,"Query applied migrations, RLS flags, direct grants, default grants and security-definer functions","All current public objects and future objects remain inaccessible to PUBLIC, anon and authenticated outside Fastify","Current objects passed, but supabase_admin defaults still grant future table, sequence and routine privileges to PUBLIC, anon or authenticated",Supabase Postgres catalog; MCP server reachability,Database query completed read-only; MCP endpoint returned expected unauthenticated HTTP 401 but configured MCP tools were not exposed in this task,Read-only local audit; no database write,pg_tables | pg_class | pg_default_acl | pg_proc | _prisma_migrations,59/59 migrations applied; required columns present; connected principal postgres cannot alter supabase_admin defaults,zero rlsDisabledTables; zero current direct anon/authenticated/PUBLIC grants; 25 unsafe supabase_admin future-default grant findings,No product audit event expected from read-only catalog inspection,,not applicable,all roles; future objects only,No current direct exposure found; a future Supabase-owned public object could inherit unintended Data API authority,failed release posture,requires Supabase owner/control-plane authority,not applicable,not applicable,not applicable,not applicable,"Protects all Clubroom family, medical, safeguarding and commercial data",not applicable,not applicable,pending,high,scripts/db-staging-preflight.js | scripts/audit-db-migrations.js | scripts/sql/revoke-supabase-default-grants.sql | packages/db/prisma/migrations/20260707221642_enable_public_table_rls/migration.sql,"Supabase supabase_admin default privileges can give future public-schema objects broad PUBLIC, anon or authenticated access despite current objects being closed",,pending authorised default-privilege revocation and a clean read-only staging preflight,No write was attempted: current postgres lacks supabase_admin USAGE and Supabase MCP tools are not exposed in this task. Current ChildConsent remains RLS-enabled with no direct anon/authenticated grant.
SEC-005,CHILD-CREATE-ATOMICITY,Atomic child profile and protected-data creation,family admin; child; downstream assigned coach,/add-child | POST /v1/athletes,Add Child final submission,successful create; injected protected-data write failure,shared React Native service; isolated Fastify harness,local API-mode app test; isolated seed API; Prisma source/type proof,Complete Add Child and press Add child once,Authorised family administrator; profile and safeguarding data entered,3,complete success; medical initialization failure after base rows,Submit the player profile and protected data through the create command,"Athlete, guardian assignment and all supplied protected records commit together or none remain","Success created the complete bundle; injected medical failure after athlete, link and support tag insertion returned 500 and restored every affected table count",POST /v1/athletes,Success returned 201; injected repository failure returned 500; app API-mode proof observed exactly one write and no medical/contact/consent follow-up write,Isolated Fastify app.inject and mocked app API transport; no live request,Athlete | GuardianChildLink | ChildSenTag | ChildMedicalRecord | ChildEmergencyContact | ChildConsent | AuditEvent,Seed success persisted the complete bundle; seed failure left all seven domain table counts unchanged; Prisma writes the same records inside one $transaction,Unchanged read-only staging posture: current affected public tables have RLS enabled with zero direct anon/authenticated/PUBLIC grants,"Successful bundled create persisted athlete.create plus medical.update, emergency_contacts.update and final-state consents.update; rollback persisted athlete.create ERROR only",,blocked: current Sentry token returns HTTP 403 for issue reads,family administrators; newly created children; coaches consuming protected state,Admin receives one truthful create result; children cannot be orphaned by a later client write failure; downstream roles see one consistent backend record,passed,passed: one submit intent and one backend write,not applicable; no UI or copy added,not applicable; integrity boundary only,unchanged,Shared service sends one request on iOS and responsive clients; deterministic native interaction remains blocked by host DevToolsSecurity,"Youth player registration, guardian assignment and safeguarding records",unchanged,No semantic UI change; existing labelled Add child action remains the single submit control,fixed,high,__tests__/services/family-member-service-api-mode.test.ts | apps/api/src/modules/family-athlete/routes.test.ts | apps/api/src/modules/family-athlete/routes.ts | apps/api/src/repositories/p0/family-athlete-repository.ts | services/child-service.ts | docs/backend-api/ROUTE_INVENTORY_V1.md | docs/trust/auth-and-permission-boundaries.md,"The client created the athlete first and could then fail during medical, contact or consent synchronization, leaving a real partial child while reporting failure",fix(api): create child trust data atomically,root/API typecheck and focused lint passed; test compile passed; app API-mode tests 12/12; Fastify family-athlete tests 27/27 including injected rollback,No staging or production create was submitted. Prisma atomicity is implemented in the existing transaction and validated by API typecheck; destructive database failure injection was intentionally confined to the isolated seed repository.
QA-004,UI-FLOW-ASYNC-LOCATORS,Cross-role async control detection,coach; parent; assigned guardian; athlete; club admin,scripts/ui-flow-checks-50.mjs,100-flow responsive audit suite,asynchronously rendered required controls,iPhone 16 Pro responsive browser viewport,local Expo web bundle backed by staging API,100 configured non-destructive role flows,Authenticated seeded role accounts and linked staging dataset,1,initial 100-flow run; full 40-flow coach retest,Navigate each flow and resolve required controls after asynchronous route data renders,A visible required control is found within the bounded wait and the configured assertion or safe action runs,The one-shot locator fabricated five missing-control failures; screenshots showed each target; bounded polling produced a clean 40/40 coach retest and 100/100 reconciled suite,Browser-observed role-scoped requests,No failed request caused the five findings; no product mutation was submitted,,,No database mutation executed,Not directly exercised by this harness fix,No mutation and no product audit event expected,,Sentry issue reads remain blocked by HTTP 403; runner reported no runtime exception after the fix,coach; all roles consuming the shared runner,Coach 40/40 passed after fix; reconciled cross-role suite is 100/100,not applicable; QA infrastructure,not applicable; QA infrastructure,not a product UI defect,not a product copy defect,not a product copy defect,Responsive harness only; native interaction remains blocked by host DevToolsSecurity,not applicable; audit infrastructure,Failure screenshots were inspected to classify the defect,Role and accessible-name locators now tolerate bounded async rendering,fixed,medium,reviews/ios-native-audit/runtime/2026-07-31/report.qa-locator-timing.json | reviews/ios-native-audit/runtime/2026-07-31/report.route-reconciliation-100.json | reviews/ios-native-audit/runtime/2026-07-31/route-reconciliation-100/coach__coach_add_member_to_squad.png | reviews/ios-native-audit/runtime/2026-07-31/route-reconciliation-100/coach__coach_schedule_location_modal_actions.png | reviews/ios-native-audit/runtime/2026-07-31/route-reconciliation-100/coach__coach_earnings_payment_instructions.png | reviews/ios-native-audit/runtime/2026-07-31/route-reconciliation-100/coach__coach_verification_identity.png | reviews/ios-native-audit/runtime/2026-07-31/route-reconciliation-100/coach__coach_verification_credentials.png,The responsive audit runner checked required controls once before async route data finished rendering and falsely classified five working coach controls as high product failures,fix(qa): wait for async flow controls,"node --check, Prettier and ESLint passed; coach 40/40 passed; reconciled cross-role suite 100/100",No pending route row was promoted by inference. The 29 flows added since the prior 71-flow baseline target Add Child and verification routes that already have stronger dedicated rows.
UI-023,VERIFICATION-ID-CHOICES,Photo ID choice layout,coach,/verification/id,Photo ID,unselected choices; Passport selected; document action revealed,iPhone 16 Pro responsive browser viewport,local Expo web bundle backed by staging API,Direct /verification/id,Authenticated coach with verification status available,1,default ID choices and selected Passport state,"Open Photo ID, inspect all choice rows, select Passport and assert the document action remains separated from Requirements",Each label and radio remains visually distinct at 390px; selection reveals Choose document without colliding with the next section,Redundant choice icons were removed; all three labels have clear radio spacing; Passport selection revealed Choose document and the 16px minimum geometry assertion passed,GET /v1/coaches/:coachId/verification-status,Verification profile completed 5/5 with no failed request finding,,,No database mutation executed,Not re-queried in this visual slice; existing Fastify authority remained in place,Not reconciled in this visual slice; no document mutation was submitted,,Sentry issue reads remain blocked by HTTP 403; runner reported no runtime exception,coach,All five coach verification flows passed after the layout change,passed,passed,removed decorative icons that repeated the option labels,passed after deleting redundant decoration,unchanged direct labels,Shared React Native surface passed responsive runtime; native interaction remains blocked by host DevToolsSecurity,coach identity evidence,passed at 390px with 0 horizontal overflow and measured section spacing,Named radio controls retain selected state; 0 nested buttons; native VoiceOver remains unverified,fixed,medium,reviews/ios-native-audit/runtime/2026-07-31/verification-id-geometry/report.json | reviews/ios-native-audit/runtime/2026-07-31/verification-id-geometry/coach__coach_verification_identity.png | app/verification/id.tsx | hooks/use-id-verification.ts | scripts/ui-flow-checks-50.mjs,Decorative ID-type icons consumed the row width and left the National ID card label crowded against its radio control at 390px,fix(ui): simplify photo ID choices,root typecheck and test compile passed; focused test lint and formatting passed; two warmed coach verification profiles passed 5/5; final geometry assertion passed; React Doctor found no changed verification-file diagnostic,No file was selected or uploaded. The first post-hot-reload run was not accepted: it captured three controls after their assertions and one truthful DBS skeleton; both warmed reruns passed. React Doctor scored the concurrently dirty tree 83/100 and named only unrelated booking and group-session files.
UI-024,ACCOUNT-SETTINGS-LAYOUT-TRUTH,Account settings compact layout and truthful metadata,all authenticated roles,/settings/account,Account,ready; long email; missing createdAt,iPhone 16 Pro responsive browser viewport,local Expo web bundle backed by staging API,Direct /settings/account after coach login,Authenticated staging coach with a long account email,1,long email and unavailable membership date,Open Account and inspect contact rows and account metadata,Email and labels remain readable at 390px; missing metadata is disclosed; user copy describes outcomes only,Email moved under its label; shared values are bounded to two lines; missing createdAt shows Not available; internal build/API language was removed,Existing account settings reads only,Authenticated replay completed with no failed-request finding; no save or closure mutation submitted,,User,No database mutation executed,Not re-queried in this visual slice; existing API authority remained in place,No mutation and no new audit event expected,,blocked: current Sentry token returns HTTP 403 for issue reads,all authenticated roles using SettingsRow,Coach replay passed; shared row constraints apply to every role,passed,passed,removed fabricated fallback state and internal runtime explanation,passed after removing build/API phrasing,passed,Shared React Native surface passed responsive runtime; native interaction remains blocked by host DevToolsSecurity,account utility supporting the football product,passed at 390px with no label collapse or horizontal overflow,Rows announce label and value; existing labelled controls retained; native VoiceOver remains unverified,fixed,medium,reviews/ios-native-audit/runtime/2026-07-31/settings-account-layout-final-2/report.json | reviews/ios-native-audit/runtime/2026-07-31/settings-account-layout-final-2/coach__coach_settings_account.png | app/settings/account.tsx | components/settings/settings-row-base.tsx,The email value consumed the row width and collapsed Email into one-letter lines; missing createdAt fabricated a membership date; footer exposed build/API implementation language,fix(ui): make account settings truthful,"root typecheck, Prettier and focused ESLint passed; authenticated account replay passed 1/1; screenshot manually inspected",An earlier replay rendered Sign in at the expected URL and was rejected despite a clean scanner result; the harness now requires the real screen heading before accepting a settings route.
QA-005,SETTINGS-AUTHENTICATED-CONTENT,Protected settings route identity assertions,coach; reusable for authenticated roles,11 app/settings routes,Settings route audit profile,authenticated content; expired or missing session shell,iPhone 16 Pro responsive browser viewport,local Expo web bundle backed by staging API,Direct protected routes after role preflight,Staging role credentials and settings-routes profile,1,valid content; sign-in shell at expected URL; legal copy containing fake,Navigate each exact path and require its real screen heading before accepting route metrics,A route passes only when authenticated product content renders; legal prose is not mistaken for fixture copy,The first clean result was rejected after screenshot review showed Sign in; all 11 settings flows now require their route heading; the broad bare-fake detector was narrowed,Browser-observed authenticated settings requests,No product mutation submitted; final Account replay completed after a successful signed-in preflight,,,No database mutation executed,Not directly exercised by this QA harness change,No mutation and no product audit event expected,,Sentry issue reads remain blocked by HTTP 403; no runtime exception in accepted replay,all authenticated roles consuming the runner,Account false pass is now impossible; settings profile carries explicit identity assertions on all 11 routes,not applicable; QA infrastructure,not applicable; QA infrastructure,not a product UI defect,legal use of fake no longer triggers the fixture detector,not applicable; QA infrastructure,Responsive harness only; native interaction remains blocked by host DevToolsSecurity,not applicable; audit infrastructure,Screenshots remain mandatory evidence and exposed the false pass,Assertions use visible product headings; screen-specific semantic checks remain separate,fixed,high,reviews/ios-native-audit/runtime/2026-07-31/settings-account-layout/coach__coach_settings_account.png | reviews/ios-native-audit/runtime/2026-07-31/settings-account-layout-final-2/report.json | scripts/ui-flow-checks-50.mjs,The route runner could accept a protected URL as clean while the page rendered Sign in because it checked URL and generic metrics but not authenticated screen identity,fix(ui): make account settings truthful,"node --check, Prettier and ESLint passed; accepted authenticated Account replay passed 1/1 with heading assertion",The rejected run is retained as evidence. Terms legal copy remains unchanged; the generic fixture detector no longer treats every legitimate use of the word fake as demo data.
UI-025,SETTINGS-STATE-SIMPLIFICATION,Blocked and notification settings simplification,all authenticated roles,/settings/blocked-users | /settings/notifications | /settings/notifications/preferences,Blocked Users | Notification Preferences,empty blocked list; quiet hours disabled; notification channels loaded,iPhone 16 Pro responsive browser viewport,local Expo web bundle backed by staging API,Direct settings routes after coach login,Authenticated staging coach with no blocked users and notification preferences,1,empty state and both notification route aliases,"Open each route and inspect hierarchy, copy, controls and accessibility labels without mutating preferences","One concise explanation per state, no duplicate summary card or headings, and an accessible back action",Blocked Users now shows one empty state without a zero-count summary; Quiet Hours has one title and one short behavior note; Back is explicitly labelled,GET /v1/blocks | GET /v1/me/notifications,Blocked Users passed 1/1 and both notification aliases passed 2/2; no unblock or preference mutation submitted,,UserBlock | NotificationPreference,Read-only route replays; no database mutation executed,Not re-queried in this visual slice; existing Fastify authority remained in place,No mutation and no new audit event expected,,blocked: current Sentry token returns HTTP 403 for issue reads,all roles with account settings access,Coach runtime passed; shared screens and route alias use the same implementation,passed,passed,"removed zero-count summary, count badge, repeated empty copy, duplicate Quiet Hours heading and recommendation",passed after removing explanatory stacking,passed,Shared React Native surfaces passed responsive runtime; native interaction remains blocked by host DevToolsSecurity,account communication and safety controls supporting the football product,passed at 390px; three accepted route replays had no automated layout finding,Back has an explicit button label; existing switch labels retained; native VoiceOver remains unverified,fixed,medium,reviews/ios-native-audit/runtime/2026-07-31/settings-blocked-users-final-2/report.json | reviews/ios-native-audit/runtime/2026-07-31/settings-blocked-users-final-2/coach__coach_settings_blocked_users.png | reviews/ios-native-audit/runtime/2026-07-31/settings-notifications-final-2/report.json | reviews/ios-native-audit/runtime/2026-07-31/settings-notification-preferences-final-2/report.json,"Blocked Users stacked an empty state, zero-count summary and repeated explainer; Notification Preferences repeated Quiet Hours in two headings and two explanation blocks",fix(ui): simplify empty settings states,focused Prettier and ESLint passed; Blocked Users 1/1 and both notification aliases 2/2 passed; screenshots manually inspected,No block or notification preference was changed. Existing API ownership and notification preference persistence were traced but not mutated.
UI-026,COACHING-SETTINGS-HEADER,Coaching settings route identity and back navigation,coach,/settings/coaching,Coaching Settings,loading; ready scheduling rules,iPhone 16 Pro responsive browser viewport,local Expo web bundle backed by staging API,Direct /settings/coaching after coach login,"Authenticated coach with scheduling rules, policy and travel settings",1,loading skeleton and ready content,"Open Coaching Settings and verify the header, ready scheduling content and top position",A persistent Coaching Settings header and labelled back action remain visible across loading and ready states,Dead Stack.Screen configuration was replaced with PageHeader in both states; the ready screen opens at the top with Scheduling visible,GET /v1/coaches/me/scheduling-rules and existing policy/travel reads,"Authenticated ready-state replay passed 1/1; no stepper, toggle or policy mutation submitted",,CoachSchedulingRule | CoachTravelSetting,Read-only replay; no database mutation executed,Not re-queried in this visual slice; existing Fastify authority remained in place,No mutation and no new audit event expected,,blocked: current Sentry token returns HTTP 403 for issue reads,coach,Coach route now has a stable identity and escape path,passed,passed,removed dead nested Stack.Screen configuration,not applicable,passed,Shared React Native screen passed responsive runtime; native interaction remains blocked by host DevToolsSecurity,"coach scheduling, cancellation and travel controls",passed at 390px with header and ready content visible from the top,PageHeader supplies a labelled Go back button; existing stepper and toggle semantics retained; native VoiceOver remains unverified,fixed,high,reviews/ios-native-audit/runtime/2026-07-31/settings-coaching-scroll-diagnostic/report.json | reviews/ios-native-audit/runtime/2026-07-31/settings-coaching-scroll-diagnostic/coach__coach_settings_coaching.png | app/settings/coaching.tsx,"Coaching relied on Stack.Screen inside a settings stack with headerShown false, so the ready route opened without a title or back control",fix(ui): restore coaching settings header,focused Prettier and ESLint plus root typecheck passed; warmed ready-state replay passed 1/1; screenshot manually inspected,No coaching setting was changed. The first post-change screenshot captured a truthful loading skeleton and was not accepted as ready-state proof.
QA-006,SETTINGS-READY-STATE-ASSERTIONS,Settings ready-state and top-position assertions,coach; reusable for authenticated roles,11 app/settings routes,Settings route audit profile,loading skeleton; ready content; initial scroll position,iPhone 16 Pro responsive browser viewport,local Expo web bundle backed by staging API,Direct protected settings routes after role preflight,Staging settings fixtures and route-specific ready markers,1,header-only loading state versus ready route state,"Require both route heading and route-specific ready content, then assert every visible scroll container starts at zero",A settings flow passes only after its actual content loads and the route opens at the top,All 11 flows now carry ready markers and a scroll-top assertion; the initial Coaching skeleton was rejected and the warmed ready screen passed,Browser-observed authenticated settings requests,Diagnostic and accepted Coaching runs were read-only; no product mutation submitted,,,No database mutation executed,Not directly exercised by this QA harness change,No mutation and no product audit event expected,,Sentry issue reads remain blocked by HTTP 403; no runtime exception in accepted replay,all authenticated roles consuming the runner,Settings evidence can no longer promote a header-only loading state as a completed route,not applicable; QA infrastructure,not applicable; QA infrastructure,not a product UI defect,not applicable; QA infrastructure,not applicable; QA infrastructure,Responsive harness only; native interaction remains blocked by host DevToolsSecurity,not applicable; audit infrastructure,Ready-state screenshots now start at the top and include product content,Assertions use visible headings and route content; screen-specific semantic checks remain separate,fixed,high,reviews/ios-native-audit/runtime/2026-07-31/settings-coaching-header-final/coach__coach_settings_coaching.png | reviews/ios-native-audit/runtime/2026-07-31/settings-coaching-scroll-diagnostic/report.json | scripts/ui-flow-checks-50.mjs,"A settings route could pass after rendering only its header and loading skeleton, which overstated completed route coverage",fix(ui): restore coaching settings header,"node --check, Prettier and ESLint passed; Coaching ready marker and scroll-top assertion passed 1/1",The loading screenshot remains recorded as rejected evidence; only the warmed ready-state report is cited for UI-026.
UI-027,PRIVACY-FUNCTIONAL-CONTROLS,Privacy settings functional control boundary,all authenticated roles,/settings/privacy | GET/PATCH /v1/me/privacy-settings,Privacy,ready; functional toggles; API self authority,iPhone 16 Pro responsive browser viewport; isolated Fastify test process,local Expo web backed by staging API; isolated seed API,Direct /settings/privacy after coach login,Authenticated user privacy row; product consumer trace for every persisted field,1,functional profile visibility; hidden compatibility fields; forged owner payload,"Trace all nine fields to product consumers, render only enforced controls, and run isolated self-authority proof",Only controls with real downstream effects are shown; active controls look active; owner is derived from auth and changes remain audited,Only Public Profile and Show Location remain; seven placebo toggles and duplicate Cookie & Tracking were removed; shared toggle rows no longer inherit disabled opacity,GET/PATCH /v1/me/privacy-settings | GET /v1/blocks,"Responsive privacy replay passed 1/1 with eight absence assertions; isolated API proof passed GET, forged-owner 400 and two self PATCH 200 cases",isolated Fastify app.inject; no staging mutation request ID,UserPrivacySetting | UserBlock | AuditEvent,Isolated seed proof persisted owner and outsider self-scoped updates; staging replay was read-only,Unchanged: product access remains behind authenticated Fastify authority; current direct staging posture tracked by SEC-004,Isolated proof persisted privacy_settings.read SUCCESS and privacy_settings.update SUCCESS with sorted changedKeys,,blocked: current Sentry token returns HTTP 403 for issue reads,all authenticated roles,Shared privacy screen presents two truthful controls; API compatibility fields remain stored but hidden until consumed,passed,passed,removed seven placebo toggles and duplicate legal row,"passed after removing speculative ads, partner sharing, earnings and activity controls",passed,Shared React Native surface passed responsive runtime; native interaction remains blocked by host DevToolsSecurity,profile discovery and location visibility for football participants,active switches now use normal text/icon opacity; 390px screenshot manually verified,Active switches retain explicit Toggle labels; rows no longer announce false disabled styling; native VoiceOver remains unverified,fixed,high,reviews/ios-native-audit/runtime/2026-07-31/settings-privacy-functional-only-final/report.json | reviews/ios-native-audit/runtime/2026-07-31/settings-privacy-functional-only-final/coach__coach_settings_privacy.png | apps/api/src/modules/wave2plus/routes.test.ts | docs/architecture/service-ownership-map.md,"Privacy exposed seven persisted settings with no product consumer, duplicated the privacy-policy destination, used internal build copy and visually disabled every active toggle row",fix(ui): remove placebo privacy controls,root typecheck and test compile passed; focused API proof 1/1; privacy route 1/1 with eight absence assertions; focused lint and formatting passed,"No staging privacy value was changed. Backend compatibility fields remain accepted and audited, but the product UI will not expose them until a real consumer exists."
UI-028,CALENDAR-EXPORT-TRUTHFULNESS,Calendar export functional boundary and visual simplification,all authenticated roles,/settings/calendar-sync | device-local calendar export preferences,Calendar Export,ready; functional preferences; export action,iPhone 16 Pro responsive browser viewport; calendar service unit process,local Expo web backed by staging API; isolated test storage,Direct /settings/calendar-sync after coach login,Authenticated account and default export preferences,1,functional ICS preferences and non-submitted export,"Trace each setting to generated ICS output, remove claims without consumers, verify compact layout, and exercise service tests",The screen says exactly what Clubroom can do and every visible preference changes the generated file,"Only Include Location, Include Notes and Session Reminder remain; Calendar Export creates one file for bookings, sessions and club events; dead provider component deleted",device-local AsyncStorage preferences; export source trace to authenticated booking session and event reads,Responsive replay passed 1/1 with four absence assertions; calendar service suite passed 24/24 including exposed preference output,no staging request id,AsyncStorage calendar_sync_settings_<userId>; server football records are read only when export is submitted,Unit proof generated ICS content with location and notes omitted and a 30-minute alarm; route replay made no database mutation,not applicable to local export preferences; existing server read scopes unchanged,no audit event expected for local preference changes; no export submission,,blocked: current Sentry token returns HTTP 403 for issue reads,all authenticated roles,Coach runtime passed; same shared route and device-local preference contract apply across roles,passed,passed,"deleted three placebo controls, a fabricated last-sync display, duplicate explanatory copy and an unused provider component",removed oversized icon-led reminder card and false integration theatre,passed,Shared React Native surface passed responsive runtime; actual iOS share sheet remains unverified because DevToolsSecurity blocks native control,"calendar file contains upcoming bookings, coached group sessions and club events",compact reminder row and direct export hierarchy passed at 390px; screenshot manually inspected,"back, switches, reminder disclosure and export action have explicit accessible names; native VoiceOver remains unverified",fixed,high,reviews/ios-native-audit/runtime/2026-07-31/settings-calendar-export-final-2/report.json | reviews/ios-native-audit/runtime/2026-07-31/settings-calendar-export-final-2/coach__coach_settings_calendar_sync.png | __tests__/calendar/calendar-service.test.ts | hooks/use-calendar-sync.ts | services/calendar-service.ts,"The app presented fake automatic sync and provider selection, visually disabled controls that actually govern ICS output, and inflated one picker into a large decorative card",fix(ui): make calendar export truthful,"focused formatting and lint, root typecheck, 24/24 calendar tests and ready-state route 1/1 passed; screenshot manually inspected",No export action or staging mutation was submitted. Compatibility fields remain stored but are not exposed as product capabilities.
UI-029,NOTIFICATION-HEADER-CONSISTENCY,Notification settings route identity and safe back navigation,all authenticated roles,/settings/notifications | /settings/notifications/preferences,Notifications,ready preferences; direct route; route alias,iPhone 16 Pro responsive browser viewport,local Expo web bundle backed by staging API,Direct navigation to both notification routes,Authenticated account with persisted notification preferences,1,both aliases and no-history fallback,"Replace the custom header with PageHeader, keep the title complete at 390px, and require the heading and Go back control inside the viewport",Both routes share one concise title and a labelled back action that has a Settings fallback,Custom header code was deleted; title shortened to Notifications after the first shared-header screenshot exposed truncation; both aliases passed and screenshots match,GET /v1/me/notifications,Read-only authenticated preference loads passed; no toggle quiet-hours type or mute mutation submitted,,NotificationPreference | QuietHours | MutedSource,No database mutation executed,Existing authenticated self authority remained unchanged; direct RLS not re-run,No mutation and no notification.preferences.update audit event expected,,blocked: current Sentry token returns HTTP 403 for issue reads,all authenticated roles,Both coach route aliases passed; same screen and header behavior apply across authenticated roles,passed,passed,deleted bespoke header imports component and history-only behavior,removed a truncated overlong route title instead of shrinking typography,passed,Shared React Native surface passed responsive runtime; native interaction remains blocked by host DevToolsSecurity,notification control for football bookings messages schedules and account trust,complete Notifications title and balanced shared header manually verified at 390px,PageHeader supplies Go back and a direct-entry fallback; native VoiceOver remains unverified,fixed,high,reviews/ios-native-audit/runtime/2026-07-31/settings-notification-header-final/report.json | reviews/ios-native-audit/runtime/2026-07-31/settings-notification-header-final/coach__coach_settings_notifications.png | reviews/ios-native-audit/runtime/2026-07-31/settings-notification-header-final/coach__coach_settings_notification_preferences.png,"The custom header labelled the control only Back, assumed navigation history, bypassed the shared component and then exposed title truncation when first standardized",fix(ui): standardize notification settings header,"focused formatting, ESLint and route script syntax passed; accepted chunk passed 5/5 with both aliases; screenshots manually inspected",No notification setting or staging row was changed
QA-007,SETTINGS-HEADER-VIEWPORT-ASSERTIONS,Settings heading and back-control viewport assertions,coach; reusable for authenticated roles,11 app/settings routes,Settings route audit profile,ready content; exact heading; back action bounds,iPhone 16 Pro responsive browser viewport,local Expo web bundle backed by staging API,Direct protected settings routes after role preflight,Staging settings fixtures and route-specific headings,1,current route header versus retained or off-screen UI,"For every settings flow, locate the exact heading and Go back control and require both bounding boxes to fit inside the visual viewport",A route cannot pass on content alone when its identity or escape control is missing or off-screen,The diagnostic run rejected both notification aliases because their custom control was not named Go back; after standardization all 11 settings routes passed the new bounds checks,Browser-observed authenticated settings reads,Diagnostic and accepted runs were read-only; no product mutation submitted,,,No database mutation executed,Not directly exercised by this QA harness change,No mutation and no product audit event expected,,Sentry issue reads remain blocked by HTTP 403; accepted run had no runtime exception,all authenticated roles consuming the runner,All settings route evidence now requires a bounded heading and shared accessible back action,not applicable; QA infrastructure,not applicable; QA infrastructure,not a product UI defect,not applicable; QA infrastructure,not applicable; QA infrastructure,Responsive harness only; native interaction remains blocked by host DevToolsSecurity,not applicable; audit infrastructure,Full 11-route profile passed target bounds before manual review caught and corrected title truncation,Assertions target exact visible route text and accessible button names; native semantic-tree proof remains separate,fixed,high,reviews/ios-native-audit/runtime/2026-07-31/settings-header-bounds-diagnostic/report.json | reviews/ios-native-audit/runtime/2026-07-31/settings-routes-ready-final-2/report.json | scripts/ui-flow-checks-50.mjs,The runner could previously promote a ready settings route without proving its title and escape control were inside the viewport,fix(ui): standardize notification settings header,"node --check, formatting and ESLint passed; diagnostic rejected two aliases; subsequent full settings profile passed 11/11",The manual screenshot review remained authoritative and caught title ellipsis beyond what bounding boxes alone prove
UI-030,TRAVEL-RADIUS-TRUTHFULNESS,Travel radius simplification and save integrity,coach; families searching coaches,/settings/travel-radius | GET/PATCH /v1/coaches/me/travel-settings | coach discovery,Travel Radius,ready; rapid edits; injected PATCH failure,iPhone 16 Pro responsive browser viewport; isolated app/API test processes,local Expo web backed by staging reads; intercepted PATCH; isolated seed and db-fixture API,Direct /settings/travel-radius after coach login,Authenticated coach; 10-mile persisted radius; in-person enabled; remote disabled,1,ready read; coalesced draft; server failure rollback,"Trace every control to discovery, remove non-functional copy and decoration, coalesce rapid edits, inject a 503, and verify server truth is restored",Every visible control changes real discovery behavior; failed saves are visible and cannot leave an unsaved optimistic value presented as truth,Two compact sections remain; rapid field changes produce one minimal patch; forced 503 showed a banner and rolled 11 mi back to 10 mi,GET/PATCH /v1/coaches/me/travel-settings,"Ready read passed; isolated Fastify proof passed validation, non-coach denial, update and reread; failure profile intercepted PATCH before upstream",No staging mutation request; isolated app.inject only,CoachProfile | AuditEvent,Seed and db-fixture proofs persisted owned updates; responsive ready and failure replays changed no staging row,Backend derives coach from auth and requires an active CoachProfile; direct staging RLS was not re-run,"Isolated proof persisted coach_travel_settings.read SUCCESS, update SUCCESS and two update DENY events",,blocked: current Sentry token returns HTTP 403; accepted profiles had no unexpected runtime issue,coach; parents; guardians; athletes,Coach controls remain self-owned; family and athlete discovery consumes radius and format flags through the public offering projection,passed,passed,"deleted repeated Travel Radius title, separate location card, suggested range, decorative checks and five helper lines",passed after replacing demo-like coaching copy and giant cards with terse operational rows,passed,Shared React Native surface passed responsive runtime; deterministic native tapping remains blocked by host DevToolsSecurity,local and remote paid football coaching discovery,final ready screenshot manually accepted at 390px with 0 overflow and 0 nested buttons,"Radius buttons, switches and back control expose explicit names and disabled states; native VoiceOver remains unverified",fixed,high,reviews/ios-native-audit/runtime/2026-07-31/settings-travel-radius-final/report.json | reviews/ios-native-audit/runtime/2026-07-31/settings-travel-radius-final/coach__coach_settings_travel_radius.png | reviews/ios-native-audit/runtime/2026-07-31/settings-travel-radius-save-failure-final-3/report.json | reviews/ios-native-audit/runtime/2026-07-31/settings-travel-radius-save-failure-final-3/coach__coach_settings_travel_radius_save_failure.png | __tests__/services/coach-travel-service-api-mode.test.ts | apps/api/src/modules/coach-club/travel-settings.routes.test.ts | services/discover-service.ts,The screen looked generated and the debounced hook could drop a preceding rapid edit; any failed save silently left an optimistic value on screen,fix(ui): simplify travel radius settings,service 3/3; Fastify 2/2; ready UI 1/1; injected-failure UI 1/1,The failure PATCH was fulfilled locally with 503 and never reached staging. No destructive or production test ran.
QA-008,TRAVEL-RADIUS-SAVE-FAILURE,Deterministic settings mutation failure proof,coach; reusable QA infrastructure,scripts/ui-flow-checks-50.mjs | /settings/travel-radius,Travel radius save failure profile,injected HTTP 503; expected console response; rollback,iPhone 16 Pro responsive browser viewport,local Expo web backed by staging GET; Playwright-intercepted PATCH,Direct protected route after coach preflight,Staging fixture reports 10 mi and the authenticated ready screen is loaded,1,intentional API failure,"Register a PATCH-only 503 route, press Increase in-person radius, require the exact error, require 10 mi restored, require 11 mi absent, and reconcile only the declared response/console errors",The harness proves a mutation failure without writing staging and still fails on every undeclared network or console problem,The injected response and Chromium console line were observed as declared evidence; UI assertions passed and the profile finished 1/1 severity none,intercepted PATCH /v1/coaches/me/travel-settings,503 Travel settings were not saved; upstream API received no PATCH,not applicable; request intercepted before API,CoachProfile,No database mutation,Not exercised because the mutation was intentionally intercepted,No update audit event expected because the API was not reached,,Sentry reads remain blocked by HTTP 403; no unexpected runtime issue,QA flows that opt into explicit expected errors,Normal profiles remain strict; only the dedicated failure flow allows its exact declared errors,not applicable; QA infrastructure,not applicable; QA infrastructure,not applicable,not applicable,not applicable,Responsive failure harness only; native interaction remains blocked by host DevToolsSecurity,protects coach discovery settings integrity,failure banner and rolled-back value captured; clean ready screenshot remains separate evidence,Interaction targets the named Increase in-person radius button; native semantic proof remains separate,fixed,high,reviews/ios-native-audit/runtime/2026-07-31/settings-travel-radius-save-failure-final-3/report.json | reviews/ios-native-audit/runtime/2026-07-31/settings-travel-radius-save-failure-final-3/coach__coach_settings_travel_radius_save_failure.png | scripts/ui-flow-checks-50.mjs,The audit suite had no deterministic way to prove mutation error handling without either mutating staging or treating the intentional HTTP error as a product finding,fix(ui): simplify travel radius settings,dedicated failure profile passed 1/1 with both declared errors observed and no unexpected finding,Expected-error reconciliation is opt-in per flow and requires each exact declared error to occur.
UI-031,HELP-SUPPORT-TRUTHFULNESS,Help and support outcome simplification,all authenticated roles,/settings/help | booking detail report flow | mailto support and feedback,Help & Support,ready; feedback cancel; FAQ open-close-open,iPhone 16 Pro responsive browser viewport,local Expo web bundle backed by staging API,Direct /settings/help after coach preflight,Authenticated account; support and feedback handlers configured,1,outcome ownership and UI truth,Trace every control; keep booking incidents inside booking context; remove actions without a complete outcome; tighten copy and exercise reversible interactions,"Help contains one support outcome, one feedback outcome and compact truthful answers; no control implies missing context or install capability",Booking-report navigation and Share.share were removed from Help; support and feedback remain distinct; chooser cancel and FAQ state transitions passed,mailto URLs built locally; booking incident API remains owned by the booking report screen,No support email or safeguarding incident submitted; no staging HTTP mutation,,none,No database mutation,Existing booking incident authority remains unchanged and was not invoked from Help,No audit event expected because every exercised interaction was client-only and reversible,,Sentry reads blocked by HTTP 403; accepted browser replay had zero unexpected runtime findings,coach; parent; guardian; athlete; admin,Shared Help behavior applies to authenticated roles; session incident reporting remains available from booking context,passed,passed,deleted four redundant or misleading surfaces and the hard-coded debug line,"deleted generic promotion, fake product breadth and verbose FAQ card stacking",passed,Responsive shared React Native UI passed; native semantic interaction remains blocked by DevToolsSecurity,"retains football-specific booking, coach, payment and availability guidance",manual 390px review accepted the denser hierarchy and concise one-line support subtitles,"FAQ controls carry accessibility label, role, expanded state and hint; Settings rows and PageHeader retain accessible outcomes",fixed,high,reviews/ios-native-audit/runtime/2026-07-31/settings-help-simplified-final-6/report.json | reviews/ios-native-audit/runtime/2026-07-31/settings-help-simplified-final-6/coach__coach_settings_help.png | scripts/ui-flow-checks-50.mjs | app/settings/help.tsx,"Help mixed support, context-free incident reporting, feedback and a share action that had no install link, then repeated support details below",fix(ui): simplify help and support,Feedback chooser open/cancel and FAQ open/close/open passed with exact locators; old labels were asserted absent,The failed diagnostic exposed a partial-name Cancel locator collision; the harness now supports exact button matching. Production and staging data remained untouched.
UI-032,LEGAL-ROUTE-NAVIGATION,Legal route header and direct-entry navigation,all authenticated roles,components/settings/legal-document-screen.tsx | /settings/privacy-policy | /settings/terms,Privacy Policy | Terms,static direct entry and responsive headers,iPhone 16 Pro responsive browser viewport,local Expo web bundle backed by staging API,Direct protected routes after coach preflight,Authenticated staging coach; no guaranteed navigation history,1,history and no-history navigation,Replace the history-only back handler with canGoBack plus Settings fallback; shorten the clipped Terms route title; replay both routes,Both legal routes retain a bounded heading and an escape path when opened directly,Privacy Policy and Terms passed separately; Terms now uses a compact title; source test proves back-or-replace behavior,none,Read-only static rendering,,none,No database mutation,not applicable,No audit event expected,,Sentry reads blocked by HTTP 403; accepted replays had zero unexpected runtime findings,coach; parent; guardian; athlete; admin,Shared legal screen fix applies across roles,passed,passed,removed an overlong clipped route title,passed after choosing the shortest standard label,passed,Shared React Native route passed responsive browser runtime; native semantics remain blocked by DevToolsSecurity,legal surfaces for a football coaching marketplace,both final 390px screenshots manually accepted; 0 overflow and 0 nested buttons,shared PageHeader supplies Go back; source contract covers direct-entry fallback,fixed,high,reviews/ios-native-audit/runtime/2026-07-31/settings-legal-privacy-final/report.json | reviews/ios-native-audit/runtime/2026-07-31/settings-legal-terms-final/report.json | __tests__/hooks/legal-document-screen-navigation.test.ts,"Terms of Service exceeded the shared header geometry, and both legal routes called router.back without a no-history fallback",fix(ui): harden legal route navigation,"2/2 focused tests, root typecheck/test compile, UI-action lint and 2/2 route replays passed",This fixes route mechanics only; it does not approve the legal drafts
UI-034,ACCOUNT-CONTROLS-SIMPLIFICATION,Account settings hierarchy and truthful controls,all authenticated roles,/settings/account,Account,ready; edit; rejected save; prompt open and cancel; rejected closure submission,iPhone 16 Pro responsive browser viewport,local Expo web backed by authenticated reads and intercepted mutations,Direct protected route,Signed-in account,1,contact security support and account access,Review every label value action error and confirmation at 390px,One compact hierarchy; one intent per action; no editable identity claim without a complete verification outcome,Four direct sections remain; email is read-only; phone is editable; password reset uses the real service contract; support ref and lifecycle actions are concise; failures preserve an actionable state,PATCH /v1/auth/me | POST /v1/auth/forgot-password | POST /v1/me/data-deletion-requests,Intentional phone and closure 503 responses plus reset 204 were fulfilled locally and exactly reconciled,"",User | DataDeletionRequest,No staging mutation,Existing self authority unchanged,No audit expected for intercepted writes or cancelled prompts,"",Sentry issue reads remain blocked by HTTP 403; no unexpected responsive runtime issue,all authenticated roles,Shared account screen applies the same self-owned controls to every signed-in role,passed,passed,deleted separate email and phone cards account-type row unavailable membership date giant honesty card warning footer and password support-email detour,passed after deleting tutorial and implementation phrasing,passed,Shared React Native surface passed responsive runtime; native automation remains host-blocked,account security for football coaches families and athletes,Manual screenshot review accepted spacing hierarchy and untruncated labels,Read-only email and labelled phone input save cancel reset pause closure and back controls; busy actions expose disabled state,fixed,high,reviews/ios-native-audit/runtime/2026-07-31/settings-account-ready-final-2/report.json | reviews/ios-native-audit/runtime/2026-07-31/settings-account-ready-final-2/coach__coach_settings_account.png | reviews/ios-native-audit/runtime/2026-07-31/settings-account-interactions-final/report.json | app/settings/account.tsx | hooks/use-account-settings.ts,The screen looked generated and exposed an incomplete email mutation while real password reset was hidden behind a support email; redundant cards and unavailable metadata buried the real actions,fix(settings): simplify account controls,Ready and interaction profiles each passed 1/1 severity none; screenshot manually inspected; root typecheck formatting ESLint and UI-action lint passed,The screen still cannot receive deterministic native tap or VoiceOver proof until host DevToolsSecurity is enabled.
API-005,ACCOUNT-SELF-SERVICE-CONTRACT,Account profile password reset and closure authority,authenticated self; public reset request,PATCH /v1/auth/me | POST /v1/auth/forgot-password | GET/POST /v1/me/data-deletion-requests,Fastify account authority,phone update; rejected client request; password delivery; closure read create duplicate,compiled service tests; isolated Fastify app.inject,NODE_ENV=test seed backend plus local intercepted responsive requests,Account settings actions,Seed users password delivery webhook and deletion fixtures,1,success failure idempotency and audit redaction,Update phone; request password reset; list and create closure twice; inspect events and raw-value leakage,Return Result failures to the UI; derive profile and closure owners from auth; keep reset enumeration-safe; create at most one pending closure; audit without raw values,Client now returns failed Results instead of unconditional success; phone patch and delivery proof passed; closure read create and duplicate paths passed with redacted audits,PATCH /v1/auth/me | POST /v1/auth/forgot-password | GET/POST /v1/me/data-deletion-requests,Profile 200; webhook reset request accepted and reset completed; closure GET 200 POST 201 duplicate POST 200,"",User | PasswordResetToken | Session | DataDeletionRequest | AuditEvent,Isolated seed records updated as expected; duplicate closure returned the existing row,Actor identity is derived from auth for profile and closure; reset uses generic response; direct database access is not exposed,auth.profile_update SUCCESS and DENY omit raw email and phone; auth.password_reset_requested records domain and delivery status; deletion read/create SUCCESS omit raw reason,"",not applicable to isolated API processes,all accounts,Self-owned updates and closure status; password reset does not disclose account existence,passed,passed,removed unconditional-success compatibility wrapper,not applicable,passed,API and service contract proof,protects identities and account access for the football product,not applicable,Service returns Result error state; UI controls lock against duplicate submission,fixed,high,services/auth-service.ts | __tests__/services/auth-service.test.ts | __tests__/services/auth-service-api-mode.test.ts | apps/api/src/modules/auth/routes.test.ts | apps/api/src/modules/wave2plus/routes.test.ts,The client swallowed every forgot-password failure and always returned success; Account could therefore lie that recovery had started,fix(settings): simplify account controls,35/35 compiled app tests; 2 selected auth route cases and 1 deletion authority case passed; root typecheck passed,No live reset email profile update or deletion request was sent. Supabase current-object posture remains tracked by SEC-004.
QA-010,ACCOUNT-NONDESTRUCTIVE-INTERACTIONS,Deterministic account control and failure proof,coach; reusable QA infrastructure,scripts/ui-flow-checks-50.mjs | /settings/account,Account interaction profile,injected phone PATCH 503; intercepted reset POST 204; pause and closure cancellation; injected closure POST 503,iPhone 16 Pro responsive browser viewport,local Expo web backed by authenticated GETs; Playwright-intercepted mutations,Direct protected route after coach preflight,Ready Account route with no pending closure,1,intentional failure success and reversible prompts,Edit phone; intercept save failure; cancel edit; intercept reset acceptance; cancel pause and closure prompts; confirm closure against an intercepted failure,Exercise every control without mutating staging and keep all undeclared network console or UI failures fatal,Both exact 503 responses and their shared console error were reconciled; phone editor remained; reset success required exact 204; prompts cancelled cleanly; rejected closure restored an actionable error state; profile passed 1/1,intercepted PATCH /v1/auth/me | intercepted POST /v1/auth/forgot-password | intercepted POST /v1/me/data-deletion-requests,Both 503 responses and the 204 were fulfilled locally; the upstream API received no mutation,not applicable,User | PasswordResetToken | DataDeletionRequest,No database mutation,Not exercised because every write was intercepted before Fastify,No update reset or deletion-create audit expected because Fastify was not reached,"",Sentry reads remain blocked by HTTP 403; no unexpected runtime finding,QA flows using the dedicated profile,Normal profiles remain strict; only this flow permits its exact declared 503 errors,not applicable,not applicable,not applicable,not applicable,not applicable,Responsive interaction harness; native automation remains blocked by host DevToolsSecurity,protects account continuity for football participants,Final ready screenshot is separate; interaction report records all assertions,Targets named Phone input save cancel reset pause closure Create request and Cancel controls,fixed,high,reviews/ios-native-audit/runtime/2026-07-31/settings-account-interactions-final/report.json | scripts/ui-flow-checks-50.mjs,The audit suite had no complete non-destructive proof that Account controls handled failure success and confirmation outcomes correctly,fix(settings): simplify account controls,Dedicated interaction profile passed 1/1 with every expected 503 and 204 observed and no unexpected finding,No staging or production mutation was submitted.
LEGAL-001,LEGAL-COPY-APPROVAL,Privacy notice and consumer terms require qualified approval,all users and prospective users,"app/settings/privacy-policy.tsx | app/settings/terms.tsx | executable auth, booking, club and trust flows",Privacy Policy | Terms,substantive legal audit,current UK official guidance,repository truth plus official ICO and CMA guidance,Pre-release legal gate,"No legal entity, DPO/controller record, processing inventory, transfer map, retention schedule or counsel approval found in repository",1,launch blocker,Compare each statement with runtime truth and official UK privacy/consumer transparency requirements; do not invent missing company or provider facts,"No release-ready claim until the missing facts are supplied, contradictory clauses are corrected and qualified counsel approves both documents",High-confidence contradictions and missing mandatory privacy information recorded; technical route defects fixed separately,none,No product request; read-only repository and official-source review,,User | ChildProfile | Booking | Message | Verification | Medical | Safeguarding | AuditEvent,No database mutation,Existing runtime authorization was inspected conceptually; no direct RLS test was needed for this static copy audit,No product audit event expected,,Sentry issue access remains blocked by HTTP 403; unrelated to legal-copy approval,all roles,Every role is affected because the documents govern the whole service,failed,failed,not applicable; governance blocker,current drafts read like generic generated templates rather than Clubroom's actual data and commercial model,failed,not applicable; governance review,"paid football development, minors, club-assigned delivery and off-app billing all require accurate treatment","UI is legible, but visual quality cannot cure missing legal substance","Official guidance requires clear, legible and intelligible terms; native VoiceOver remains unverified",blocked,high,https://ico.org.uk/for-organisations/uk-gdpr-guidance-and-resources/individual-rights/the-right-to-be-informed/what-privacy-information-should-we-provide/ | https://ico.org.uk/for-organisations/uk-gdpr-guidance-and-resources/childrens-information/childrens-code-guidance-and-resources/introduction-to-the-childrens-code | https://www.gov.uk/guidance/writing-a-fair-contract-for-customers | services/auth-service.ts | app/settings/privacy-policy.tsx | app/settings/terms.tsx,Privacy notice omits mandatory factual categories and the Terms contain executable contradictions plus clauses official CMA guidance identifies as potentially unfair,blocked pending legal owner,"Repository, UI and official-source review completed; approval not available","Needed from owner: legal entity/controller identity and address, DPO/representative if applicable, lawful bases, special-category basis, processor/recipient and transfer map, retention schedule, children's DPIA/code review, consumer relationship model and counsel-approved version/date"
UI-035,BLOCKED-ACCOUNT-SETTINGS,Blocked account self-service safety controls,all authenticated roles,/settings/blocked-users,Blocked Accounts,loading; error; empty; ready; cancel; failure recovery; success,iPhone 16 Pro responsive browser viewport,local Expo web with staging reads and intercepted writes,Settings > Blocked Accounts or direct route,Authenticated account,1,safe list and unblock interaction,Render safe identity and the one reversible action,Show available name and block date; cancel changes nothing; failed unblock recovers; success refreshes,"Compact name, date and Unblock card; no PII or id; cancel, 503 recovery and success-empty branches passed",GET/DELETE /v1/blocks,Ready rendered; 503 restored action and error; success refreshed empty,writes intercepted before upstream,UserBlock | User,No staging row changed,Direct-role posture verified separately,Read and write paths audited by Fastify,"",blocked: current Sentry token returns HTTP 403 for issue reads,all authenticated roles,Same self-owned list and action for each role,passed,passed,"removed hidden-profile fetch, email, postcode, role, internal ID and duplicate prose",passed,passed,Shared React Native surface; raw Button text-node warning removed with existing label prop,football account safety,Lean empty and populated states accepted; severity none,PageHeader labels back; Unblock explicit; pending state prevents duplicates; native VoiceOver blocked,fixed,high,app/settings/blocked-users.tsx | hooks/use-blocked-users-settings.ts | services/block-service.ts | reviews/ios-native-audit/runtime/2026-07-31/settings-blocked-users-ready-final-2/report.json | reviews/ios-native-audit/runtime/2026-07-31/settings-blocked-users-interactions-final/report.json,The API returned ids while the UI fetched a profile endpoint that correctly hides users across a block,fix(safety): enforce blocked account controls,formatting and ESLint passed; root typecheck passed; app 18/18; UI profiles 3/3,No live unblock was submitted.
API-006,BLOCK-RELATIONSHIP-AUTHORITY,Blocked-account list and direct-message enforcement,authenticated self; message participants,GET/POST/DELETE /v1/blocks | POST /v1/message-threads/:threadId/messages,Fastify trust and messaging authority,actor-owned list; safe summary; block either direction; no-write denial,isolated Fastify seed and DB-fixture processes,NODE_ENV=test; staging catalog read only,Blocked Accounts and direct chat,Authenticated actor and active UserBlock fixture,1,"read, mutation and cross-surface denial",List safe summaries; reject blocked message before persistence,No blocked-user PII in response or audit; active blocks stop direct-message writes,"GET returns id, nullable name and blockedAt; malformed list fails closed; both repository paths return 409 before insert",GET/POST/DELETE /v1/blocks | POST /v1/message-threads/:threadId/messages,Block route 1/1; direct-message routes 2/2; client contract 18/18,"",UserBlock | User | Message | MessageParticipant | AuditEvent,Seed count unchanged; DB fixture returned 409 before creation,Fastify remains authority; direct client DML revoked,block reads/writes omit target PII; message denial audited with safe idempotency metadata,"",not applicable to isolated API processes,all users with settings or direct messaging,Auth-derived self authority; a block in either direction stops new messages,passed,passed,removed cross-boundary profile lookup,not applicable,passed,Existing API and repository boundaries retained,protects football participants across roles,not applicable,Contract tests prove redaction and denial; UI accessibility covered separately,fixed,high,apps/api/src/modules/trust-ops/blocks.routes.test.ts | apps/api/src/modules/wave2plus/routes.test.ts | apps/api/src/repositories/p0/user-block-repository.ts | apps/api/src/repositories/p0/community-media-repository.ts | apps/api/src/generated/openapi.ts,Direct-message API writes bypassed the client-only block check and the list could not populate its UI safely,fix(safety): enforce blocked account controls,API typecheck passed; block route 1/1; message seed and DB fixture 2/2; OpenAPI 421 operations,Idempotent replay creates no new write; all new writes check the active block.
QA-011,BLOCKED-ACCOUNT-NONDESTRUCTIVE-INTERACTIONS,Deterministic blocked-account state and failure proof,coach; reusable QA infrastructure,scripts/ui-flow-checks-50.mjs | /settings/blocked-users,Blocked Accounts interaction profile,populated; cancel; injected 503; recovered; intercepted success; empty,iPhone 16 Pro responsive browser viewport,local Expo web with mocked GET/DELETE,Direct protected route,Staging login; mocks installed before navigation,1,non-destructive interaction,"Cancel, inject failure, retry with intercepted success and assert refresh",Exercise complete mutation UI without changing staging,All declared states and errors observed; severity none; no id or unexpected warning,intercepted GET/DELETE /v1/blocks,503 then 200 fulfilled locally; no upstream DELETE,not applicable; intercepted,UserBlock,No mutation,Not exercised by intercepted writes,No API audit expected because Fastify was not reached,"",blocked: current Sentry token returns HTTP 403 for issue reads,QA flows using this profile,Opt-in profile keeps general unexpected-error checks strict,not applicable,not applicable,proves no duplicate or dead action,proves raw text-node warning is gone,not applicable,Responsive harness only; native semantic runner blocked,protects safety interaction integrity,Ready profile asserts scroll top and exact safe card,Targets named Unblock and Cancel controls; failure requires re-enabled button,fixed,high,reviews/ios-native-audit/runtime/2026-07-31/settings-blocked-users-interactions-final/report.json | scripts/ui-flow-checks-50.mjs,"No safe deterministic proof existed for cancel, error recovery and success without mutating staging",fix(safety): enforce blocked account controls,interaction 1/1 severity none; ready 1/1; actual empty 1/1,Earlier diagnostic warning run is excluded from accepted evidence.
SEC-006,USER-BLOCK-RLS-AUTHORITY,UserBlock staging schema and direct-role posture,system,Supabase Postgres catalog; UserBlock migration,Database authority,migration applied; RLS enabled; direct roles denied,read-only staging catalog,staging database,npm run audit:db:stage plus focused Prisma catalog query,Staging DATABASE_URL; no production target,1,read-only authority proof,"Inspect migration, RLS, grants and policies without changing data",UserBlock is backend-authoritative and Data API roles cannot read or write it,"Migration applied; RLS enabled; anon, authenticated and PUBLIC have no DML; zero policies with revoked roles",Postgres catalog,Read-only query completed; global preflight blocked only by future defaults,"",_prisma_migrations | pg_class | pg_policy | information_schema.role_table_grants,No row mutation,RLS enabled; not forced; zero direct role DML; zero policies,No product audit expected from catalog inspection,"",not applicable,all roles,Current UserBlock rows are unavailable to Supabase client roles; Fastify audits access,passed current object; future blocker remains SEC-004,requires owner action for global defaults,not applicable,not applicable,not applicable,not applicable,protects cross-role participant safety,not applicable,not applicable,fixed,high,packages/db/prisma/migrations/20260705143000_user_blocks/migration.sql | scripts/db-staging-preflight.js | apps/api/src/repositories/p0/user-block-repository.ts,No current UserBlock exposure found; separate global future-object defaults remain unsafe,fix(safety): enforce blocked account controls,56/56 migrations; UserBlock RLS true; anon/authenticated/PUBLIC DML false; policy count 0; read-only only,Supabase MCP unavailable; configured read-only database connection supplied evidence. SEC-004 remains open with 25 findings.
UI-036,CLUB-POST-SIMPLIFICATION,Truthful lean club update composer,authorized club staff,/create-club-post,New club update,ready and rejected submit,iPhone 16 Pro responsive browser viewport,local Expo web with live club-authority read and intercepted mutation,Club Hub create action,Active club with create-post permission,1,club-wide text update,Review hierarchy copy controls selection fields pending state and error recovery,One clear purpose and one primary action with only supported choices,One club and All members are explicit; Author and Type are the only selectors; Headline and update are the only inputs; failure remains actionable,GET /v1/clubs | intercepted POST /v1/posts,Read succeeded; deliberate 503 rendered a concise inline alert and restored Post,"",Club | ClubMembership | Post,No staging mutation,Fastify remains authoritative,No product audit expected for the intercepted write,"",Sentry issue reads blocked by HTTP 403; no unexpected coach runtime finding,coach and authorized club staff,Authorized flow passed,passed,passed,photo video event distribution personal feed specific group helper copy and duplicate footer removed,no assistant language gradients decorative dashboard cards or fake completeness,short direct labels,Shared React Native surface; actual semantic native run host-blocked,club name membership audience and announcement terminology,Manual clean and error-state screenshots accepted,44px close target; labelled radio inputs and publish button; disabled and busy state,fixed,high,app/(modal)/create-club-post.tsx | components/social/club-post-selectors.tsx | reviews/ios-native-audit/runtime/2026-08-01/create-club-post-final/coach__coach_create_club_post_ready.png | reviews/ios-native-audit/runtime/2026-08-01/create-club-post-final/coach__coach_create_club_post_interactions.png,The old composer looked generated and promised product capabilities the live write boundary did not safely support,fix(social): harden club update publishing,Responsive ready and interaction flows passed; root typecheck and focused tests passed,Ponytail deliberately removed scope instead of inventing another abstraction or unfinished upload flow.
API-007,CLUB-POST-AUTHORITY,Club post write and metadata authority,authenticated club staff; unauthorized caller,POST /v1/posts,Fastify post authority,valid club post; forged squad scope; arbitrary media URL; personal feed classification,isolated Fastify seed process,NODE_ENV=test API_DATA_BACKEND=seed,Club update composer,Authenticated fixtures and idempotency keys,1,success and denial before persistence,Submit supported club metadata; then forge squadId and external media metadata,Supported existing contract remains valid; privacy-looking metadata is rejected before repository write; each denial is audited without raw content,Existing staff post integration passed; both forged requests returned 400; post count stayed unchanged; matching DENY audit events were present,POST /v1/posts,Valid integration path passed; forged squad and media paths returned 400,"",Post | ClubMembership | AuditEvent,Denied requests created no Post row,Repository remains behind Fastify authority,post.create DENY events recorded with idempotency key and safe error metadata,"",not applicable to isolated test process,club staff; parent; athlete,Server permission rules plus client denial prevent unauthorized publishing,passed,passed,unsupported metadata no longer reaches persistence,not applicable,passed,Existing Fastify route and repository boundary retained,protects club audience integrity,not applicable,Client mutex prevents duplicate taps; API idempotency remains active,fixed,critical,apps/api/src/modules/wave2plus/post-metadata-policy.ts | apps/api/src/modules/wave2plus/post-metadata-policy.test.ts | apps/api/src/modules/wave2plus/routes.test.ts | services/social-feed-service.ts,A caller could attach squadId or arbitrary image/video URLs even though the product presented those fields as narrower or finalized publication controls,fix(social): harden club update publishing,4/4 policy tests and selected existing staff-post integration passed; API typecheck passed,PERSONAL remains an existing API feed classification; the app fails closed until a dedicated complete coaching publisher exists.
QA-012,CLUB-POST-NONDESTRUCTIVE-INTERACTIONS,Club post role state and failure proof,coach; parent; athlete,scripts/ui-flow-checks-50.mjs | /create-club-post,Club post audit profile,clean; selector interactions; inputs; injected 503; parent denied; athlete denied,iPhone 16 Pro responsive browser viewport,local Expo web with staging reads and intercepted POST,Direct protected route,Role preflight passed,1,non-destructive UI proof,Assert removed controls absent; inspect labels; change radio controls; fill both fields; reject POST; revisit as unauthorized roles,Every declared branch passes without mutating staging; undeclared high findings fail the run,4/4 flows passed; clean screenshot captured separately from intentional error; parent and athlete showed no composer,intercepted POST /v1/posts,503 fulfilled locally and exactly reconciled; upstream received no post,"",Club | ClubMembership | Post,No staging mutation,Unauthorized roles fail before write controls,No API audit expected because the mutation was intercepted,"",Sentry issue reads blocked by HTTP 403; one later rerun exposed a transient unrelated athlete-home booking fetch and target route still passed,coach; parent; athlete,Coach 2/2; parent 1/1; athlete 1/1,not applicable,passed,assertions prove removed fields remain absent,assertions prove removed phrases remain absent,passed,Responsive harness; native semantic runner blocked by host,football club update workflow,Clean denied and recovery screenshots retained,Named close publish radio and input controls were exercised,fixed,high,scripts/ui-flow-checks-50.mjs | reviews/ios-native-audit/runtime/2026-08-01/create-club-post-final/report.json,No deterministic role-aware interaction proof existed for this trust-sensitive composer,fix(social): harden club update publishing,4/4 final target flows passed; zero high findings,The transient booking fetch belongs to the athlete home route and is not suppressed or misattributed to this composer.
SEC-007,POST-RLS-AUTHORITY,Post and audit-event staging database posture,system,Supabase Postgres catalog | Post | AuditEvent,Database authority,57 migrations applied; current RLS and grants inspected,read-only staging catalog,staging database,npm run audit:db:stage plus focused Prisma catalog query,Staging DATABASE_URL; never production,1,current object authority,Inspect relation RLS direct grants policies and migration state without changing data,Post and AuditEvent stay unavailable to Data API client roles and writes remain backend-authoritative,RLS enabled on both; anon authenticated and PUBLIC have no grants; zero direct policies; service_role trusted warning remains,Postgres catalog,Read-only queries completed; global preflight still blocked by SEC-004 future defaults,"",_prisma_migrations | Post | AuditEvent,No row mutation,RLS enabled; not forced; direct client DML absent; zero policies,No product audit expected for catalog reads,"",not applicable,all roles,Client roles cannot access current Post or AuditEvent objects directly,passed for current objects; SEC-004 remains open,requires privileged global default-grant fix,not applicable,not applicable,not applicable,not applicable,protects club posts and their audit trail,not applicable,not applicable,fixed,critical,reviews/ios-native-audit/runtime/2026-08-01/create-club-post-final/db-post-authority.md | scripts/db-staging-preflight.js | reviews/ios-native-audit/coverage.csv,No current-object exposure found; the existing supabase_admin future-default blocker still prevents release approval,fix(social): harden club update publishing,57/57 migrations; focused Post and AuditEvent catalog checks passed read-only,Supabase MCP is unavailable under ENV-003. service_role keeps trusted direct access and must never enter a client bundle.
UI-038,EDIT-CHILD-PROFILE-SIMPLIFICATION,Lean player-profile editor,assigned family profile manager,/edit-child-profile,Edit player,ready; dirty; saving; rejected; denied,iPhone 16 Pro responsive browser viewport,local Expo web with live authority reads and intercepted patch,Family player profile,Assigned player and MANAGE_PROFILE or ADMIN permission,1,basic identity and football fields only,"Inspect, edit nickname and position, submit once, and recover from failure","One focused form, one save action, and concise inline state feedback","Flat form retained identity, date, relationship, gender, and position; blank-name validation stayed inline; failed save kept form and restored action",intercepted PATCH /v1/athletes/:athleteId,Intentional 503 rendered inline and was exactly reconciled,"",Athlete,No staging mutation,Fastify authority; focused current-object catalog posture passed,No product event expected for intercepted write,"",Issue reads blocked by HTTP 403; runner found no unexpected target-flow error,parent; delegated guardian,Authorized fixture passed; view-only guardian denied,passed,passed,"medical, emergency, consent, support, communication-note, behavior-note, and duplicate card surfaces removed","removed generated-looking sections, explanatory filler, and speculative completeness",Edit player; Player details; Save changes,Date picker uses existing native field; target semantic run host-blocked,preferred football position radio choices,clean dark hierarchy with one hairline section boundary and existing tokens,"named inputs, radio semantics, checked states, inline alert, busy state, and named back/save controls",fixed,high,app/(modal)/edit-child-profile.tsx | reviews/ios-native-audit/runtime/2026-08-01/edit-child-profile-audit-final-5/parent__parent_edit_child_profile_ready.png | reviews/ios-native-audit/runtime/2026-08-01/edit-child-profile-audit-final-5/parent__parent_edit_child_profile_interactions.png,"The previous modal looked generated, mixed unrelated sensitive jobs, and exposed duplicate controls",fix(family): harden player profile editing,"Ready, invalid, date-trigger, every field family, and rejected-submit interactions passed with severity none",Existing theme and component vocabulary retained; no ornamental redesign system was invented.
API-009,ATHLETE-PROFILE-PATCH-AUTHORITY,Strict audited player-profile update,assigned family profile manager; unauthorized caller,PATCH /v1/athletes/:athleteId,Fastify family-athlete authority,authorized; forbidden; malformed; surplus field; empty patch,isolated Fastify seed process,NODE_ENV=test API_DATA_BACKEND=seed,childService.updateChild,Authenticated fixtures and family-athlete assignment,1,authorize before schema parse; persist supported fields only,Patch valid profile then submit invalid date plus privateOverride,Unauthorized or malformed requests cannot mutate; every outcome is audited safely,"Invalid surplus request returned 400, athlete version stayed unchanged, and one DENY audit recorded only safe metadata",PATCH /v1/athletes/:athleteId,27/27 family-athlete route tests passed,"",Family | FamilyMembership | GuardianChildLink | Athlete | AuditEvent,Rejected seed request left athlete version unchanged,Repository is reachable only after Fastify manage-access enforcement,athlete.update DENY with VALIDATION_FAILED and requestedFields; raw date and values absent,"",Not applicable to isolated process,family admin; delegated profile manager; view-only guardian; coach; athlete; club admin,Explicit assignment plus permission required; unrelated roles denied,passed,passed,not applicable,not applicable,passed,not applicable,position enum limited to GK DEF MID ATT or null,not applicable,not applicable,fixed,critical,apps/api/src/modules/family-athlete/routes.ts | apps/api/src/modules/family-athlete/routes.test.ts,The athlete patch accepted surplus object keys and schema failures were not classified as audit denials,fix(family): harden player profile editing,27/27 route tests and API typecheck passed,Authentication and family-athlete manage access execute before body parsing; audit metadata never includes request values.
QA-014,EDIT-CHILD-PROFILE-NONDESTRUCTIVE-INTERACTIONS,Player-profile cross-role and failure proof,parent; guardian; coach; athlete; admin,scripts/ui-flow-checks-50.mjs | /edit-child-profile,Edit child profile audit profile,ready; semantic controls; injected 503; four denied outcomes,iPhone 16 Pro responsive viewport; iPhone 16 Pro Max native blocker proof,local Expo web with staging reads and intercepted PATCH,Direct protected route,All five role preflights passed,1,authorized parent; denied guardian coach athlete admin,"Assert fields and removed copy, exercise radios and save failure, verify denial content and exit control",All branches pass without a staging mutation or undeclared medium/high finding,"6/6 passed with zero medium/high findings; parent exercised both names, nickname, date trigger, gender, relationship, position, validation, and save; denied screens proved a visible Go back control",intercepted PATCH /v1/athletes/:athleteId,503 fulfilled locally; no upstream mutation,"",Family | FamilyMembership | GuardianChildLink | Athlete | AuditEvent,No staging mutation; focused read-only catalog checks passed,Unauthorized UI roles fail before profile controls; API tests independently enforce authority,No API audit expected for intercepted write; route tests prove success and denial auditing,"",HTTP 403 under ENV-004,parent; guardian; coach; athlete; admin,Parent 2/2; every denied role 1/1,not applicable,passed,absence assertions passed,absence assertions passed,passed,Actual iOS app visually open; semantic target run honestly blocked by ENV-006,player and preferred-position flow,"ready, failure, and denied screenshots retained","named back, save, date, input, and radio controls exercised or asserted",fixed,high,scripts/ui-flow-checks-50.mjs | reviews/ios-native-audit/runtime/2026-08-01/edit-child-profile-audit-final-5/report.json | reviews/ios-native-audit/runtime/2026-08-01/edit-child-profile-audit-final-2/native-blocker.md,No deterministic role-aware interaction profile previously covered the player editor and its denied exits,fix(family): harden player profile editing,"Strict fail-on-medium profile passed 6/6 after all basic controls, every denied exit, and post-network-settle visibility were explicitly checked",The intentional 503 is reconciled only within the failure branch. Post-settle assertions prevent blank or stale screenshots from counting as evidence. Native semantics are not inferred from responsive output.
SEC-009,CHILD-PROFILE-RLS-AUTHORITY,Child-profile and audit-event staging database posture,system,Supabase Postgres catalog | family and athlete authority relations,Database authority,"57 migrations; current RLS, grants, policies, and principal inspected",read-only staging catalog,staging database,database preflight plus focused catalog query,Staging DATABASE_URL; never production,1,current objects versus future default privileges,"Inspect Family, FamilyMembership, GuardianChildLink, Athlete, and AuditEvent without changing data",Current child-profile data remains unavailable to direct client roles,All focused current relations passed; global preflight remains blocked by 25 supabase_admin future-default findings,Postgres catalog read,Read-only queries completed; Supabase MCP unavailable under ENV-003,"",_prisma_migrations | Family | FamilyMembership | GuardianChildLink | Athlete | AuditEvent,57/57 migrations; no row mutation,"RLS enabled, not forced; no PUBLIC, anon, or authenticated grants; zero direct policies",No product audit expected for catalog reads,"",not applicable,all roles,Direct client roles cannot reach focused current objects,passed for current objects; SEC-004 remains open,requires privileged future-default fix,not applicable,not applicable,not applicable,not applicable,"protects minor player identity, assignment, family authority, and audit trail",not applicable,not applicable,fixed,critical,reviews/ios-native-audit/runtime/2026-08-01/edit-child-profile-audit-final-2/db-child-profile-authority.md | scripts/db-staging-preflight.js,No current-object exposure found; existing supabase_admin future defaults still block release approval,fix(family): harden player profile editing,57/57 migrations and focused relation catalog checks passed read-only,service_role remains trusted direct authority and must never enter a client bundle. Connected postgres cannot alter supabase_admin defaults.
UI-039,LEAN-PLAYER-SUPPORT-EDITOR,Focused player-support editor,assigned family profile manager,/edit-child-sen,Player support,ready; adding condition; adding adjustment; dirty; saving; rejected,iPhone 16 Pro responsive browser viewport,local Expo web with staging reads and intercepted PATCH,Family player profile support action,Assigned player and MANAGE_PROFILE or ADMIN family permission,1,existing legacy support; new condition; new adjustment; coaching notes; failed atomic save,"Reveal only the requested editor, draft every change locally, then submit once","A direct support workflow with progressive disclosure, no diagnosis wall, and one outcome-labelled action","Live ADHD support rendered; Dyslexia, a communication preference, Extra processing time, and both guidance fields stayed in draft after the intentional 503",intercepted PATCH /v1/athletes/:athleteId,Intentional 503 rendered inline and was exactly reconciled,,Athlete | ChildSenTag,No staging mutation; draft survived the failed save,Support fetch is gated by family-athlete manage authority before sensitive data is requested,No product event expected for the locally intercepted failure,,Target flow emitted only the declared 503; Sentry issue read remained blocked by ENV-004,parent; delegated family profile manager,Authorized fixture passed; unauthorized fixtures never saw support controls,passed,passed,"always-expanded selectors, duplicate cards, immediate row writes, and ornamental surfaces removed","diagnosis catalogue, vague headings, inflated explanation, and generated-looking completeness removed",Player support; Add condition; Add adjustment; Save support changes,Existing native-compatible inputs and radio controls retained; target native semantics blocked by ENV-006,session adjustments and coach guidance describe the practical training outcome,existing dark theme and spacing tokens with a flat section hierarchy and fixed footer action,"explicit labels, checked radio states, named add/remove controls, inline alert, busy action, unobscured header and named back control; key actions verified at least 44 by 44",fixed,high,app/(modal)/edit-child-sen.tsx | components/family/medical-special-needs-form-sections.tsx | reviews/ios-native-audit/runtime/2026-08-01/edit-child-support-audit-final-5/parent__parent_edit_child_support_ready.png | reviews/ios-native-audit/runtime/2026-08-01/edit-child-support-audit-final-5/parent__parent_edit_child_support_interactions.png | reviews/ios-native-audit/runtime/2026-08-01/add-child-shared-support-regression-final/report.json,"The previous editor looked generated, exposed too much at once, and saved sensitive rows independently",fix(family): make player support updates atomic,Parent ready and full interaction flows passed after post-settle visibility and occlusion checks; shared add-player support regression passed 5/5,Empty guidance values intentionally clear saved notes in the single supported update.
API-010,ATHLETE-SUPPORT-PATCH-AUTHORITY,Strict atomic audited player-support update,assigned family profile manager; unauthorized caller,GET/PATCH /v1/athletes/:athleteId,Fastify family-athlete authority,authorized; forbidden; malformed nested support; excessive tags; surplus key; legacy tag-only read,isolated Fastify seed process; read-only staging query,NODE_ENV=test API_DATA_BACKEND=seed; staging catalog read,childService.getChild and childService.updateChild,"Authenticated caller, explicit athlete assignment, MANAGE_PROFILE or ADMIN family permission",1,authorize before strict parse; transact supported fields; project legacy support when detailed JSON is empty,"Patch all support fields together, reject oversized or surplus nested input, and read a legacy tag-only athlete",Only bounded supported data mutates atomically; every outcome is audited without raw support values; legacy support is not silently hidden,An 11-tag payload with a private surplus key returned 400 with no version change and safe DENY fields; the live ADHD tag projected into the response; valid support produced SUCCESS audit metadata,GET/PATCH /v1/athletes/:athleteId,28/28 family-athlete route tests passed,,Family | FamilyMembership | GuardianChildLink | Athlete | ChildSenTag | AuditEvent,"Authorized repository transaction owns Athlete support JSON, guidance notes, and ChildSenTag synchronization; staging checks were read-only",Repository is reachable only after Fastify manage-access enforcement; current focused relations expose no client grants,athlete.update SUCCESS with requestedFields; DENY with VALIDATION_FAILED and field names only; raw notes and secret values absent,,Not applicable to isolated tests; production issue read blocked under ENV-004,family admin; delegated profile manager; view-only guardian; coach; athlete; club admin,Explicit assignment plus permission required; unrelated and narrower roles denied,passed,passed,not applicable,not applicable,not applicable,not applicable,"bounded support categories, session adjustments, and coaching guidance",not applicable,not applicable,fixed,critical,apps/api/src/modules/family-athlete/routes.ts | apps/api/src/modules/family-athlete/routes.test.ts | apps/api/src/repositories/p0/family-athlete-repository.ts | reviews/ios-native-audit/runtime/2026-08-01/edit-child-support-audit-final-2/db-support-authority.md,Nested support input was insufficiently bounded and legacy ChildSenTag rows disappeared when detailed support JSON was empty,fix(family): make player support updates atomic,"28/28 route tests, API typecheck, and focused read-only legacy-data proof passed",No staging support write was made. A future authorized save synchronizes legacy tag rows inside the existing transaction.
QA-015,EDIT-CHILD-SUPPORT-NONDESTRUCTIVE-INTERACTIONS,Player-support cross-role and failure proof,parent; guardian; coach; athlete; admin,scripts/ui-flow-checks-50.mjs | /edit-child-sen,Player support audit profile,ready; progressive disclosure; draft controls; injected 503; four denied outcomes,iPhone 16 Pro responsive viewport; iPhone 16 Pro Max native blocker proof,local Expo web with staging reads and intercepted PATCH,Direct protected route,All five role preflights passed,1,"authorized parent; denied guardian, coach, athlete, and admin","Assert lean copy, exercise condition, preference, adjustment and guidance controls, reject one save, then verify each denial and exit","Every declared branch passes without staging mutation, hidden header controls, or undeclared medium/high findings","6/6 passed; the parent draft retained Dyslexia, Extra processing time, and inline failure; all denied roles showed no support controls",intercepted PATCH /v1/athletes/:athleteId,503 fulfilled locally; no upstream mutation,,Family | FamilyMembership | GuardianChildLink | Athlete | ChildSenTag | AuditEvent,Staging athlete version and support values remained unchanged,Unauthorized UI roles fail before sensitive controls; API tests independently prove the authority boundary,No API audit expected for the intercepted UI write; isolated route tests prove success and denial auditing,,HTTP 403 under ENV-004; reviews/ios-native-audit/runtime/2026-08-01/edit-child-support-audit-final-2/sentry.md,parent; guardian; coach; athlete; admin,Parent 2/2; every denied role 1/1,not applicable,passed,absence assertions passed,absence assertions passed,passed,Actual iOS app visually open; semantic target run honestly blocked by ENV-006,"player support, session adjustments, and coach guidance","ready, failure, and denied screenshots retained","named controls exercised; post-actions proved the header and back control were visible, in viewport, and unobscured; back, save, and remove targets met the 44 by 44 minimum",fixed,high,scripts/ui-flow-checks-50.mjs | reviews/ios-native-audit/runtime/2026-08-01/edit-child-support-audit-final-5/report.json | reviews/ios-native-audit/runtime/2026-08-01/edit-child-support-audit-final-5/parent__parent_edit_child_support_interactions.png,"No deterministic role-aware proof covered the support editor, progressive disclosure, failed atomic save, denied exits, or header occlusion",fix(family): make player support updates atomic,Strict five-role preflight and 6/6 target profile passed with zero medium or high findings,The intentional 503 is reconciled only within the failure branch; post-settle checks prevent stale or obscured output from counting as evidence.
SEC-010,PLAYER-SUPPORT-RLS-AUTHORITY,Player-support and audit-event staging database posture,system,Supabase Postgres catalog | family and support authority relations,Database authority,"57 migrations; current RLS, grants, policies, principal, support values, and legacy tags inspected",read-only staging catalog,staging database,database preflight plus focused catalog and support-value query,Staging DATABASE_URL; never production,1,current objects versus future default privileges; before and after intercepted UI failure,"Inspect Family, FamilyMembership, GuardianChildLink, Athlete, ChildSenTag, and AuditEvent without changing data",Current player-support data remains unreachable to direct client roles and the intercepted failure writes nothing,All focused current relations passed; athlete stayed at version 1 with unchanged support values; live ADHD legacy tag was present; global preflight remains blocked by 25 supabase_admin future-default findings,Postgres catalog and focused read-only Prisma query,Read-only queries completed; Supabase MCP unavailable under ENV-003,,_prisma_migrations | Family | FamilyMembership | GuardianChildLink | Athlete | ChildSenTag | AuditEvent,57/57 migrations; no row mutation; legacy ADHD tag confirmed,"RLS enabled and not forced; no PUBLIC, anon, or authenticated grants; zero direct policies on focused relations",No product audit expected for catalog reads or the intercepted UI failure,,not applicable,all roles,Direct client roles cannot reach focused current objects,passed for current objects; SEC-004 remains open,requires privileged future-default fix,not applicable,not applicable,not applicable,not applicable,"protects minor support needs, coaching guidance, assignment authority, and audit trail",not applicable,not applicable,fixed,critical,reviews/ios-native-audit/runtime/2026-08-01/edit-child-support-audit-final-2/db-support-authority.md | scripts/db-staging-preflight.js,No current-object exposure was found; the existing supabase_admin future-default blocker still prevents release approval,fix(family): make player support updates atomic,57/57 migrations and focused relation and support-value checks passed read-only,service_role retains trusted direct authority and must never enter a client bundle. The connected postgres principal cannot alter supabase_admin defaults.
UI-040,LEAN-POST-DETAIL,Lean club update detail,readable club members,/post-detail,Update,loading; ready; empty comments; pending; failure; unavailable,iPhone 16 Pro responsive browser viewport,local Expo web,Tap a club update,Authenticated readable post,1,read; react; comment; reply; delete own comment; recover,Inspect and exercise every visible control,"Direct football update, direct actions, concise feedback and no decorative or duplicate surface",Post and comments use a flat hierarchy; explicit actions replace long press; failures stay inline and recoverable,post and comment authority routes,Every target-flow request and expected failure reconciled,,Post | PostComment,No runtime write,Backend remains the authority,No event expected for intercepted UI mutations,,Issue read blocked by ENV-004; no unexpected console issue in accepted runs,coach; parent; guardian; club admin; athlete denied,Readable roles see only actions they can complete; denied role sees no content or comment request,passed,passed,duplicate action/count/header and ornamental card treatment removed,generated-looking empty copy and fallback title repetition removed,Update; Comments; Like; Reply; Delete; Send,Existing native-compatible controls retained,Club update context preserved,passed after visual review,Explicit labels and states; ordinary comment is no longer announced as a button; actions meet 44 point minimum,fixed,high,components/social/post-detail-card.tsx | components/social/comment-card.tsx | components/social/comment-card-sections.tsx | components/social/comment-input.tsx | reviews/ios-native-audit/runtime/2026-08-01/post-detail-audit-final-2/report.json,"The old detail surface was over-wrapped, repetitive and semantically misleading",fix(social): harden post detail interactions,7/7 strict role flows and screenshot review passed,Ponytail deleted UI instead of inventing another design system.
API-011,POST-COMMENT-AUTHORITY,"Post detail, comment and reaction authority",authenticated readable member; author or authorised remover,GET /v1/posts/:postId | comment and reaction routes,Fastify social authority,allowed; denied; idempotent create; soft delete; reaction toggle,isolated Fastify seed and DB-fixture processes,NODE_ENV=test API_DATA_BACKEND=seed,socialFeedService and commentService,Authenticated fixtures and readable post,1,read before child read; authorisation; idempotency; audit,Read post then comments; toggle reactions; create and delete comments,"Derive actor from auth, enforce readable-post boundary, avoid duplicate writes and audit every mutation","Existing Fastify and repository seams already enforce visibility, soft deletion, ownership/admin removal, idempotency and mutation audit","post, comment and reaction routes",3 focused backend cases and 63 target app tests passed,isolated app.inject,Post | PostComment | PostReaction | PostCommentReaction | AuditEvent,Seed and DB-fixture mutations remained isolated from staging,Repository access follows Fastify authentication and visibility checks,"community post/comment create, remove and reaction mutation outcomes are audited",,Not applicable to isolated test process; live issue read blocked by ENV-004,coach; parent; guardian; club admin; athlete,Visibility is post-scoped; comment deletion is author/admin scoped; unauthorised reads fail closed,passed,passed,not applicable,not applicable,passed,API and service boundary proof,Protects club football conversation visibility,not applicable,Static boundary tests prove post authority precedes comments and pending locks prevent duplicate intent,fixed,critical,apps/api/src/modules/wave2plus/routes.test.ts | apps/api/src/repositories/p0/community-media-repository.ts | __tests__/hooks/post-detail-api-boundary.test.ts | services/comment-service.ts | services/social-feed-service.ts,The UI previously issued post and comment reads concurrently and generated a fresh comment idempotency key on every retry,fix(social): harden post detail interactions,"3 focused API cases, 63 target app tests and both typechecks passed",No Fastify route or database contract was widened.
QA-016,POST-DETAIL-NONDESTRUCTIVE-INTERACTIONS,Post-detail cross-role and mutation proof,coach; parent; guardian; admin; athlete,scripts/ui-flow-checks-50.mjs | /post-detail,Post detail audit profile,ready; exact reads; action semantics; injected failures; denial,iPhone 16 Pro responsive viewport; iPhone 16 Pro Max native blocker proof,local Expo web with staging reads and intercepted writes,Direct protected route after role preflight,Five role preflights passed,1,four readable roles; athlete denied; coach and parent mutation failures,"Assert layout, copy, actions, target sizes, exact request counts, failure recovery and denied comment-read count","Every declared branch passes without staging mutation, hidden header or undeclared medium/high finding","7/7 passed; coach 2, parent 2, guardian 1, admin 1 and athlete 1; zero medium/high",readable post/comment GETs plus intercepted mutation routes,All assertions and exact counts passed; no upstream write,,Post | PostComment | PostReaction | PostCommentReaction | AuditEvent,No staging mutation,Athlete denial stopped before comments; backend tests independently prove authority,No write audit expected because every UI mutation was intercepted,,No unexpected runtime error; live Sentry issue read remains blocked by ENV-004,coach; parent; guardian; admin; athlete,Readable role outcomes and athlete denial all passed,not applicable,passed,absence and single-action assertions passed,copy absence assertions passed,passed,Actual iOS app visible; deterministic semantics honestly blocked by ENV-006,Club update and member discussion flow,"Ready, failure and denial screenshots retained","Named controls, enabled/disabled state, visibility, occlusion, scroll-top and minimum-size assertions passed",fixed,high,scripts/ui-flow-checks-50.mjs | reviews/ios-native-audit/runtime/2026-08-01/post-detail-audit-final-2/report.json,"No strict role-aware proof previously covered post-before-comments authority, explicit delete, duplicate mutation locks or header retention",fix(social): harden post detail interactions,Five-role preflight and 7/7 profile passed at fail-on-medium with retries disabled,All mutations were route-intercepted. Native output is not inferred from the responsive run.
SEC-011,POST-COMMENT-RLS-AUTHORITY,"Post, comment, reaction and audit staging posture",system,Supabase Postgres catalog | social authority relations,Database authority,57 migrations; focused RLS and grants; live fixture reconciliation,read-only staging catalog,staging database,database preflight plus focused Prisma read,Staging DATABASE_URL; never production,1,current objects versus future default privileges,"Inspect Post, PostComment, PostReaction, PostCommentReaction and AuditEvent without changing data",Current social data remains inaccessible to direct client roles while Fastify owns authority,"All focused current objects passed; one post, two active comments and reaction rows reconciled; global preflight remains blocked by 25 supabase_admin future-default findings",Postgres catalog and read-only Prisma query,57/57 migrations; read-only checks completed; Supabase MCP unavailable under ENV-003,,Post | PostComment | PostReaction | PostCommentReaction | AuditEvent | _prisma_migrations,No row mutation; live fixture counts and audit rows read only,"RLS enabled and not forced; no PUBLIC, anon or authenticated grants on all five focused tables","Two live community.post.reaction.toggle SUCCESS rows; isolated tests prove comment create, remove and reaction audit outcomes",,not applicable,all roles,Direct client roles cannot reach focused current objects,passed for current objects; SEC-004 remains open,requires privileged future-default fix,not applicable,not applicable,not applicable,not applicable,"Protects club updates, member discussion and audit trail",not applicable,not applicable,fixed,critical,scripts/db-staging-preflight.js | reviews/ios-native-audit/runtime/2026-08-01/post-detail-audit-final-2/report.json | reviews/ios-native-audit/coverage.csv,No focused current-object exposure found; existing future default grants still prevent release approval,fix(social): harden post detail interactions,"57/57 migrations and focused relation, grant, fixture and audit reads passed without write",Supabase MCP remains unavailable. The connected postgres principal cannot alter supabase_admin defaults.
UI-041,LEAN-INVITE-CODE-SETTINGS,Responsive club invite controls,club admin,/club/settings?clubId=:clubId&section=invites,Invite codes,ready; code metadata; copy; share; revoke; create,iPhone 16 Pro responsive browser viewport,local Expo web with live staging reads,Club Settings > Invites,manage_staff_and_invites capability,1,single-line code; three outcome actions; role-specific creation,Inspect the rendered mobile hierarchy and every visible control,Codes and actions remain readable at phone width without overflow,"Previously wrapped code and overflowing create buttons were replaced by a flat code card, labelled actions and full-width creation controls",club invite-code authority routes,Read-only runtime verification completed,,ClubInviteCode,No mutation,Fastify-owned read,No event expected for visual read,,No unexpected target-flow error,club admin,Authorized admin sees only supported Member and Coach creation outcomes for the seeded role,passed,passed,icon-only ambiguity and overflowing two-column creation cards removed,inflated card layout and generic duplicate invitation surface removed,Create and share club access codes; Copy; Share; Revoke,"Native-compatible View, Text and Pressable primitives retained",Club staff and member roles are explicit,"Single-line monospace code, concise metadata, balanced 48-point actions and existing palette",Role-labelled actions omit the secret value; all actions are at least 48 points high,fixed,high,components/club/settings-invites-section.tsx | reviews/ios-native-audit/runtime/2026-08-01/invite-code-settings-audit-final-2/report.json | __tests__/hooks/club-settings-api-boundary.test.ts,The real invite code wrapped into three lines and action text overflowed at phone width,fix(club): consolidate invite code authority,Strict five-role runtime profile passed; screenshot and viewport/occlusion assertions passed,No new design system or decorative surface was introduced.
API-012,INVITE-CODE-AUDIT-REDACTION,Secret-safe invite-code API auditing,authenticated actor; club invite manager,club invite-code and join routes,Fastify club authority,create allow/deny; revoke allow/deny; preview allow/deny; join allow/deny,isolated Fastify seed process,NODE_ENV=test API_DATA_BACKEND=seed,clubAuthorityService and join-link service,Authenticated actor and governed club role,1,keyed reference; sensitive preview read; validation denial,"Exercise invite reads and mutations, then inspect audit rows for raw code absence",Every outcome is auditable without making a bearer code recoverable from telemetry,HMAC-SHA256 domain-separated references replace raw codes; preview reads now emit sensitive allow/deny events,GET/POST /v1/clubs/:clubId/invite-codes; DELETE .../:code; GET /v1/clubs/join/resolve; POST /v1/clubs/join,44/44 audit and coach-club route tests passed,isolated app.inject,ClubInviteCode | AuditEvent,Seed writes only; no staging mutation from tests,Repository remains behind Fastify governance,codeReference matches invite_code:[a-f0-9]{32}; raw code absent from resourceId and metadata,,Not applicable to isolated tests,club admin; coach; parent; guardian; athlete,manage_staff_and_invites governs management; authenticated join flows remain code-scoped,passed,passed,not applicable,not applicable,passed,Service boundary proof,Club membership and invite roles preserved,not applicable,Raw codes also removed from client logger metadata and accessibility action names,fixed,critical,apps/api/src/lib/audit-runtime.ts | apps/api/src/lib/audit-runtime.test.ts | apps/api/src/modules/coach-club/routes.ts | apps/api/src/modules/coach-club/routes.test.ts,"Raw bearer codes were stored in audit resource IDs and metadata, and join-code preview reads were unaudited",fix(club): consolidate invite code authority,44/44 focused backend tests plus API typecheck passed,Production uses API_JWT_SECRET; deterministic fallback exists only for non-production development/test runtimes.
QA-017,INVITE-CODE-CROSS-ROLE-PROOF,Invite-code ownership and role matrix,admin; coach; parent; guardian; athlete,scripts/ui-flow-checks-50.mjs | /club/settings?section=invites,Invite code settings audit profile,admin ready; four denied; native simplified sign-in,iPhone 16 Pro responsive viewport; iPhone 16 Pro Max native simulator,local Expo web with staging reads; Expo Go native app,Direct protected route after role preflight,All five signed-in runtime fixtures passed preflight,1,club admin allow; coach/parent/guardian/athlete deny,"Assert canonical copy, removed school/signup copy, viewport position and absence of invite controls by role",Only the club admin fixture receives a usable invite surface,5/5 passed with zero medium/high findings after correcting the fixture expectation to executable governance,live club and invite-code GET routes,All role reads completed or failed closed as expected; no write actions executed,,Club | ClubMembership | ClubInviteCode | AuditEvent,No runtime mutation,Direct client access remains denied,Sensitive invite-list reads are independently audited by Fastify,,No target-flow error; ENV-004 issue read remains blocked,admin; coach; parent; guardian; athlete,Admin 1/1 ready; every narrower role 1/1 denied,passed,passed,legacy copy absence assertions passed,fake school flow absence assertions passed,passed,Actual iOS login visually verified; deterministic semantic runner blocked by ENV-006,Club role boundary tested end to end,Final admin screenshot reviewed after redesign,Heading viewport and unobscured assertions passed; action minimums encoded in component tests,fixed,high,scripts/ui-flow-checks-50.mjs | reviews/ios-native-audit/runtime/2026-08-01/invite-code-settings-audit-final-2/report.json | reviews/ios-native-audit/runtime/2026-08-01/invite-code-ownership-final/current.png,No deterministic role-aware proof covered the sole invite surface or the fake signup branch,fix(club): consolidate invite code authority,Five-role preflight and 5/5 strict profile passed at fail-on-medium,The first diagnostic run exposed the fixture role truth: seeded Coach is intentionally narrower; seeded Admin is the club invite manager.
SEC-012,INVITE-CODE-RLS-AND-HISTORICAL-REDACTION,Invite-code database and audit posture,system,Supabase Postgres catalog and migration authority,Database authority,58 migrations; focused RLS/grants; before/after audit redaction,read-only staging catalog plus reviewed staging migration,staging Supabase only; production hints rejected before deploy,Prisma migration status and focused read-only transaction,EXPO_PUBLIC_ENV=staging; Supabase database; productionHint=false,1,historical raw metadata/resource IDs; future safe references; current grants,"Count secret-bearing audit rows without printing values, apply idempotent redaction, then prove zero raw rows",Preserve audit events and club/action history while removing leaked bearer codes,185 metadata rows and 82 resource IDs were redacted; final 190/190 invite audit rows use safe references and zero retain raw codes,Postgres catalog and Prisma migrate deploy,Migration 20260801143000 applied successfully to verified staging,,AuditEvent | ClubInviteCode | ClubMembership | _prisma_migrations,"58/58 migrations; 293 invite-code rows, 48 active, 61 active memberships; no code value was printed",RLS enabled and not forced; zero policies; only postgres and service_role grants; no client grants,"Migration preserves rows, removes code key, replaces raw resource suffix and records aggregate redaction counts",,not applicable,all roles,Direct client roles cannot access focused tables,passed for focused current objects; SEC-004 remains open,requires privileged future-default fix,not applicable,not applicable,not applicable,not applicable,Protects club membership and invite bearer secrets,not applicable,not applicable,fixed,critical,packages/db/prisma/migrations/20260801143000_redact_invite_codes_from_audit/migration.sql | reviews/ios-native-audit/coverage.csv,Historical audit rows retained raw invite codes even after the runtime path was fixed,fix(club): consolidate invite code authority,"Final focused query: rawCodeMetadataRows=0, rawCodeResourceRows=0, referenceMetadataRows=190; migration audit passed with 58 migrations",Supabase MCP remains unavailable under ENV-003. Existing supabase_admin future default grants remain the separate release blocker SEC-004.
UI-042,LEAN-AVAILABILITY-NAVIGATION,Availability navigation and denial polish,coach and denied roles,/schedule?segment=availability; /availability,Schedule > Availability; role home,ready; compatibility redirect; denied,iPhone 16 Pro responsive viewport,local Expo web with live staging reads,direct canonical route and legacy route,five authenticated runtime fixtures,1,coach content; old link; denied fallback,Inspect the final coach hierarchy and every denial destination at phone width,"No spinner-only compatibility frame, no unmatched route, no overflow, and no dead action",The coach sees the existing focused Schedule surface; old links redirect immediately; denied roles see their real home,read-only availability and schedule GET routes,No unexpected response or console failure in the target profile,,AvailabilityTemplate | AvailabilityOverride,No mutation,Fastify-owned reads,Sensitive read events emitted by the API,,No target-flow error; ENV-004 remains the global readback blocker,coach; parent; guardian; athlete; platform admin,2 coach entries passed and 4 denials landed cleanly,passed,passed,compatibility LoadingState deleted,"no duplicate screen, fake progress, or explanatory card added",Availability; Manage your availability; This Week,Redirect uses Expo Router Redirect; canonical content remains native-compatible React Native UI,Visible pitch locations and session availability make the job explicit,"Segment, week grid, summary pills, and tab shell align without overflow",Take time off and Booking rules target-size assertions passed,fixed,medium,reviews/ios-native-audit/runtime/2026-08-01/availability-route-audit-final/coach__coach_availability_schedule_ready.png | __tests__/availability/availability-route-ownership.test.ts,A compatibility spinner and bad restricted-route fallback made navigation feel broken,fix(availability): harden canonical availability route,6/6 strict runtime flows passed with zero medium/high findings,No redesign layer was added; the existing canonical screen was retained after visual review.
API-013,SELF-AVAILABILITY-AUTHZ-AUDIT,Coach-self availability authorization and audit,coach self; non-coach authenticated account,/v1/coaches/me/availability/templates*; /v1/coaches/me/availability/overrides*,Fastify coach availability authority,read/create/update/remove allow and deny,isolated Fastify seed process,NODE_ENV=test API_DATA_BACKEND=seed,services/availability-service.ts,authenticated coach profile or authenticated non-coach fixture,1,eight coach-self endpoints; success and non-coach denial,Exercise every self template/override method and inspect audit rows,Only an active coach profile can use self availability; every outcome is audited without availability values,"requireActiveCoachProfile now guards all eight routes; reads, creates, updates and removes emit SUCCESS/DENY/ERROR audit events",GET/POST/PATCH/DELETE coach-self availability templates and overrides,"42/42 coach-club route tests passed, including eight non-coach denials and all coach mutations",isolated app.inject,CoachProfile | AvailabilityTemplate | AvailabilityOverride | AuditEvent,Seed writes only; success rows stay coach-owned and delete remains soft,Repository remains behind Fastify and active CoachProfile authority,template/override read/create/update/remove; reads sensitive; metadata contains counts and field names only,,Not applicable to isolated tests,coach; non-coach authenticated roles,Coach passes; non-coach receives fail-closed 404 on all eight endpoints with one DENY audit each,passed,passed,not applicable,not applicable,not applicable,Service boundary proof,"Coach-owned bookable time, pitch and session availability preserved",not applicable,not applicable,fixed,critical,apps/api/src/modules/coach-club/routes.ts | apps/api/src/modules/coach-club/routes.test.ts | docs/backend-api/ROUTE_INVENTORY_V1.md,Any authenticated account could call coach-self availability routes and successful reads/creates/updates were unaudited,fix(availability): harden canonical availability route,42/42 focused API route tests and API typecheck passed,"Audit tests prove time-off reasons, locations and custom-slot values are absent."
QA-018,AVAILABILITY-CROSS-ROLE-PROOF,Availability route and role matrix,coach; parent; guardian; athlete; platform admin,scripts/ui-flow-checks-50.mjs --profile=availability-route-audit,canonical and legacy availability entries,2 coach allows; 4 denials,iPhone 16 Pro responsive viewport; iPhone 16 Pro Max native simulator,local Expo web with staging reads; Expo Go native app,direct protected route after role preflight,all five signed-in runtime fixtures passed preflight,1,canonical coach; legacy coach; four denied roles,"Assert route destination, key copy, target sizes, viewport position, occlusion, overflow and runtime errors",Coach receives one working surface; every other role fails closed onto a valid home,Initial run caught four unmatched-route fallbacks; final run passed 6/6 after HOME replaced HOME_INDEX,live schedule and coach-self availability GET routes,Coach live reads succeeded; denied roles did not expose the availability surface,,AvailabilityTemplate | AvailabilityOverride | AuditEvent,No runtime mutation,Direct client access remains denied,Coach reads produced sensitive SUCCESS events,,No target-flow error; Sentry readback remains blocked by ENV-004,coach; parent; guardian; athlete; platform admin,Coach 2/2 ready; every narrower role 1/1 denied to a valid role home,passed,passed,spinner-only redirect absent,unmatched framework screen eliminated,passed,Actual iOS app opened from /availability; authenticated semantics blocked by ENV-006,Coach scheduling path tested against real seeded pitch availability,zero horizontal overflow and zero medium/high findings,named target size plus viewport and unobscured assertions passed,fixed,high,scripts/ui-flow-checks-50.mjs | reviews/ios-native-audit/runtime/2026-08-01/availability-route-audit-final/report.json | reviews/ios-native-audit/runtime/2026-08-01/availability-native-final/current.png,"No focused cross-role proof existed, and the first run exposed a broken denial destination",fix(availability): harden canonical availability route,Final 6/6 strict profile passed at fail-on-medium with zero findings,The failed diagnostic report is retained locally but excluded from commit evidence.
SEC-013,AVAILABILITY-RLS-AND-AUDIT-POSTURE,Availability database and audit posture,system,Supabase Postgres catalog and live AuditEvent proof,Database authority,focused RLS/grants; live sensitive reads; metadata minimization,read-only staging catalog,staging Supabase only; production untouched,Prisma read-only catalog query after runtime profile,verified staging DATABASE_URL; no mutation query,1,template table; override table; audit table; live read events,"Inspect RLS, policies, client grants and recent read-audit metadata without printing user or availability values",Focused tables stay inaccessible to client roles and live reads are sensitive/audited without private values,"All three tables have RLS, zero policies and zero client grants; six template plus six override SUCCESS reads were sensitive; unsafe metadata-key count was zero",Postgres catalog and AuditEvent read,Read-only query completed successfully,,AvailabilityTemplate | AvailabilityOverride | AuditEvent,CoachProfile foreign keys restrict availability ownership; no staging write performed,"RLS enabled, not forced, zero policies, zero PUBLIC/anon/authenticated grants","12 recent live read events: SUCCESS, sensitiveRead=true, no reason/location/customSlots metadata keys",,not applicable,all direct client roles,Direct database access is denied; Fastify remains authoritative,passed for focused current objects; SEC-004 remains open,requires separate privileged future-default fix,not applicable,not applicable,not applicable,not applicable,"Protects coach availability, pitch locations and time-off context",not applicable,not applicable,fixed,critical,packages/db/prisma/schema.prisma | apps/api/src/modules/coach-club/routes.ts | reviews/ios-native-audit/coverage.csv,Self availability reads were not recorded as sensitive and table posture had no focused runtime evidence,fix(availability): harden canonical availability route,"Read-only staging proof: 12 sensitive SUCCESS events, unsafeMetadataKeyCount=0, three RLS-enabled tables, clientGrants=[]",Supabase MCP remains unavailable under ENV-003; SEC-004 future supabase_admin default grants remain separate.
UI-043,LEAN-BOOKING-DETAIL,Booking detail simplification and visual hierarchy,coach; parent; guardian; athlete,/bookings/:bookingId,Booking detail,confirmed; loading; unavailable; not found,iPhone 16 Pro responsive viewport; iPhone 16 Pro Max native simulator,local Expo web with live staging reads; Expo Go native launch,Bookings > booking or direct protected route,"Assigned coach, booked family, participating athlete, and unrelated admin fixtures",1,authorized detail; denied detail; invalid link,"Inspect every visible section and control, then remove anything without a real product outcome","One stable title, essential booking facts, valid role actions, and a quiet fail-closed denial",Duplicate header and fake map/weather/trust/ownership/follow-up panels removed; facts consolidated; real actions moved first; denial has one exit,GET /v1/bookings/:bookingId and state-gated supporting reads,Authorized role reads passed; unrelated admin received expected 403; invalid IDs make no empty-path request,,Booking | BookingParticipant | SessionNote | SessionFeedback | Invoice,Live confirmed fixture reconciled read-only,Fastify-owned; focused direct client grants absent,booking.read sensitive success/deny events,ENV-004,blocked HTTP 403; no clean claim inferred,coach; parent; guardian; athlete; club admin,Four authorized screens passed; unrelated admin denied cleanly,passed,passed,"removed duplicate header, fake map, weather, ownership, trust, follow-ups, duplicate billing action, and false cancellation warning",removed explanatory filler and decorative pseudo-intelligence,Complete session; Message contact; Message coach; Report problem; Earnings,Actual native bundle launch recorded; authenticated semantics blocked by ENV-006,"Session, coach, family, athlete, location, payment and completion outcomes are explicit","Final coach, parent, guardian, athlete and denial screenshots manually reviewed","Named controls, minimum target sizes, no nested buttons, no overflow; native semantics blocked",fixed,high,app/(tabs)/bookings/[id].tsx | components/bookings/booking-info-cards.tsx | reviews/ios-native-audit/runtime/2026-08-01/booking-detail-final-clean/report.json,The detail route read like an AI-generated dashboard and duplicated information/actions before the actual job,fix(bookings): harden and simplify booking detail,Strict 5/5 role profile passed with zero medium/high findings,Ponytail deletion-first pass removed two source modules rather than replacing them with another abstraction.
FLOW-020,BOOKING-THREAD-TARGET,Exact booking message thread routing,coach; parent; guardian; athlete,/bookings/:bookingId -> /messages,Booking detail message action,confirmed booking,shared Expo route layer,API mode,Message family or Message coach,Visible booking and booking-linked direct thread,2,counterparty messaging,Open messages from a booking,Open the direct thread linked to that exact booking,Route now carries bookingId and messages selects exact thread before the legacy coach fallback,existing thread list and booking authority,No new endpoint; source boundary test passed,,Booking | MessageThread,No mutation,Existing message authority unchanged,Existing message read authority,ENV-004,blocked HTTP 403,coach; parent; guardian; athlete,Every booking actor resolves by booking context rather than an ambiguous coach identifier,passed,passed,not applicable,not applicable,Message family; Message coach,Native-compatible route params and React Native controls,Keeps the conversation attached to the selected coaching session,passed,Visible text action retained,fixed,high,hooks/use-booking-detail.ts | hooks/use-messages.ts | navigation/routes.ts | __tests__/bookings/booking-detail-authority-boundary.test.ts,Coach-side booking messaging passed the coach own ID and could fall through to an arbitrary thread instead of the selected booking,fix(bookings): harden and simplify booking detail,Focused boundary test and strict role profile passed,coachId remains only as a backward-compatible fallback for older entry points.
API-014,BOOKING-DETAIL-AUTHORITY-AUDIT,Booking detail sensitive read and child-load boundary,assigned coach; booked family; participant athlete; unrelated authenticated actor,/v1/bookings/:bookingId; rebook-context; reviews/me; session-note,Fastify booking authority,success; deny; error,isolated Fastify process and live staging API,seed tests plus staging reads,Booking detail and state-gated actions,Authenticated actor and booking relationship,3,default deny and sensitive dependent reads,Exercise booking reads across related and unrelated identities and inspect audit rows,Only assigned/participating actors read; dependent sensitive endpoints load only when the screen state requires them; every read is audited safely,"Booking authority resolves before notes/feedback; denied errors keep typed codes; booking, rebook, review and note reads emit sensitive success/deny/error audits",GET /v1/bookings/:bookingId; /rebook-context; /reviews/me; /session-note,Focused app and API tests passed; live four allow/one deny matrix passed,captured by API audit rows,Booking | BookingParticipant | SessionNote | SessionFeedback | AuditEvent,Read-only fixture and live audit counts reconciled,Default-deny repositories behind Fastify,booking.read; booking.rebook_context.read; booking_review.read; booking_session_note.read,ENV-004,blocked HTTP 403,coach; parent; guardian; athlete; club admin,Assigned/participating actors pass; unrelated admin fails closed,passed,not applicable,Unauthorized responses no longer offer a pointless retry,not applicable,Booking unavailable,Shared API behavior,"Protects session participants, notes and reviews",not applicable,Denied state retains one named exit action,fixed,critical,apps/api/src/modules/booking/routes.ts | apps/api/src/modules/p0-core/routes.test.ts | apps/api/src/modules/booking/session-note.routes.test.ts | __tests__/bookings/booking-detail-authority-boundary.test.ts,Sensitive booking/rebook/review reads lacked complete audit coverage and session notes could load before parent booking authority resolved,fix(bookings): harden and simplify booking detail,"Focused API suites, typechecks and live cross-role run passed","Audit metadata is limited to status/count/boolean or error code; no location, note, objective, price or identity values."
QA-019,BOOKING-DETAIL-CROSS-ROLE-PROOF,Booking detail route and role matrix,coach; parent; guardian; athlete; club admin,scripts/ui-flow-checks-50.mjs --profile=booking-detail-audit,Booking detail audit profile,four ready; one denied,iPhone 16 Pro responsive viewport; iPhone 16 Pro Max native simulator,local Expo web with live staging reads; Expo Go native app,Direct protected booking URL after each role preflight,All five authenticated runtime fixtures passed preflight,4,four assigned allows; unrelated admin deny,"Assert canonical title/status/location/actions, removed clutter, target sizes, overflow, occlusion and expected network denial",Each valid relationship sees only its useful actions; unrelated role sees no booking data,5/5 strict flows passed with zero medium/high findings and manually reviewed screenshots,GET /v1/bookings/:bookingId plus state-gated reads,Four 200 outcomes and one expected 403; no unexpected response or console failure,,Booking | BookingParticipant | AuditEvent,Live booking and audit rows reconciled without mutation,Direct clients denied; Fastify relationship authority,Four sensitive SUCCESS and one sensitive DENY in the final run,ENV-004,readback blocked; runtime assertions retained,coach; parent; guardian; athlete; club admin,"Coach 1/1, parent 1/1, guardian 1/1, athlete 1/1, admin denial 1/1",passed,passed,absence assertions passed,absence assertions passed,passed,Actual native login recorded; route semantics honestly blocked by ENV-006,Booking delivery and participant relationship matrix,zero overflow and manual screenshot pass,Go back and Directions target-size assertions passed; no nested controls,fixed,high,scripts/ui-flow-checks-50.mjs | reviews/ios-native-audit/runtime/2026-08-01/booking-detail-final-clean/report.json | reviews/ios-native-audit/runtime/2026-08-01/booking-detail-final-clean/native-blocker.md,"No strict focused evidence previously covered all booking-detail roles, denial behavior and removed-panel absence",fix(bookings): harden and simplify booking detail,Final 5/5 strict profile passed at fail-on-medium with retries disabled,All write controls were inspected but no staging mutation was required for this read-focused route slice.
SEC-014,BOOKING-DETAIL-RLS-AND-AUDIT-POSTURE,Booking detail database and audit posture,system,Supabase Postgres catalog and live AuditEvent proof,Database authority,58 migrations; focused RLS/grants; sensitive read audit,read-only staging catalog,staging Supabase only; production untouched,Prisma read-only catalog query after final runtime profile,Verified staging/db markers; production hints rejected,5,six focused tables and live role events,"Inspect RLS, policies, client grants, fixture relations and audit metadata without private values",Direct client roles cannot reach booking data and all detail reads leave minimized sensitive audit evidence,"Six tables have RLS, zero policies and zero PUBLIC/anon/authenticated grants; live role matrix audited with zero unsafe metadata keys",Postgres catalog and AuditEvent read,Read-only queries completed successfully,,Booking | BookingParticipant | SessionNote | SessionFeedback | Invoice | AuditEvent | _prisma_migrations,58/58 migrations; active confirmed fixture with one participant; no data changed,"RLS enabled, not forced; no client grants on all six focused tables",Four SUCCESS and one DENY for final booking.read run; sensitiveRead=true,ENV-004,not applicable to database query,all direct client roles,Direct table access denied; Fastify remains authoritative,passed for current objects; SEC-004 remains open,requires privileged future-default fix,not applicable,not applicable,not applicable,not applicable,"Protects booking participation, notes, feedback, invoices and audit trail",not applicable,not applicable,fixed,critical,reviews/ios-native-audit/runtime/2026-08-01/booking-detail-final-clean/db-booking-detail-authority.md | packages/db/prisma/schema.prisma | reviews/ios-native-audit/coverage.csv,The focused booking tables and new live sensitive-read audit behavior lacked recorded staging evidence,fix(bookings): harden and simplify booking detail,Read-only staging proof passed with zero destructive operations,Supabase MCP remains unavailable under ENV-003. Existing supabase_admin future default grants remain separate SEC-004 release blocker.
ROUTE-010,BOOKING-DETAIL-AUTHORITY,Canonical booking detail,coach; parent; guardian; athlete; club admin,app/(tabs)/bookings/[id].tsx,Booking detail,authorized ready; invalid; unavailable; not found,iPhone 16 Pro Max native simulator; iPhone 16 Pro responsive viewport,Expo native app plus local Expo web with staging Fastify and Supabase reads,Booking lists; schedule; direct booking link,Authenticated five-role fixtures; active confirmed booking; never production,1,four relationship allows; unrelated admin deny; invalid parameter,"Trace the route, open it as every role, inspect every section/control, verify child reads and database audit evidence",One lean booking surface that shows only authorized data and valid outcome actions,Screen consolidated around essentials and role actions; invalid/denied states fail closed; state-gated sensitive child reads follow booking authority,"GET /v1/bookings/:bookingId; state-gated invoice, policy, note, feedback and review reads",Four authorized runtime reads passed and unrelated admin returned expected 403,,Booking | BookingParticipant | SessionNote | SessionFeedback | Invoice | AuditEvent,Read-only live fixture and audit reconciliation passed,Six focused tables have RLS and no PUBLIC/anon/authenticated grants,Final live run recorded four sensitive SUCCESS and one sensitive DENY booking.read events,ENV-004,Issue read remains blocked; runtime errors independently asserted,coach; parent; guardian; athlete; club admin,Four relationship-scoped screens pass; unrelated admin receives no booking fields,passed,passed,"duplicate header, fake map/weather/trust/ownership/follow-up and duplicate billing control deleted",marketing-like explanations and invented intelligence removed,Bookings; Complete session; Message contact; Message coach; Report problem,Actual iOS bundle opened and native signed-out state recorded; authenticated semantic traversal blocked by ENV-006,"Coaching session delivery, participant, pitch, payment and completion context retained",Existing dark native design tokens; one facts card; balanced role actions; no overflow,Named actions and minimum targets pass responsive checks; native semantic tree remains blocked,fixed,critical,app/(tabs)/bookings/[id].tsx | reviews/ios-native-audit/runtime/2026-08-01/booking-detail-final-clean/report.json | reviews/ios-native-audit/runtime/2026-08-01/booking-detail-final-clean/db-booking-detail-authority.md | reviews/ios-native-audit/runtime/2026-08-01/booking-detail-final-clean/native-ios-login-blocked-env-006.png,"Booking detail mixed real workflow with fake panels, ambiguous messaging, premature sensitive reads and incomplete read auditing",fix(bookings): harden and simplify booking detail,"Final 5/5 strict role profile, focused tests, typechecks and read-only staging proof passed",Ponytail removed two unused modules and reused existing primitives; production was untouched. Native route interaction is not claimed until ENV-006 is removed.
ROUTE-012,BOOKING-PROBLEM-AUTHORITY,Canonical booking problem reporting,parent; guardian; athlete; coach; club admin,app/(tabs)/bookings/report-problem.tsx,Report problem,ready; missing context; denied; submitted; API failure,iPhone 16 Pro responsive viewport; iPhone 16 Pro Max native simulator,local Expo web with live staging Fastify/Supabase proof; actual Expo iOS launch,Booking detail > Report problem; direct route,authenticated staging fixtures; canonical confirmed booking; production prohibited,1,three client allows; two UI denies; missing context; success,"Trace and execute the complete report flow; inspect every control, copy branch, request, role result and persisted side effect",Authorized family/athlete submits one report for a visible booking; unsupported roles and missing context see no form,Lean single form passed three ready roles; coach/admin/missing context failed closed; one mocked UI submit issued exactly one POST,POST /v1/safeguarding/incidents,"Live staging: parent 201, guardian 201, athlete 201, assigned coach 201; club admin 403",five exact request IDs retained in staging AuditEvent; see api-db-evidence.md,Booking | BookingParticipant | SafeguardingIncident | Notification | AuditEvent,"Four exact test incidents and three notifications reconciled, then exact-cleaned; five audits retained",Six focused tables RLS-enabled; zero client policies and zero current anon/authenticated table grants,Four SUCCESS and one DENY with minimized metadata,ENV-004,read-only issue/event API returned 403; no clean Sentry claim,parent; guardian; athlete; coach; club admin,UI allows parent/guardian/athlete; denies coach/admin; generic API preserves assigned coach concern authority and denies club admin,passed,passed,"removed cards, fake review promise, duplicate reassurance and validation toasts",removed Help us improve and speculative 24-hour follow-up language,Report problem; What happened?; Details; Send report,Actual iOS bundle launch recorded; authenticated native semantics blocked by ENV-006 and not claimed,"Booking coach, session, athlete and safeguarding context retained",single vertical native form; sentence case; no overflow or occlusion,"radio semantics, named input/button, disabled/busy state, alert error and minimum targets verified",fixed,critical,reviews/ios-native-audit/runtime/2026-08-01/booking-problem-audit-final/report.json | reviews/ios-native-audit/runtime/2026-08-01/booking-problem-audit-final/api-db-evidence.md | reviews/ios-native-audit/runtime/2026-08-01/booking-problem-audit-final/native-blocker.md,"Route accepted missing booking context, used false response-time promises, exposed weak semantics, and the API did not bind booking-linked reports to visible bookings",fix(bookings): harden problem reporting,"Final 7/7 strict profile, focused tests, live five-role API matrix and database reconciliation passed","Ponytail deletion-first simplification. Production untouched. ENV-003, ENV-004 and ENV-006 recorded honestly."
UI-044,BOOKING-PROBLEM-LEAN-UI,Lean booking problem form,parent; guardian; athlete,/bookings/report-problem?bookingId=:bookingId,Report problem,ready; safety selected; submit disabled/enabled; success,iPhone 16 Pro responsive viewport; iPhone 16 Pro Max native simulator,local Expo web with live staging Fastify/Supabase proof; actual Expo iOS launch,Booking detail action,authenticated staging fixtures; canonical confirmed booking; production prohibited,2,default; safety; completed,"Inspect hierarchy, wording, every category control, details field, keyboard behavior, primary action and confirmation",One direct form with no decorative or unverifiable content,Single vertical radio list and details field; button disabled until valid; safety warning only when relevant; specific confirmation after one POST,POST /v1/safeguarding/incidents,Mocked success exactly once in UI proof; live success verified separately,,not mutated by UI runtime profile,No UI-profile database write; live API proof isolated separately,not applicable to visual branch,live proof recorded separately,ENV-004,read-only issue/event API returned 403; no clean Sentry claim,parent; guardian; athlete,3/3 ready screens passed and matched,passed,passed,"deleted generic header, information card, review copy and character prose",zero banned improvement/review-time phrases,Sent to the booking coach; What happened?; Details; Send report,390 px iPhone viewport runtime passed; native authenticated traversal remains ENV-006,session problem categories and booking coach destination,"dark token system, one-column rhythm, sentence case, zero overflow","radio checked state, Issue details label, button disabled/busy state and 44px targets",fixed,high,reviews/ios-native-audit/runtime/2026-08-01/booking-problem-audit-final/parent__parent_booking_problem_ready.png | reviews/ios-native-audit/runtime/2026-08-01/booking-problem-audit-final/parent__parent_booking_problem_submit.png | reviews/ios-native-audit/runtime/2026-08-01/booking-problem-audit-final/report.json,The old screen read like generated support copy and lacked reliable radio/input/button semantics,fix(bookings): harden problem reporting,Three ready roles plus submitted branch passed strict runtime checks,Manual screenshot review passed; category list remains intentionally scrollable above the pinned action.
FLOW-021,BOOKING-PROBLEM-FAIL-CLOSED,Booking problem entry and denial states,parent; guardian; athlete; coach; club admin,/bookings/report-problem,Report problem authority gate,missing booking; unavailable booking; disallowed role; retryable load error,iPhone 16 Pro responsive viewport; iPhone 16 Pro Max native simulator,local Expo web with live staging Fastify/Supabase proof; actual Expo iOS launch,direct URL and booking detail action,authenticated staging fixtures; canonical confirmed booking; production prohibited,3,missing; denied; retry,Attempt direct entry without context and as every role; verify no data or submit control leaks,Missing or unauthorized context exposes one safe exit; transient failure exposes retry,"Missing context, coach and admin render Booking unavailable with Back to bookings; no form fields or POST",GET /v1/bookings/:bookingId,Only allowed roles load support context in UI; API rechecks create authority,,Booking | BookingParticipant,Canonical relationship fixture verified read-only,direct clients denied; Fastify is authoritative,live POST authority outcome audited separately,ENV-004,read-only issue/event API returned 403; no clean Sentry claim,parent; guardian; athlete; coach; club admin,3 allowed; 2 denied; missing context denied,passed,passed,no dead controls or fallback report path,no reassuring fallback copy,Booking unavailable; Back to bookings; Try again,responsive route results passed; authenticated native blocked ENV-006,booking participation determines entry,one centered quiet denial state,named exit/retry actions and no hidden active form,fixed,high,reviews/ios-native-audit/runtime/2026-08-01/booking-problem-audit-final/coach__coach_booking_problem_denied.png | reviews/ios-native-audit/runtime/2026-08-01/booking-problem-audit-final/admin__admin_booking_problem_denied.png | reviews/ios-native-audit/runtime/2026-08-01/booking-problem-audit-final/parent__parent_booking_problem_missing_context.png,The former route could render without canonical booking authority and derive fallback report content,fix(bookings): harden problem reporting,"Coach, admin and missing-context denial flows passed; focused source boundary passed",Coach safeguarding concern creation remains available through its dedicated concern path; this family booking complaint form is intentionally hidden.
API-015,BOOKING-PROBLEM-API-AUTHORITY,Booking-linked incident authority and delivery resilience,parent; assigned guardian; participant athlete; assigned coach; club admin; unrelated actor,POST /v1/safeguarding/incidents,Fastify trust operations,accepted; forbidden; notification delivery failure,iPhone 16 Pro responsive viewport; iPhone 16 Pro Max native simulator,local Expo web with live staging Fastify/Supabase proof; actual Expo iOS launch,safeguardingService.createIncident,authenticated staging fixtures; canonical confirmed booking; production prohibited,4,visible booking; mismatched athlete; unrelated booking; delivery failure,"Verify role gate, booking visibility, participant consistency, notification routing, audit minimization and failure idempotency",Only an actor who can see the booking may attach a report; supplied athlete must participate; saved incident survives notification failure,Authority checks reject unrelated/mismatched requests; delivery failure returns the saved 201 once and writes a separate ERROR audit,POST /v1/safeguarding/incidents,Live 4x201 and 1x403; focused suite 7/7,req_fd4f7b43… | req_67a660d9… | req_75252706… | req_499e2c16… | req_381f34fe…,SafeguardingIncident | SafeguardingIncidentAction | Notification | Booking | BookingParticipant | AuditEvent,"4 incidents, 0 actions, 3 notifications and 5 audits matched before exact cleanup",service-role/Fastify authority; no current client table grants,minimized SUCCESS/DENY metadata plus explicit notification ERROR on simulated delivery failure,ENV-004,read-only issue/event API returned 403; no clean Sentry claim,parent; assigned guardian; athlete; assigned coach; club admin; unrelated actor,valid relationship roles accepted; club admin and unrelated actor denied; mismatched athlete denied,passed,not applicable,not applicable,not applicable,problem responses preserve existing API problem contract,not applicable,booking coach and participant assignment enforce authority,not applicable,not applicable,fixed,critical,apps/api/src/modules/trust-ops/routes.test.ts | reviews/ios-native-audit/runtime/2026-08-01/booking-problem-audit-final/api-db-evidence.md,Any allowed safeguarding reporter could previously attach an incident to an unrelated booking when athleteId was omitted; notification failure could invite duplicate retry,fix(bookings): harden problem reporting,"7/7 focused Fastify tests, API typecheck and live staging matrix passed",Audit metadata stores booleans/count/status instead of booking or athlete identifiers. Test fixtures removed; audits retained.
QA-020,BOOKING-PROBLEM-CROSS-ROLE-PROOF,Booking problem route and control matrix,parent; guardian; athlete; coach; club admin,scripts/ui-flow-checks-50.mjs --profile=booking-problem-audit,Booking problem audit profile,3 ready; 2 denied; 1 missing; 1 submitted,iPhone 16 Pro responsive viewport; iPhone 16 Pro Max native simulator,local Expo web with live staging Fastify/Supabase proof; actual Expo iOS launch,strict protected-route preflight per role,authenticated staging fixtures; canonical confirmed booking; production prohibited,5,seven focused flows,"Assert copy, absence rules, role outcomes, target size, overflow, occlusion and exactly one POST",All seven deterministic branches pass without medium/high issue,7/7 passed; width 390; zero overflow; zero nested controls; zero product-text violations,GET /v1/bookings/:bookingId; mocked POST /v1/safeguarding/incidents,expected request set only; mocked POST count exactly one,,no live mutation in responsive profile,live staging proof executed separately,covered by SEC-015,covered by API-015,ENV-004,read-only issue/event API returned 403; no clean Sentry claim,parent; guardian; athlete; coach; club admin,all configured outcomes matched,passed,passed,absence checks passed,product text scan returned empty,all asserted,actual native launch is separate blocker evidence,passed,manual seven-screenshot review plus runtime metrics passed,radio/button target assertions and named input passed,fixed,high,reviews/ios-native-audit/runtime/2026-08-01/booking-problem-audit-final/report.json | reviews/ios-native-audit/runtime/2026-08-01/booking-problem-audit-final/report.md,"No strict focused evidence previously covered every role, missing context, control state and submit count",fix(bookings): harden problem reporting,Final strict profile passed 7/7 at fail-on-medium with retries disabled,The failed pre-fix evidence directory is intentionally not canonical; final folder retains only useful proof.
SEC-015,BOOKING-PROBLEM-RLS-AUDIT-POSTURE,"Booking problem database, RLS and audit posture",system,Supabase Postgres catalog and live Fastify write proof,Database authority,58 migrations; six RLS tables; five retained audits; exact cleanup,iPhone 16 Pro responsive viewport; iPhone 16 Pro Max native simulator,local Expo web with live staging Fastify/Supabase proof; actual Expo iOS launch,direct read-only catalogue query plus exact staging fixture lifecycle,authenticated staging fixtures; canonical confirmed booking; production prohibited,6,current grants; policies; live rows; cleanup; future defaults,"Inspect RLS, policies, grants, relationships, notification/audit metadata and exact cleanup without touching production",Fastify remains sole client authority; test artifacts are reconciled and removed; evidence remains,"Six tables RLS enabled, zero policies/client grants; live rows matched; 4 incidents and 3 notifications exact-cleaned; 5 audits retained",Postgres catalogue and Prisma exact fixture transaction,read/write staging proof passed; production untouched,,Booking | BookingParticipant | SafeguardingIncident | SafeguardingIncidentAction | Notification | AuditEvent | _prisma_migrations,58 migrations; live relationship and side effects reconciled; zero marked incidents remain,enabled on all six focused tables; no current PUBLIC/anon/authenticated table grants; SEC-004 future defaults remain,four SUCCESS and one DENY re-read after cleanup,ENV-004,read-only issue/event API returned 403; no clean Sentry claim,all direct client roles,no direct access; service-role Fastify boundary,passed for current route objects,not applicable,not applicable,not applicable,not applicable,not applicable,"protects athlete, booking and safeguarding trust data",not applicable,not applicable,fixed,critical,reviews/ios-native-audit/runtime/2026-08-01/booking-problem-audit-final/api-db-evidence.md | packages/db/prisma/schema.prisma,Booking-linked safeguarding writes and their downstream notifications lacked recorded cross-role database proof,fix(bookings): harden problem reporting,Live staging database reconciliation and post-cleanup audit readback passed,Supabase MCP unavailable under ENV-003. SEC-004 remains open with 24 unsafe future default privileges and requires the owning database role.
ROUTE-013,SESSION-FEEDBACK-RETIREMENT,Explicit session completion and canonical notes,coach; parent; athlete; guardian; club admin,retired /bookings/session-feedback; /session/:bookingId/complete; /session-notes/:bookingId,Complete Session; Session notes; completed booking feedback,confirmed; completed; coach notes empty; family read-only; denied,iPhone 16 Pro responsive viewport; iPhone 16 Pro Max native simulator,local Expo web with live staging Fastify/Supabase proof; actual Expo iOS launch,Booking detail > Complete session or Add coach notes,authenticated staging fixtures; confirmed and completed bookings; production prohibited,1,explicit completion; canonical notes; read-only feedback; relationship denial,"Delete the legacy bridge; exercise every remaining entry and role; inspect controls, routing, requests and database state",Opening a URL never completes a booking; coaches choose completion or notes explicitly; other roles cannot write,Legacy route/helper removed; completion and notes are separate explicit actions; family/athlete read-only; guardian/admin denied,GET /v1/bookings/:bookingId; GET /v1/bookings/:bookingId/session-note; completion mutation not invoked,Live role matrix 200 coach/parent/athlete and 403 guardian/admin; zero hidden group-session probe after fix,five exact request IDs in api-db-evidence.md,Booking | BookingParticipant | SessionNote | AuditEvent,Booking remained COMPLETED version 2; one participant; zero SessionNote rows; no route-open mutation,Four focused tables RLS-enabled with zero client policies or anon/authenticated grants,Three sensitive SUCCESS and two DENY booking.read events with minimized metadata,ENV-004,Read-only staging issue query returned HTTP 403; no clean Sentry claim,coach; parent; athlete; guardian; club admin,coach completion/notes ready; parent and athlete read-only; guardian and admin fail closed,passed,passed,loading-only redirect and duplicate Add session feedback action deleted,premature red validation and duplicate explanatory surface removed,Complete session; Session notes; Add coach notes; Coach feedback,Actual iOS bundle launch recorded; authenticated native traversal remains blocked by ENV-006,"attendance, focus areas, effort and coach feedback retained",existing dark tokens and PageHeader; zero overflow; no nested controls,Go back and primary actions meet 44 point minimum; named controls and denial exit verified,fixed,critical,reviews/ios-native-audit/runtime/2026-08-01/session-feedback-retirement-final/report.json | reviews/ios-native-audit/runtime/2026-08-01/session-feedback-retirement-final/api-db-evidence.md | reviews/ios-native-audit/runtime/2026-08-01/session-feedback-retirement-final/native-blocker.md,The legacy route trusted URL athlete context and silently completed bookings on open before redirecting; the replacement completion path also probed a group endpoint,fix(bookings): retire feedback redirect,"Final 6/6 strict profile, focused tests, typecheck, lint and read-only staging proof passed","Ponytail deletion-first. Production untouched. ENV-003, ENV-004, ENV-006 and SEC-004 remain honest blockers."
UI-045,LEAN-SESSION-NOTES-ENTRY,Lean completion and notes entry,coach; parent; athlete,/bookings/:id; /session/:id/complete; /session-notes/:bookingId,Booking actions; Complete Session; Session notes; Coach feedback,confirmed; completed; empty notes; read-only empty feedback,iPhone 16 Pro responsive viewport,local Expo web with live staging reads,Booking detail lifecycle actions,authenticated assigned booking actor,2,coach completion; coach notes; family/athlete read-only,"Inspect final hierarchy, copy, route result, back control, empty form and read-only state",One outcome action per lifecycle state with quiet neutral empty fields and a visible way back,Duplicate feedback CTA removed; notes has PageHeader/back; nested scroll and premature red errors removed,booking and session-note reads,Expected reads only; no 404 group-session probe and no unexpected console output,,Booking | SessionNote,read-only; zero notes for fixture,Fastify authority verified separately,booking.read proof recorded,ENV-004,HTTP 403 blocker retained,coach; parent; athlete,coach sees explicit write entries; parent and athlete see feedback only,passed,passed,"duplicate completed-state feedback CTA, nested scroll owner and initial error styling removed",no fake validation before interaction and no hidden loading transition,Complete session; Add coach notes; Coach feedback; No coach feedback yet.,390 px native-responsive runtime passed; authenticated native device semantics blocked by ENV-006,attendance and coaching focus workflow retained,"existing tokens, one header, one form scroll owner, zero overflow",named back/action controls; minimum target assertions passed,fixed,high,reviews/ios-native-audit/runtime/2026-08-01/session-feedback-retirement-final/coach__coach_booking_completion_entry.png | reviews/ios-native-audit/runtime/2026-08-01/session-feedback-retirement-final/coach__coach_completed_booking_notes_entry.png | reviews/ios-native-audit/runtime/2026-08-01/session-feedback-retirement-final/parent__parent_completed_booking_feedback_read_only.png,Completed bookings had competing feedback controls; notes opened without visible back navigation and displayed validation errors before interaction,fix(bookings): retire feedback redirect,Coach completion and notes plus parent/athlete read-only screenshots and assertions passed,No new design system or decorative surface was added.
FLOW-022,SESSION-FEEDBACK-FAIL-CLOSED,Session completion and notes authority flow,coach; parent; athlete; guardian; club admin,/bookings/:id -> completion or notes,Booking lifecycle authority gate,confirmed allow; completed notes; read-only; denied,iPhone 16 Pro responsive viewport,local Expo web with live staging Fastify/Supabase reads,direct protected booking URL and lifecycle actions,five authenticated staging role fixtures,3,coach write entry; parent/athlete read; guardian/admin deny,Follow every route transition and assert absent write controls for narrower or unrelated roles,Only the assigned coach can enter completion or notes editing; other actors receive scoped read or denial,Coach routes resolve explicitly; parent/athlete show no write action; guardian/admin receive Booking unavailable,GET /v1/bookings/:bookingId,three 200 and two expected 403 outcomes,see api-db-evidence.md,Booking | BookingParticipant | AuditEvent,relationship fixture and five audit outcomes reconciled read-only,direct client access denied; Fastify relationship boundary remains authoritative,three SUCCESS; two DENY; sensitiveRead=true,ENV-004,blocked readback; runtime console/network clean,coach; parent; athlete; guardian; club admin,all configured outcomes matched,passed,passed,no fallback or duplicate write path,no silent progress or fabricated success,Booking unavailable; Back to bookings,responsive semantics passed; native authenticated path blocked ENV-006,booking participant assignment determines visibility,quiet centered denial state and existing completion/notes surfaces,denial heading unobscured and exit action at least 44 points,fixed,critical,reviews/ios-native-audit/runtime/2026-08-01/session-feedback-retirement-final/report.json | reviews/ios-native-audit/runtime/2026-08-01/session-feedback-retirement-final/admin__admin_completed_booking_feedback_denied.png,The old URL bridge bypassed explicit user intent and accepted client-supplied athlete context,fix(bookings): retire feedback redirect,Five-role live API matrix and six deterministic UI branches passed,Opening either retained route was read-only until a coach explicitly submits.
QA-021,SESSION-FEEDBACK-CROSS-ROLE-PROOF,Completion and notes route/control matrix,coach; parent; athlete; guardian; club admin,scripts/ui-flow-checks-50.mjs --profile=session-feedback-retirement,Session feedback retirement audit profile,2 coach; 1 parent; 1 athlete; 1 guardian; 1 admin,iPhone 16 Pro responsive viewport; iPhone 16 Pro Max native blocker proof,local Expo web with staging Fastify reads; actual Expo iOS launch,strict protected-route preflight per role,all five role preflights passed; production prohibited,4,six focused flows,"Assert routes, copy, absence, target size, overflow, occlusion, network and console behavior",All deterministic branches pass without medium/high issue or hidden mutation,6/6 passed; width 390; zero overflow; zero nested buttons; zero product-text violations,live booking/session-note reads; no mutation,expected request set; zero group-session 404 after fix,,Booking | BookingParticipant | SessionNote | AuditEvent,read-only staging proof; zero note creation,covered by SEC-016,covered by SEC-016,ENV-004,read-only helper returned 403,coach; parent; athlete; guardian; club admin,all six configured results passed,passed,passed,absence assertions passed,product text scan empty and initial error copy absent,all asserted,actual native launch separate; route semantics not inferred,passed,six screenshots manually reviewed; denied scroll-top geometry verified,"back, completion, notes and denial actions have named minimum-size assertions",fixed,high,scripts/ui-flow-checks-50.mjs | reviews/ios-native-audit/runtime/2026-08-01/session-feedback-retirement-final/report.json | reviews/ios-native-audit/runtime/2026-08-01/session-feedback-retirement-final/report.md,"No focused proof covered the hidden redirect retirement, route noise, notes back control, premature form errors and full role matrix",fix(bookings): retire feedback redirect,Final strict run passed 6/6 at fail-on-medium with retries disabled,test:compile and two focused session tests passed; broader trust-ops file remains 5/7 on unrelated stale assertions.
SEC-016,SESSION-FEEDBACK-RLS-AUDIT-POSTURE,Completion and notes database and audit posture,system,Supabase Postgres catalog and live Fastify read proof,Database authority,58 migrations; four RLS tables; five sensitive-read audits,read-only staging catalog,staging Supabase only; production untouched,direct read-only catalogue and fixture query after final runtime,EXPO_PUBLIC_ENV=staging; API_DATA_BACKEND=db; production-looking URL rejected,5,current grants; policies; fixture rows; audits; future defaults,"Inspect current RLS, grants, policies, booking/participant/note state and exact audit metadata",Fastify remains sole client authority and opening routes causes no write,Four tables RLS enabled with no client grants/policies; booking unchanged; zero notes; five minimized audits,GET /v1/bookings/:bookingId,three allowed and two denied live reads,five exact IDs retained in api-db-evidence.md,Booking | BookingParticipant | SessionNote | AuditEvent | _prisma_migrations,58 migrations; completed booking version 2; one participant; zero notes; no write or cleanup,enabled on all focused tables; only postgres and service_role grants; SEC-004 future defaults remain,three SUCCESS and two DENY booking.read rows; metadata keys limited to status/participantCount or errorCode,ENV-004,Sentry token returned HTTP 403 after verified TLS,all direct client roles,no direct table access; Fastify relationship scope enforced,passed for current objects; SEC-004 remains open,not applicable,not applicable,not applicable,not applicable,not applicable,"protects booking participation, coach notes and audit trail",not applicable,not applicable,fixed,critical,reviews/ios-native-audit/runtime/2026-08-01/session-feedback-retirement-final/api-db-evidence.md | packages/db/prisma/schema.prisma,The retired mutation bridge and retained route authority lacked a recorded no-write database proof,fix(bookings): retire feedback redirect,"Read-only staging relationship, RLS, grants and audit reconciliation passed",Supabase MCP unavailable under ENV-003. SEC-004 remains open with 24 unsafe future default privileges requiring the owning role.
ROUTE-015,CLUB-HUB-CANONICAL,Canonical Club Hub compatibility route,coach; parent; guardian; athlete; club admin,app/(tabs)/club-hub.tsx,Immediate redirect to My Clubs or Club Detail,no params; invite code; authorized club; unauthorized club,iPhone 16 Pro responsive viewport; iPhone 16 Pro Max native simulator,local Expo web with staging Fastify/Supabase reads; actual Expo iOS launch,legacy Club Hub link; coach invites; group chats; community; owner dashboard,five authenticated staging role fixtures; production prohibited,1,five default redirects; explicit invite; four authorized club links; one denied club link; direct settings,Follow every internal caller and legacy route parameter through its final destination,"No legacy composite, fake loading page, hidden join or routing loop in API mode","API mode returns an immediate Redirect; callers open My Clubs, Club Detail or Club Settings directly; invite needs explicit Join",GET /v1/clubs; GET /v1/posts?clubId; GET /v1/clubs/:clubId/schedule; manager-only member read,Visible roles 200; unrelated athlete target absent and detail 404; non-manager UI roster request count zero,19 exact request IDs in api-db-evidence.md,Club | ClubMembership | ClubInviteCode | Post | ClubEvent | ClubMatch | GroupSession | Squad | AuditEvent,"Riverside FC read-only reconciliation: 9 active memberships, 1 post, 1 invite; no business mutation",nine focused tables RLS enabled with zero policies/current client grants; SEC-004 future defaults remain,ordinary directory/feed/schedule reads produced zero AuditEvent rows; recorded as runtime truth,ENV-004,verified-TLS read-only query returned HTTP 403; no clean Sentry claim,coach; parent; guardian; athlete; club admin,12/12 configured route outcomes passed; athlete failed closed before secondary reads,passed,passed,"legacy API composite, fake loading redirect, synthetic invites and local-only photo edit removed","generated helper copy, duplicate hub routing and decorative metrics removed",My Clubs; Join a club; New Post; Create Event; Club settings,actual Expo iOS sign-in launch recorded; authenticated native traversal blocked by ENV-006,"club membership, updates, squads and activities remain explicit",six representative screenshots manually reviewed; zero medium/high findings,44-point Close/back/options/join controls; labelled controls; zero nested buttons/overflow,fixed,critical,reviews/ios-native-audit/runtime/2026-08-01/club-hub-canonical-final/report.json | reviews/ios-native-audit/runtime/2026-08-01/club-hub-canonical-final/api-db-evidence.md | reviews/ios-native-audit/runtime/2026-08-01/club-hub-canonical-final/native-blocker.md,"API mode mounted a sprawling legacy hub, invite links could mutate on open, routing raced club-admin params, unauthorized detail could probe secondary endpoints, and list responses overexposed roster/invite data",fix(club): harden canonical club hub,Final strict profile passed 12/12 at fail-on-medium; focused UI 6/6 and API 42/42 tests passed,"Ponytail deletion-first. Production untouched. ENV-003, ENV-004, ENV-006 and SEC-004 remain honest blockers."
UI-046,LEAN-CLUB-DIRECTORY,Lean My Clubs and Club Detail hierarchy,coach; parent; guardian; club admin,/club/my-clubs; /club/:clubId; /club/settings,My Clubs; club updates; Club Settings,membership list; invite prefill; writable detail; read-only detail; settings entry,iPhone 16 Pro responsive viewport,local Expo web with live staging reads,legacy hub redirect or direct product action,authenticated club relationship,2,manager; coach; member; invite link,"Inspect visible hierarchy, copy, counts, filters, actions and every route-level control",One obvious destination with only truthful controls and concise football language,"Existing clubs lead, join requires intent, member count uses backend aggregate, unsupported photo controls and fake invite count are absent",GET /v1/clubs; club feed and schedule reads,memberCount=9 and coachCount=5 without roster payload; valid role actions only,see api-db-evidence.md,Club | ClubMembership | Post,read-only fixture matched UI counts and one update,Fastify remains client authority,no product audit expected for ordinary directory display,ENV-004,blocked HTTP 403,coach; parent; guardian; club admin,coach/admin actionable where governed; parent/guardian read-only,passed,passed,"synthetic invite metric, fake photo editing, duplicate hub/admin link and automatic join removed",helper prose and dashboard-like filler removed,My Clubs; Join; Create Club; Updates; Club settings,shared React Native surface passed responsive checks; native semantics blocked ENV-006,"club, coach, members, squads, activities and updates",manual screenshot pass in dark product tokens,44-point close/back/menu/join/action targets and named controls,fixed,high,reviews/ios-native-audit/runtime/2026-08-01/club-hub-canonical-final/coach__coach_club_hub_invite_confirmation.png | reviews/ios-native-audit/runtime/2026-08-01/club-hub-canonical-final/coach__coach_club_hub_club_detail_redirect.png | reviews/ios-native-audit/runtime/2026-08-01/club-hub-canonical-final/parent__parent_club_hub_club_detail_redirect.png,The route looked like a generic composite dashboard and surfaced controls or counts with no authoritative outcome,fix(club): harden canonical club hub,12 screenshots generated; representative allow/deny/invite/settings states manually accepted,No new design abstraction or decorative component was added.
FLOW-023,CLUB-HUB-FAIL-CLOSED,Club visibility before secondary reads,coach; parent; guardian; athlete; club admin,/club-hub -> /club/:clubId or /club/my-clubs,Club authority gate,visible; not visible; invite pending user intent,iPhone 16 Pro responsive viewport,local Expo web with live Fastify reads,legacy deep link,authenticated role; target club id or invite code,3,four visible roles; unrelated athlete; invite link,"Track posts, member-directory, schedule and join requests while following each redirect",Secondary reads only follow established club visibility; membership changes only follow explicit Join,Athlete made zero secondary calls; coach/parent/guardian made zero roster calls; admin made one; invite route made zero POSTs,GET /v1/clubs; conditional GET posts/schedule/members; POST /v1/clubs/join,all asserted request counts matched exactly,see report.json and api-db-evidence.md,Club | ClubMembership | ClubInviteCode,no club join or business write occurred,backend membership scope enforced,not applicable to intercepted zero-write join proof,ENV-004,blocked readback; network/console assertions clean,coach; parent; guardian; athlete; club admin,four authorized details; athlete clean 404; invite remains prefilled until Join,passed,passed,no spinner bridge or dead intermediate action,no fabricated progress or reassurance,Club not found; Go Back; Join,native route automation host-blocked ENV-006,club assignment determines visibility,allow and denial screenshots accepted,denial exit and route controls named and minimum-sized,fixed,critical,scripts/ui-flow-checks-50.mjs | reviews/ios-native-audit/runtime/2026-08-01/club-hub-canonical-final/report.json,Secondary club calls previously began without first proving the signed-in actor could see the club,fix(club): harden canonical club hub,Strict 12/12 flow run passed with exact request counts and zero findings,The compatibility route is retained only for mock mode and already-issued links.
API-016,CLUB-SUMMARY-DATA-MINIMIZATION,Club list/detail response minimization,owner; club admin; head coach; coach; assistant; member; platform admin,GET /v1/clubs; GET/PATCH /v1/clubs/:clubId,Fastify club authority,manager response; ordinary member response; unrelated denial,isolated Fastify seed process plus live staging API,NODE_ENV=test API_DATA_BACKEND=seed; local API against staging db,clubAuthorityService.listClubs and getClubById,authenticated actor and governed membership,4,can manage members; cannot manage members; no membership,"Inspect serialized fields, aggregates, viewer authority and invite-code exposure across roles",Return only viewer membership and aggregate counts; never return the full roster; reveal invite credential only to member managers,"Serializer strips memberships, adds memberCount/coachCount, keeps viewerMembership and nulls inviteCode unless canManageMembers",GET /v1/clubs; GET/PATCH /v1/clubs/:clubId,42/42 route tests; five-role live matrix matched field-level expectations,19 exact live IDs retained,Club | ClubMembership | ClubInviteCode,read-only live response reconciled to 9 members and 5 staff,current client grants absent; Fastify field policy authoritative,ordinary reads not audited; write routes retain existing audit paths,ENV-004,HTTP 403 read blocker,all authenticated club roles,ordinary viewers lose roster and secret; authorized admin retains invite credential; outsider fails closed,passed,not applicable,not applicable,not applicable,API problem contract unchanged,client mapping consumes aggregates without needing roster rows,club membership and staff counts,not applicable,not applicable,fixed,critical,apps/api/src/modules/coach-club/routes.ts | apps/api/src/modules/coach-club/routes.test.ts | services/club-authority-service.ts | reviews/ios-native-audit/runtime/2026-08-01/club-hub-canonical-final/api-db-evidence.md,Every visible member received all club memberships and a reusable member invite credential from the list/detail payload,fix(club): harden canonical club hub,API typecheck and full 42-test coach-club route file passed; live payload inspection passed,Response minimization preserves create/join contracts and backend-authoritative aggregates.
QA-022,CLUB-HUB-CROSS-ROLE-PROOF,"Club Hub route, UI and request matrix",coach; parent; guardian; athlete; club admin,scripts/ui-flow-checks-50.mjs --profile=club-hub-canonical,12-flow canonical Club Hub profile,5 default redirects; invite confirmation; 4 allowed details; 1 denial; settings entry,iPhone 16 Pro responsive viewport; iPhone 16 Pro Max native simulator,local Expo web with staging Fastify reads; actual Expo iOS launch,strict protected-route preflight for every role,all five runtime account relationships passed preflight,5,12 focused flows,"Assert routes, text, absent controls, request counts, target sizes, overflow, nested controls and product-text issues",All deterministic branches pass without medium/high issue or unintended mutation,12/12 passed; zero high/medium; zero retries; representative screenshots manually reviewed,live club list/detail/feed/schedule; tracked member and join requests,all expected requests and zero-call assertions matched,report plus live matrix evidence,Club | ClubMembership | Post | AuditEvent,no business mutation,covered by SEC-017,covered by SEC-017,ENV-004,read-only helper returned 403,coach; parent; guardian; athlete; club admin,coach 3/3; parent 2/2; guardian 2/2; athlete 2/2; admin 3/3,passed,passed,absence assertions passed,product-text issue list empty,all asserted,actual native sign-in screenshot retained; semantic traversal blocked ENV-006,passed,12 screenshots; six key states manually reviewed,named 44-point control assertions; zero nested buttons and overflow,fixed,high,reviews/ios-native-audit/runtime/2026-08-01/club-hub-canonical-final/report.json | reviews/ios-native-audit/runtime/2026-08-01/club-hub-canonical-final/report.md | reviews/ios-native-audit/runtime/2026-08-01/club-hub-canonical-final/native-ios-current.png,"No focused evidence previously proved every legacy parameter, role outcome, request boundary and simplified visual state",fix(club): harden canonical club hub,Final strict run passed 12/12 at fail-on-medium,Failed baseline and duplicate chunk reports moved to a recoverable temporary prune hold.
SEC-017,CLUB-HUB-RLS-AUDIT-POSTURE,"Club directory database, RLS and audit posture",system,Supabase Postgres catalog and live Fastify read proof,Database authority,58 migrations; nine RLS tables; current grants; read audit; future defaults,read-only staging database connection,staging Supabase only; production untouched,direct catalog and fixture query after final role matrix,API_DATA_BACKEND=db; production-looking URL rejected,6,current tables; current client roles; future defaults; exact read IDs,"Inspect current rows, RLS, policies, grants, default ACLs and AuditEvent results without printing secrets",Current club data remains Fastify-only; overexposed response is fixed; unresolved database-owner risk stays visible,"Nine tables RLS enabled, zero policies/current client grants; 19 ordinary reads had zero audit rows; SEC-004 remains",read-only Postgres catalog and AuditEvent query,completed successfully,19 exact IDs in api-db-evidence.md,AuditEvent | Club | ClubEvent | ClubInviteCode | ClubMatch | ClubMembership | GroupSession | Post | Squad | _prisma_migrations,58 migrations; 9 memberships; 1 invite; 1 post; no writes,enabled on all nine focused tables; zero policies; only postgres/service_role current grants,zero rows for ordinary club directory/feed/schedule reads; no sensitive-read claim inferred,ENV-004,Sentry token returned HTTP 403 after verified TLS,all direct client roles,no current direct table grants; Fastify role boundary proven separately,passed for current objects; SEC-004 remains open,requires privileged database owner action,not applicable,not applicable,not applicable,not applicable,"protects club membership, invite and update data",not applicable,not applicable,fixed,critical,reviews/ios-native-audit/runtime/2026-08-01/club-hub-canonical-final/api-db-evidence.md | packages/db/prisma/schema.prisma,Club directory response minimization and its current database boundary lacked recorded role-level staging evidence,fix(club): harden canonical club hub,Read-only staging reconciliation passed; 24 public-schema future default privileges remain SEC-004,Supabase MCP unavailable under ENV-003. SEC-004 requires supabase_admin ownership and is not falsely closed.
ROUTE-016,COACH-PROFILE-CANONICAL,Canonical coach profile editor,coach; parent; guardian; athlete; club admin,/coach-profile -> /edit-profile,Immediate redirect or role denial; Edit Profile editor,coach redirect; four denied roles; clean form; changed form,iPhone 16 Pro responsive viewport; installed ClubroomDev on iPhone 16 Pro Max simulator,local Expo web with staging Fastify/Supabase proof; actual native iOS build,Settings profile card or legacy deep link,five authenticated staging roles; production prohibited,1,coach compatibility redirect; four route denials,"Trace every caller, remove the duplicate profile surface and verify each role outcome",One coach-owned editor exists; the legacy route redirects immediately; non-coach roles fail before profile reads,"Old social-style profile implementation deleted; Settings has one editor entry; coach redirects; four other roles deny",GET /v1/coaches/me/profile,Coach exactly one 200; parent guardian athlete and admin 404 in direct API proof,req_8b62ef38-2a60-440a-b96c-5d3dffde7222 | req_54a9afc2-b489-4ae7-b60a-c5972a1b49b4 | req_923fcacd-55a7-487d-a4f6-906b42519ef2 | req_0c177863-287e-40e9-9b8c-0265392bea91 | req_1aec8f8b-8427-43ec-8816-75c848458811,CoachProfile | AuditEvent,One coach profile read; no profile mutation; five exact audit rows reconciled,focused tables RLS enabled with zero anon/authenticated grants,one SUCCESS and four DENY coach_profile.read events; sensitiveRead=true,ENV-004,Verified-TLS read-only query returned HTTP 403; no clean Sentry claim,coach; parent; guardian; athlete; club admin,coach 2/2 editor flows; four role denials 4/4,passed,passed,"duplicate profile tabs, fake metrics, follow/post actions, duplicate Services and rates entry, and dead media cards deleted",generic social dashboard and synthetic engagement removed,Edit profile; Save,installed native build launched and bundled; authenticated native semantics blocked ENV-006,coach identity and qualifications remain in the canonical editor,final responsive screen manually reviewed; zero medium/high findings,disabled Save remains a named disabled button; controls meet asserted target size,fixed,critical,reviews/ios-native-audit/runtime/2026-08-01/coach-profile-canonical-final-5/report.json | app/(tabs)/coach-profile.tsx | __tests__/hooks/coach-profile-route-boundary.test.ts,The app maintained a second coach profile product with fake social data and broader role reachability beside the actual editor,fix(profile): retire duplicate coach profile,"Final strict profile passed 6/6; 15 focused tests, typechecks and live API matrix passed",Ponytail deletion-first. Production untouched. Actual native build installed; ENV-006 prevents semantic native traversal.
UI-047,LEAN-COACH-PROFILE-EDITOR,Lean coach profile entry and save state,coach,/settings; /edit-profile,Settings identity card and Edit Profile form,initial clean; field changed; saving; disabled action,iPhone 16 Pro responsive viewport; iPhone 16 Pro Max native simulator,local Expo web with live staging read; installed native build,Settings profile card,authenticated coach with existing profile,2,clean form; changed form; disabled Save,"Inspect hierarchy, copy, duplicate entries, target size and untouched save behavior",The identity card is the sole entry and Save is unavailable until a real change exists,"Duplicate Services and rates row removed; initial fingerprint controls dirty state; no-op save is refused; a 70-character bio remains intact",GET /v1/coaches/me/profile,Two focused coach reads across isolated ready and edit flows,,CoachProfile,Read-only UI run; zero PATCH before Save,Fastify boundary verified separately,coach_profile.read SUCCESS recorded,ENV-004,HTTP 403 blocker retained,coach,canonical editor ready with no duplicate profile destination,passed,passed,"duplicate setting row, profile tabs, quick actions, decorative counters, and read-only media cards removed",social-template filler and generated helper surfaces deleted,Edit profile; Save,shared React Native surface passed 390 px strict runtime checks,positions and qualifications remain football-specific,existing dark tokens and one-column editor; final screenshot accepted,"Save exposes button role plus disabled state; target assertion passed",fixed,high,reviews/ios-native-audit/runtime/2026-08-01/coach-profile-canonical-final-5/coach__coach_profile_editor_redirect.png | hooks/use-edit-profile.ts | components/primitives/clickable.tsx,Untouched profile data was considered dirty; bio input contradicted its 500-character counter; disabled shared Clickable lost button semantics; dead photo cards buried the form,fix(profile): retire duplicate coach profile,Ready and long-bio flows passed with zero implicit PATCH and zero medium/high findings,No new design abstraction or decorative surface was added.
FLOW-024,COACH-PROFILE-FAIL-CLOSED,Coach self-profile role boundary,coach; parent; guardian; athlete; club admin,/coach-profile -> /edit-profile,Profile route authority gate,coach allowed; four roles denied,iPhone 16 Pro responsive viewport,local Expo web with staging Fastify reads,direct protected legacy URL,five authenticated role fixtures,3,six branches; ready editor; local bio edit; four denials,"Follow the redirect and denial path while tracking self-profile, profile writes, posts and follow requests",Only coaches reach the editor; edits remain local until Save; the retired profile makes no social requests,"Two isolated coach flows each made one self-profile GET and zero PATCH; every denied role made zero; all roles made zero posts and follow requests",GET/PATCH /v1/coaches/me/profile,Tracked request counts matched exactly,,CoachProfile | AuditEvent,No writes or social data reads,backend role boundary default-denies non-coaches,five direct API proof outcomes reconciled,ENV-004,blocked readback; runtime network and console assertions clean,coach; parent; guardian; athlete; club admin,all six configured outcomes matched,passed,passed,no fallback profile or hidden write path,no fabricated social proof or reassurance,Profile unavailable; Go back,responsive flow passed; native semantics host-blocked ENV-006,coach-only profile authority retained,one editor and one quiet denial result,denial and disabled actions remain named and minimum-sized,fixed,critical,scripts/ui-flow-checks-50.mjs | reviews/ios-native-audit/runtime/2026-08-01/coach-profile-canonical-final-5/report.json,The obsolete profile was reachable outside its intended coach boundary and issued unrelated social requests,fix(profile): retire duplicate coach profile,Strict six-flow profile passed 6/6 with exact request counts and zero medium/high findings,Opening the compatibility route and local edit test are non-mutating.
API-017,COACH-SELF-PROFILE-MINIMIZATION,Coach self-profile projection and audit,coach; parent; guardian; athlete; club admin,GET /v1/coaches/me/profile,Fastify coach profile authority,coach success; four resource-not-found denials; route error,isolated new-code Fastify process on port 4010 plus staging database,local API against staging Supabase,coachProfileService.getCoachProfile,authenticated actor; production prohibited,4,response keys; role matrix; audit success; audit denial,"Inspect serialized fields, role checks, errors and sensitive-read audit coverage",Return only profile data required by the editor and record every sensitive read outcome,"Response keys limited to profile, seedVersion and requestId; private availability, locations, scheduling and cancellation bundles removed",GET /v1/coaches/me/profile,Coach 200; parent guardian athlete admin 404; full focused route suite 42/42,five exact request IDs retained,CoachProfile | CoachLocation | AvailabilityTemplate | AvailabilityOverride | SchedulingRule | CancellationPolicyRule | AuditEvent,Profile read only; five matching audit rows; no business mutation,seven focused tables RLS enabled with zero client grants,coach SUCCESS; four DENY; error path covered by test; metadata minimized,ENV-004,Sentry token reached API over verified TLS but received 403,all five product roles,coach receives minimal editor projection; other roles learn no profile existence,passed,not applicable,unused private bundles removed from response,not applicable,existing API problem contract preserved,client mapper consumes only the minimal response,coach position and qualifications retained,not applicable,not applicable,fixed,critical,apps/api/src/modules/coach-club/routes.ts | apps/api/src/modules/coach-club/routes.test.ts | services/coach-profile-service.ts,The self-profile endpoint returned six private scheduling and location collections unused by this screen and did not audit reads,fix(profile): retire duplicate coach profile,API typecheck and full 42-test route suite passed; live field-level matrix and audit readback passed,Temporary port-4010 process stopped after read-only staging proof.
QA-023,COACH-PROFILE-CROSS-ROLE-PROOF,Coach profile route UI native and request proof,coach; parent; guardian; athlete; club admin,scripts/ui-flow-checks-50.mjs --profile=coach-profile-canonical,Six-flow canonical coach profile profile,one ready redirect; one long-bio edit; four denials,iPhone 16 Pro responsive viewport; installed ClubroomDev on iPhone 16 Pro Max simulator,local Expo web with staging API; native Xcode simulator build,strict protected-route preflight and native launch,all five role preflights passed; native build uses staging env,5,six focused flows plus actual native build,"Assert route, copy, absence, request counts, long input, target size, overflow, console and native compilation",All deterministic UI branches pass and the actual iOS target builds and launches without claiming blocked semantics,"6/6 responsive flows passed; Xcode build installed with zero build errors; native bundle launch recorded; DevToolsSecurity blocks semantic driver",GET/PATCH /v1/coaches/me/profile,Expected request set only; two coach GETs; zero PATCH; other roles zero,,CoachProfile | AuditEvent,read-only verification,covered by SEC-018,covered by SEC-018,ENV-004,verified Sentry API returned 403,coach; parent; guardian; athlete; club admin,all responsive outcomes matched; native authenticated traversal blocked ENV-006,passed,passed,absence checks passed,product-text issue list empty,all asserted,actual ClubroomDev app compiled installed and launched; XCUITest unavailable under ENV-006,passed,six responsive screenshots manually reviewed,"named controls, disabled semantics and target-size assertions passed",fixed,high,reviews/ios-native-audit/runtime/2026-08-01/coach-profile-canonical-final-5/report.json | reviews/ios-native-audit/runtime/2026-08-01/coach-profile-canonical-final-3/native-ios-final.png,The slice lacked proof from the generated iOS target and complete cross-role request matrix,fix(profile): retire duplicate coach profile,"6/6 strict profile, root typecheck, test compile, 15 focused tests, API typecheck and 42/42 API tests passed",CocoaPods required UTF-8 locale. Four dependency deployment warnings and existing JS require cycles remain non-blocking development warnings. ENV-006 is a host configuration blocker.
SEC-018,COACH-PROFILE-RLS-AUDIT-POSTURE,Coach profile database RLS audit and telemetry posture,system,Supabase Postgres catalog; AuditEvent; Sentry API,Database and telemetry authority,seven RLS tables; five audit rows; current grants; future defaults; Sentry 403,read-only staging database and Sentry API,staging Supabase and configured Sentry project; production writes prohibited,direct catalog query and exact request-id audit query,new-code Fastify role matrix completed; credentials not printed,6,RLS; policies; grants; audits; future defaults; Sentry,"Inspect profile-related tables, client grants, audit outcomes and telemetry access without destructive production tests",Current profile data remains Fastify-only and every tested sensitive read is auditable; unresolved platform risks remain explicit,"Seven tables RLS enabled; zero anon/authenticated grants; five exact sensitive-read audits; SEC-004 and ENV-004 remain",read-only Postgres catalog; Sentry issues endpoint,database proof passed; Sentry read denied,five exact request IDs retained,CoachProfile | CoachLocation | AvailabilityTemplate | AvailabilityOverride | SchedulingRule | CancellationPolicyRule | AuditEvent | _prisma_migrations,58 migrations; five audit outcomes; no profile writes,enabled on all seven focused tables; no current anon/authenticated grants; SEC-004 future defaults remain,one SUCCESS and four DENY coach_profile.read rows with sensitiveRead=true,ENV-004,Configured token reached Sentry over verified TLS and received HTTP 403,all direct client roles,no direct focused-table access; Fastify role boundary proven,passed for current focused objects; SEC-004 remains open,requires owning database role; Sentry token requires issue-read scope,not applicable,not applicable,not applicable,not applicable,protects coach identity and private schedule-adjacent data,not applicable,not applicable,fixed,critical,reviews/ios-native-audit/runtime/2026-08-01/coach-profile-canonical-final-3/api-db-evidence.md | packages/db/prisma/schema.prisma,Coach profile reads and minimized response lacked a recorded cross-role database and telemetry proof,fix(profile): retire duplicate coach profile,Read-only staging RLS/grant/audit reconciliation passed; Sentry 403 reproduced without exposing credentials,Supabase MCP remains unavailable under ENV-003. No destructive production test was run.
QA-024,NATIVE-REQUIRE-CYCLES,Native service dependency cycles,all roles,native startup,Metro native runtime,cold launch; sign-in settled; zero cycle warnings,installed ClubroomDev on iPhone 16 Pro Max simulator,staging native development build,cold start after service-boundary fixes,Metro running and native bundle installed,7,seven recorded circular import chains,Trace graph; replace facade back-edges; cold launch; query native logs,No startup import path can observe a partially initialized dependency,Sign-in settled and native log query returned zero Require cycle or circular matches,local JavaScript module graph,seven recorded chains absent; native launch passed,,not applicable,no database action,not applicable,not applicable,ENV-004,Sentry issue read remains blocked,all roles,shared native bootstrap passed for every role,passed,not applicable,development warning banner absent,not applicable,not applicable,installed app cold-launched against live Metro with zero cycle log matches,not applicable,sign-in settled without the prior warning overlay,no semantic accessibility impact demonstrated,fixed,medium,reviews/ios-native-audit/runtime/2026-08-02/native-require-cycles-final/verification.md | reviews/ios-native-audit/runtime/2026-08-02/native-require-cycles-final/native-ios-settled.png,Seven circular service chains could expose uninitialized imports depending on evaluation order,fix(services): break native import cycles,root typecheck and isolated test compile passed; focused notification family club and event tests passed; 3/3 import-boundary tests passed,No production mutation was used; remaining analyzer relationships were inspected as type-only or operation-deferred and did not appear in the native launch log.
QA-025,REACT-DOCTOR-BASELINE,Repository React diagnostic baseline,all roles,repository-wide React and React Native source,Static diagnostic surface,full repository; changed-file scope,local workspace,local read-only static analysis,repository root,existing dirty worktree preserved,8,full scan; changed files,Run React Doctor and separate confirmed slice regressions from repository-wide leads,Record the real baseline without bulk-fixing generated files or unrelated user changes,Latest full scan scored 49/100 with 399 diagnostics across 179 files; confirmed error pass reduced errors from 31 to 13 and warning work reduced warnings to 386,local source analysis,13 classified errors and 386 warnings remain,,not applicable,no database action,not applicable,not applicable,ENV-004,Sentry issue read remains blocked,all roles,Confirmed React defects fixed; warning inventory remains open and raw score still counts classified errors,not applicable,not applicable,scanner flags include possible dead and generated surfaces,scanner findings require human triage before copy conclusions,not applicable,not applicable,not applicable,not applicable,scanner includes accessibility leads but none are accepted without focused proof,open,high,reviews/ios-native-audit/runtime/2026-08-02/react-doctor-error-pass/verification.md | reviews/ios-native-audit/runtime/2026-08-02/context-dependency-integrity/verification.md | reviews/ios-native-audit/runtime/2026-08-02/react-doctor-warning-baseline/verification.md,The repository-wide React baseline remains poor and contains too many untriaged warnings to claim overall maturity,QA-027 through QA-050,error pass complete; correctness and targeted latency warning classes cleared; performance and maintainability warning pass remains open,Raw React Doctor score remains 49 because it still counts two generated server maps one validated timer false positive and ten compiler todo deferrals.
UI-048,LEAN-COACH-PROFILE-CONTROLS,Lean coach profile editor controls,coach,/edit-profile,Edit Profile,clean; dirty; modal validation; long content; invalid links,iPhone 16 Pro responsive viewport,local Expo web with staging Fastify reads,canonical Settings profile editor,authenticated staging coach; production prohibited,8,focus; pricing; experience; qualifications; languages; social links; contact,Inspect every remaining field and control; delete duplicate or dishonest UI; validate persisted outcomes,Every visible control has one direct purpose; invalid data blocks Save; no profile write occurs before Save,Football work leads; direct copy; one language action; API-backed qualification fields only; link errors disable Save; content clears the tab bar,GET/PATCH /v1/coaches/me/profile,seven coach UI branches passed with zero implicit PATCH requests,,CoachProfile,read-only UI proof; no profile mutation,existing Fastify-only boundary retained from SEC-018,read-only GET audit posture retained; no new write event,ENV-004,verified issue read remains HTTP 403,coach,7/7 focused coach branches passed,passed,passed,quick-add language block; discarded credential dates and URL; false validity badges; duplicate website owner; helper panels removed,reassurance copy; synthetic trust prompts; decorative empty-state icons removed,Name; Coaching focus; Pricing; Experience; Qualifications; Languages; Social links; Contact,shared React Native surface passed strict 390 px runtime proof; authenticated native semantics remain ENV-006,focuses experience qualifications and pricing remain coach-specific,one-column hierarchy; 44 pt controls; modal and tab clearance manually reviewed,checkbox radio button disabled alert and five-point unobscured assertions passed,fixed,high,reviews/ios-native-audit/runtime/2026-08-01/coach-profile-editor-controls-final-7/report.json | reviews/ios-native-audit/runtime/2026-08-01/coach-profile-editor-controls-final-7/validation.md | __tests__/hooks/coach-profile-editor-boundary.test.ts,The editor mixed filler copy duplicate actions clipped controls and fields the API silently discarded,fix(profile): simplify coach editor controls,Strict 11/11 UI; 22/22 focused tests; root compile and typecheck passed,Ponytail deletion-first. No new design abstraction. Production untouched.
FLOW-025,COACH-PROFILE-CONTROL-MATRIX,Coach editor control and denial matrix,coach; parent; guardian; athlete; club admin,/coach-profile -> /edit-profile,Edit Profile and fail-closed route gate,seven coach branches; four denied roles,iPhone 16 Pro responsive viewport,local Expo web with staging Fastify reads,legacy deep link and canonical editor,five authenticated staging roles; production prohibited,9,11 deterministic end-to-end branches,Traverse each profile editor section; exercise validation; track profile reads and writes; verify denial outcomes,Coach controls behave locally until Save and all non-coach roles fail before coach-profile reads,11/11 passed with zero medium/high issues; invalid links and prices disabled Save; denials made zero coach-profile requests,GET/PATCH /v1/coaches/me/profile,tracked counts matched; zero unintended PATCH across all coach flows and zero denied-role GET,,CoachProfile | AuditEvent,no business mutation in UI run,backend authority evidence retained from SEC-018,sensitive-read coverage previously reconciled; no write asserted in this non-mutating run,ENV-004,issue read blocked with HTTP 403,coach; parent; guardian; athlete; club admin,coach 7/7; each denied role 1/1,passed,passed,absence assertions cover Quick add and retired credential fields,direct product copy retained,inline validation names the required correction,responsive React Native execution passed; installed-native semantic traversal remains ENV-006,coach focus and qualifications retained,seven coach screenshots manually reviewed after repairs,minimum size viewport and multi-point obscuration checks passed,fixed,high,scripts/ui-flow-checks-50.mjs | reviews/ios-native-audit/runtime/2026-08-01/coach-profile-editor-controls-final-7/report.json,The earlier audit could pass while controls were covered and the compatibility route could race between allowed and denied redirects,fix(profile): simplify coach editor controls,Final strict run passed 11/11 after the role-aware compatibility redirect fix with retries disabled and fail-on medium,The final run is final-7; final-5 captured a transient background fetch failure and final-6 exposed the redirect race.
SEC-019,COACH-PROFILE-LINK-INTEGRITY,Shared coach profile URL validation,coach; public profile viewers,PATCH /v1/coaches/me/profile,Social links and Contact,valid exact host; valid subdomain; lookalike host; unsafe scheme,responsive UI plus Fastify DB fixture,local UI and in-memory API fixture,profile editor or direct authenticated API request,authenticated coach; production prohibited,10,client validation; shared contract; Fastify schema; public projection,Attempt lookalike platform links and non-HTTP website schemes through UI and direct API,Client disables Save and Fastify rejects bypass attempts before persistence,evilinstagram.com and javascript schemes show inline errors; three invalid API PATCH attempts returned 400; valid Instagram and website values persist in fixture,PATCH /v1/coaches/me/profile,focused DB-fixture profile test passed; three invalid requests 400; valid request 200,,CoachProfile,invalid fixture requests did not reach repository mutation; valid fixture update projected correctly,no RLS change; Fastify remains the write authority,existing profile write audit path retained,ENV-004,issue read remains blocked,coach; public profile viewers,coach cannot save unsafe links; viewers receive validated platform hosts,passed,passed,one website owner retained,not applicable,Use an Instagram URL; Enter a valid URL,same shared validator is bundled by the Expo app,protects coach marketplace identity,inline errors use existing alert typography,errors expose alert role and Save exposes disabled state,fixed,high,packages/shared-contracts/src/common/social-links.ts | apps/api/src/modules/coach-club/routes.ts | __tests__/utils/social-link-validation.test.ts | reviews/ios-native-audit/runtime/2026-08-01/coach-profile-editor-controls-final-7/validation.md,Fastify accepted arbitrary social hosts and schemes so a modified client could persist phishing-style public coach links,fix(profile): simplify coach editor controls,5 shared-validator tests passed; focused API profile route and full 42-test coach-club suite passed; API and root typechecks passed,Production untouched; invalid writes used only the in-memory DB fixture.
QA-026,COACH-PROFILE-CONTROLS-PROOF,Coach profile controls regression proof,all roles,profile UI; shared contract; Fastify route,static and runtime validation surface,compile; typecheck; focused tests; strict flows; full-suite baseline,local workspace and iPhone 16 Pro viewport,local only; API DB fixture; staging reads; production prohibited,automated verification gate,dirty concurrent worktree preserved,11,root; API; UI; visual review,Run narrow and broad checks and record failures without claiming them away,All slice-owned and broad coach-club checks pass while repository-wide blockers remain explicit,root compile/typecheck and API typecheck passed; 22 focused tests passed; strict UI 11/11; full coach-club 42/42,PATCH /v1/coaches/me/profile,slice-owned profile validation and broad route suite passed,,in-memory DB fixture only,invalid URLs rejected before fixture persistence,not changed; SEC-018 remains canonical staging proof,not re-reconciled because UI run is non-mutating and API test uses fixtures,ENV-004,Sentry read blocker unchanged,all roles,profile role matrix and affected API suite passed,passed,passed,visual screenshot review caught defects missed by the first green run,boundary test prevents deleted filler from returning,passed,actual native build proof retained from QA-023; semantic driver blocked ENV-006,passed,final-7 screenshots accepted after diagnostic runs exposed a transient fetch and redirect race,stronger five-point obscuration assertions added,fixed,high,reviews/ios-native-audit/runtime/2026-08-01/coach-profile-editor-controls-final-7/validation.md | reviews/ios-native-audit/runtime/2026-08-01/coach-profile-editor-controls-final-7/report.json,A green existence-only flow could miss covered controls and a focused change could be overstated without a broad regression pass,fix(profile): simplify coach editor controls,Strict UI; 22 focused tests; root and API typechecks; full coach-club 42/42,React Doctor staged scope has zero errors and four performance warnings; repository baselines QA-024 QA-025 ENV-004 and ENV-006 remain open.
QA-027,REACT-STATE-UPDATER-PURITY,React state updater purity,all roles,progress loop; block date; coach feedback; consent dashboard; development session; time off,Shared React Native interaction handlers,toggle; date adjust; filter; position; expansion,local workspace,local non-mutating static analysis and compiled tests,direct handler invocation,React Doctor full baseline; unrelated dirty work preserved,8,six confirmed replay-unsafe updater sites,Move nested state and ref writes into the owning event handler while keeping functional updaters pure,Each interaction computes one next state and queues independent writes without replayable side effects,Six updater errors removed; slice scan has zero errors and one pre-existing reducer warning,local UI only,no network contract changed,,not applicable,no database action,not applicable,not applicable,ENV-004,Sentry issue read remains blocked,all roles,Shared handlers no longer contain replayable nested writes,passed,passed,not applicable,not applicable,no product copy changed,React Native source typechecked; focused authority boundaries and helper logic passed,Coach athlete position feedback consent and availability behavior retained,no visual change,no accessibility semantic change,fixed,high,reviews/ios-native-audit/runtime/2026-08-02/react-state-purity/react-doctor-triage.md,Six state updater callbacks performed nested state writes or ref mutations that React may replay,fix(ui): keep state updaters pure,Root typecheck passed; React Doctor slice zero errors; 2 authority boundary tests and 4 progress helper tests passed,Initial isolated helper run could not resolve React until NODE_PATH was supplied; production and staging data were untouched.
QA-028,REACT-QUICK-RATE-RENDER-PURITY,Quick Rate render purity,coach,/session/[id]/complete; quick-rate modal,Quick Rate,athlete roster stable; roster changed; empty roster,local workspace,local non-mutating static analysis,open session completion or Quick Rate with athletes,Athlete prop arrays may change identity; production prohibited,9,same roster identity churn; changed roster content,Move roster ref synchronization into an effect that runs before the keyed prefill effect,Render never reads or mutates refs while roster prefill still reruns only when athlete content changes,Slice React Doctor scan has zero errors; existing async-effect warning remains recorded,progress and child read services,no API behavior changed,,not applicable,no database action,not applicable,not applicable,ENV-004,Sentry issue read remains blocked,coach,Quick Rate keeps roster prefill behavior without render-phase ref mutation,passed,passed,not applicable,not applicable,no product copy changed,React Native hook typechecked and compiler errors cleared,Preserves athlete effort position and skill-rating prefill,no visual change,no accessibility semantic change,fixed,high,reviews/ios-native-audit/runtime/2026-08-02/react-quick-rate-render-purity/verification.md,Quick Rate wrote two stability refs during render so React could replay or discard mutations,fix(progress): keep quick rate render pure,Root typecheck; React Doctor slice zero errors; focused ESLint zero errors; Prettier passed,The existing no-set-state-after-await warning is separately tracked for the warning pass; production and staging data were untouched.
QA-029,REACT-CONFIG-HOOK-ALIAS,Compiler-safe runtime mode reads,all roles,offline banner; create match; member management,Shared connectivity and club operations,offline; mock queue; live API; club context,local workspace,local non-mutating static analysis,render banner or open match and member-management hooks,Immutable runtime config loaded at module initialization; production prohibited,10,mock and API modes,Alias the immutable api.useMock flag at module scope so render code does not reference a hook-shaped property,Runtime behavior stays identical while React Compiler no longer treats the config property as a hook value,Four hook-reference errors removed; one unrelated React Compiler todo remains in match creation,local UI and existing services,no API behavior changed,,not applicable,no database action,not applicable,not applicable,ENV-004,Sentry issue read remains blocked,all roles,Offline and club flows retain the same runtime-mode branches,passed,passed,not applicable,not applicable,no product copy changed,React Native source typechecked after each file,Football match squad and club-member behavior retained,no visual change,no accessibility semantic change,fixed,medium,reviews/ios-native-audit/runtime/2026-08-02/react-config-hook-alias/verification.md,React Compiler interpreted the immutable useMock config property as a hook referenced as a normal value,fix(ui): keep runtime config compiler-safe,Three serial root typechecks passed; React Doctor cleared all four hooks-rule errors; focused ESLint had zero errors,One existing exhaustive-deps warning and one compiler todo remain recorded; production and staging data were untouched.
QA-030,REACT-MEMO-DEPENDENCY-INTEGRITY,Current-user memo dependency integrity,all roles,club hub; session detail modal,Club and session hooks,current user stable; current user replaced; child roster changed,local workspace,local non-mutating static analysis and compiled tests,open club hub or session detail with authenticated user,Manual memoization captures currentUser; production prohibited,11,club list; session actor identity set,Align dependency arrays with the full captured currentUser object,Compiler can preserve memoization and recompute when authenticated identity data changes,Two preserve-manual-memoization errors removed; slice scan has zero errors and ten existing simplification warnings,existing club booking and session services,no API behavior changed,,not applicable,no database action,not applicable,not applicable,ENV-004,Sentry issue read remains blocked,all roles,Club and session identity derivation retains behavior with honest dependencies,passed,passed,not applicable,not applicable,no product copy changed,React Native hooks typechecked after each edit,Club membership and session participant identity behavior retained,no visual change,no accessibility semantic change,fixed,medium,reviews/ios-native-audit/runtime/2026-08-02/react-memo-dependency-integrity/verification.md,Two memo blocks captured currentUser while declaring only currentUser.id so the compiler could not preserve their semantics,fix(hooks): align current-user memo dependencies,Two serial typechecks passed; React Doctor slice zero errors; 5/6 focused boundary tests passed,The one failing boundary assertion is recorded separately as QA-031; production and staging data were untouched.
QA-031,TAB-ACCESS-POLICY-TEST-DRIFT,Admin tab access policy test drift,club admin,tab access policy,Protected tab policy,ADMIN restricted-route list,local workspace,isolated compiled boundary test,run Club Hub and coach-profile route boundary suites,Executable policy restricts admin coach-profile and the canonical coach-profile boundary test independently proves that intent,12,admin coach-profile restriction,Align the stale Club Hub boundary assertion with the executable ADMIN route list,Test reflects intentional route authority without widening or narrowing admin access,Executable policy and both focused suites agree that only coaches can reach coach self-profile,local route policy,8 of 8 focused assertions passed,,not applicable,no database action,not applicable,not applicable,ENV-004,Sentry issue read remains blocked,club admin,Admin remains outside coach self-profile and learns no private coach editor state,passed,passed,not applicable,not applicable,no product copy changed,local static route boundary only,Coach-profile ownership remains coach-only,not applicable,Route policy and deep-link boundary assertions agree,fixed,medium,reviews/ios-native-audit/runtime/2026-08-02/react-tab-policy-drift/verification.md,The Club Hub boundary test encoded an older admin restricted-route list and contradicted the dedicated coach-profile boundary,test(auth): align admin coach-profile boundary,Isolated test compile passed; 8/8 focused route-boundary tests passed; focused lint and format passed,Test-only correction; runtime access was already default-deny and no production mutation was used.
QA-032,REACT-DOCTOR-ERROR-PASS,React Doctor confirmed error pass,all roles,repository-wide React and React Native source,Static diagnostic surface,initial 31 errors; post-fix 13 filtered or deferred errors,local workspace,local read-only static analysis and focused validation,repository root,Canonical React Doctor rule prompts fetched; unrelated dirty work preserved,13,updater; render ref; hook reference; memo dependency; artifact; timer; compiler todo,Fix every confirmed mechanical product error and validate every remaining error class,No confirmed fix-now error remains while false positives and compiler limitations stay explicit,Full scan reduced from 461 to 442 findings and 31 to 13 errors across 200 files,local source analysis,18 error diagnostics fixed; 3 validation-suppressed; 10 compiler-deferred,,not applicable,no database action,not applicable,not applicable,ENV-004,Sentry issue read remains blocked,all roles,Shared React handlers and hooks no longer contain the confirmed error patterns,passed,passed,not applicable,not applicable,no copy changes in error pass,React Native source typechecked after each atomic fix,Coach athlete club match consent availability and session behavior preserved,no visual change,no accessibility semantic change,fixed,high,reviews/ios-native-audit/runtime/2026-08-02/react-doctor-error-pass/verification.md,The initial scan mixed genuine React defects with generated server maps and compiler limitations,8de9595f | ef66602d | 89d2bafc | a7363dea,Post-fix full scan 442 findings; 13 remaining errors fully classified; all slice typechecks and focused checks recorded,Raw score remains 49 and 429 warnings remain for the warning pass; no production or staging mutation was used.
QA-033,MEDIA-UPLOAD-SOURCE-STATUS,Media upload source response integrity,coach,session media capture; video creation,Signed upload preparation,source 200; source 503; signed upload suppressed,local service test runtime,local non-mutating HTTP fixtures,save session media or create video in API web mode,API mode with web source URL; production prohibited,1,session photo and session video source failure,Return a failed source response before the signed PUT,Service rejects before reading or forwarding the failed response body,Both services rejected HTTP 503 and never requested the signed upload URL,POST /v1/uploads/init,fixture returned 200 upload initialization; no storage PUT,,MediaObject; UploadSession,no database used,not applicable,not applicable,ENV-004,Sentry issue read remains blocked,coach,Failed source media cannot be forwarded as a valid upload,passed,passed,not applicable,not applicable,Errors are direct and status-specific,web fetch behavior covered through public service methods,Session photos and coaching videos retain existing upload flow,no visual change,no accessibility surface,fixed,high,reviews/ios-native-audit/runtime/2026-08-02/media-upload-source-status/verification.md,Two services consumed failed fetch bodies without checking response.ok,fix(media): reject failed upload source responses,27/27 focused tests; root typecheck; React Doctor diff zero diagnostics; focused lint passed; formatter check passed outside known test-file drift,Production and staging untouched; tests used only local Response fixtures.
QA-034,ATTENDEE-LIST-INPUT-INTEGRITY,Attendee list prop immutability,coach; club staff,/events/[id]; /events/[id]/attendees,Event attendee list,all; going; maybe; checked in,local source validation,local non-mutating static analysis,open event attendee list,shared RSVP array; production prohibited,1,all filter and filtered subsets,Sort a copied attendee array,Status and response-time order remains local to the component,The component copies filtered data before sort and React Doctor reports zero slice diagnostics,local component,no API behavior changed,,not applicable,no database action,not applicable,not applicable,ENV-004,Sentry issue read remains blocked,coach; club staff,Parent-owned attendee order cannot be mutated by list render,passed,passed,not applicable,not applicable,no copy change,React Native FlatList behavior retained,Football event RSVP and attendance ordering retained,no visual change,Existing list accessibility roles retained and aligned,fixed,medium,reviews/ios-native-audit/runtime/2026-08-02/attendee-list-input-integrity/verification.md,The ALL branch sorted the caller-owned rsvps prop array in place,fix(events): preserve attendee list inputs,Root typecheck; React Doctor slice zero diagnostics; focused lint format and diff checks passed,Production and staging untouched; this slice has no network or database path.
QA-035,VENUE-PRESET-UPDATER-PURITY,Availability venue preset updater purity,coach,/availability/schedule,Day editor venue picker,add mapped venue; mock persistence; API mode,local source and compiled test validation,local non-mutating fixtures,open a day and add a mapped location,valid location and coordinates; production prohibited,1,mock mode and API mode,Compute next presets in the event handler then persist outside the state updater,One state transition and at most one mock-storage write per confirm,Updater is pure; API mode still avoids local storage; five focused tests passed,local apiClient storage abstraction,no live API request,,Saved locations,local fixture only,API ownership boundary passed,not applicable,ENV-004,Sentry issue read remains blocked,coach,Venue persistence remains coach-scoped and does not replay side effects,passed,passed,not applicable,not applicable,no copy change,Existing full-screen map picker behavior retained,Coach availability venue workflow retained,no visual change,no accessibility surface changed,fixed,high,reviews/ios-native-audit/runtime/2026-08-02/venue-preset-updater-purity/verification.md,Local storage I/O ran inside a React state-updater callback that React may replay,fix(availability): keep venue updates pure,5/5 focused tests; root typecheck; React Doctor slice zero diagnostics; lint format and diff checks passed,Production and staging untouched; only local test fixtures were used.
QA-036,QUICK-RATE-SAVING-LIFECYCLE,Quick Rate saving-state lifecycle,coach,/group-sessions/[id]/roster,Quick Rate modal,skill failure; feedback failure; exception; success,local source and compiled service validation,local non-mutating fixtures,open Quick Rate and save a completed rating,athlete rating and position selected; production prohibited,1,four save outcomes,Run save work through one guaranteed lifecycle guard,Saving state always returns false while existing outcome behavior remains intact,Module-level guard clears loading on every exit and final Doctor scan has zero diagnostics,progress skill and feedback services,15 focused service tests passed,,Progress feedback; skill levels,local fixtures only,not applicable,existing service audits retained,ENV-004,Sentry issue read remains blocked,coach,Coach cannot be trapped behind a permanently busy Quick Rate action,passed,passed,not applicable,not applicable,Existing direct toast copy retained,Existing modal keyboard and close behavior retained,Football position skill and feedback order retained,no visual change,Busy-state control behavior remains intact,fixed,high,reviews/ios-native-audit/runtime/2026-08-02/quick-rate-saving-lifecycle/verification.md,Scattered loading resets made early-return and exception cleanup fragile,fix(progress): guarantee Quick Rate cleanup,15/15 focused tests; root typecheck; final React Doctor slice zero diagnostics; lint format and diff checks passed,First direct finally approach was rejected due a React Compiler limitation; final helper avoids both findings and no live data was used.
QA-037,PAYMENT-INSTRUCTIONS-BUSY-STATE,Payment instructions load and save lifecycle,coach; invoice viewer,/earnings; /invoices/[id],Direct payment instructions,load success; load error; stale load; save success; save error,local source and compiled API fixture,local non-mutating HTTP fixture,open instructions card or save edited instructions,authenticated coach API mode; production prohibited,1,load save and dependency replacement,Use one guaranteed busy-state helper and ignore obsolete load results,Busy flags clear on every outcome and older coach results cannot overwrite current UI,Two loading warnings cleared; API authority test passed; Doctor slice has zero diagnostics,GET and PATCH /v1/coaches/me/payment-instructions,1/1 fixture test passed with expected GET and PATCH,,Coach payment instructions,in-memory HTTP fixture only,local-storage denial assertions passed,existing API audit behavior retained,ENV-004,Sentry issue read remains blocked,coach; invoice viewer,Coach controls remain responsive and viewers cannot receive stale payment instructions,passed,passed,not applicable,not applicable,Existing direct payment copy retained,Existing modal clipboard and share behavior retained,Coach invoice and direct-payment workflow retained,no visual change,Existing labels and disabled states retained,fixed,critical,reviews/ios-native-audit/runtime/2026-08-02/payment-instructions-busy-state/verification.md,Awaited load and save calls could strand busy state and an obsolete load could overwrite trust-sensitive bank instructions,fix(earnings): stabilize payment instruction state,1/1 API authority test; root typecheck; React Doctor slice zero diagnostics; lint format and diff checks passed,Production and staging untouched; no real bank details clipboard or share action was used.
QA-038,CANCELLATION-POLICY-SAVE-LIFECYCLE,Cancellation policy save lifecycle,coach,/settings/cancellation-policy,Cancellation policy settings,standard; flexible; strict; no refunds; write error,local source and compiled service validation,local non-mutating fixtures,select a cancellation template,authenticated coach; current policy loaded; production prohibited,1,save success service error and unexpected error,Guarantee saving cleanup and expose write failures in the existing screen message,Saving controls recover and coach sees why a policy did not change,39 focused tests passed and final Doctor scan has zero diagnostics,scheduling policy API routes,API-mode authority and denial tests passed,,Cancellation policy; scheduling rules,local fixtures only,self-write and non-self denial assertions passed,existing scheduling audit behavior retained,ENV-004,Sentry issue read remains blocked,coach,Coach policy controls cannot remain disabled or fail silently,passed,passed,not applicable,not applicable,Failure copy is direct and reuses the existing info surface,Existing settings screen and submit progress behavior retained,Football booking refund tiers remain unchanged,no visual change,Disabled state and error information remain available,fixed,critical,reviews/ios-native-audit/runtime/2026-08-02/cancellation-policy-save-lifecycle/verification.md,An awaited policy write could strand saving state and failed Result values were silently ignored,fix(settings): surface cancellation policy failures,39/39 focused tests; root typecheck; React Doctor slice zero diagnostics; lint format and diff checks passed,Production and staging untouched; no live policy booking refund or database row was changed.
QA-039,SESSION-ASSIGNEE-ASYNC-RACE,Session invite assignee request integrity,coach; club staff,/sessions/create,Existing-session invite ownership,club changed; coach changed; lookup active; lookup obsolete,local source and compiled boundary validation,local non-mutating source checks,choose an existing club session and assigned coach,live ownership required; production prohibited,1,staff load then user-name load,Stop obsolete second-stage lookups before building or applying assignee state,Only the current club and coach request can update the owner selector,Second lifecycle guard added and enforced by 3 passing boundary tests,academy staff and user services,no live request,,Club membership; user identity,no database used,Default-deny ownership assertions retained,existing invite audit behavior retained,ENV-004,Sentry issue read remains blocked,coach; club staff,Obsolete staff names cannot select or display the wrong invite owner,passed,passed,not applicable,not applicable,Existing direct authority errors retained,Existing Expo session-create behavior retained,Club-assigned football session ownership retained,no visual change,Owner selector authority semantics remain intact,fixed,critical,reviews/ios-native-audit/runtime/2026-08-02/session-assignee-race/verification.md,The effect did not recheck its lifecycle after a second await so stale club staff names could update owner state,fix(sessions): ignore stale assignee lookups,3/3 focused boundary tests; root typecheck; React Doctor slice zero diagnostics; lint and screen-format checks passed,Production and staging untouched; no club staff session invite or database mutation was used.
QA-040,CONSENT-CARD-ATHLETE-IDENTITY,Consent card athlete-name integrity,coach; safeguarding staff,/roster/consents,Consent roster card,athlete unchanged; athlete changed; old response; new response,local source and compiled consent validation,local non-mutating fixtures,open consent roster while records update,current authorized consent records; production prohibited,1,prop replacement and async identity resolution,Bind resolved names to athlete IDs and ignore aborted lookups,A consent status can display only its own athlete name,Identity boundary and 62-test consent run passed; final Doctor scan has zero diagnostics,user identity and consent services,no live request,,Athlete consent; user identity,local fixtures only,existing consent authority behavior retained,existing consent audit behavior retained,ENV-004,Sentry issue read remains blocked,coach; safeguarding staff,One child name cannot be paired with another child consent record,passed,passed,not applicable,not applicable,Existing direct status labels retained,Existing React Native card behavior retained,Football athlete consent and content-posting indicators retained,no visual change,Existing card semantics retained,fixed,critical,reviews/ios-native-audit/runtime/2026-08-02/consent-card-athlete-identity/verification.md,An unkeyed resolved name could remain visible after the card switched to another athlete consent record,fix(consent): bind resolved names to athletes,62/62 consent tests; final 1/1 identity boundary; root typecheck; final React Doctor zero diagnostics; lint format and diff checks passed,Production and staging untouched; no real child guardian consent or safeguarding data was used.
QA-041,COMMENT-PREVIEW-SNAPSHOT,Comment preview request integrity,all feed roles,feed post card,Latest comment preview,post changed; count changed; null result; obsolete response,local source and compiled comment validation,local non-mutating fixtures,view feed cards as data refreshes,post ID and count provided; production prohibited,1,latest comment snapshot,Bind preview results to post and count and ignore aborted work,Only the current post snapshot can render its latest comment,Six selected boundary and latest-comment tests passed; Doctor slice has zero diagnostics,comment read service,no live request,,Post comments,local fixtures only,existing comment visibility rules retained,existing comment audit behavior retained,ENV-004,Sentry issue read remains blocked,all feed roles,One post cannot display another post latest comment,passed,passed,not applicable,not applicable,Existing direct deleted-comment copy retained,Existing press target and count label retained,Club and coach feed comment behavior retained,no visual change,Existing accessibility label retained,fixed,high,reviews/ios-native-audit/runtime/2026-08-02/comment-preview-snapshot/verification.md,An unkeyed latest comment could remain visible when a feed card changed post or comment count,fix(feed): bind comment previews to posts,6 selected tests passed with 55 unrelated skipped; root typecheck; React Doctor zero diagnostics; lint format and diff checks passed,Production and staging untouched; no real post comment user API or database data was used.
QA-042,QUICK-RATE-PREFILL-CONTINUATION,Quick Rate prefill continuation integrity,coach,/session/[id]/complete; /group-sessions/[id]/roster,Quick Rate prefill,active lookup; navigation; athlete change; aggregate completion,local source and compiled progress validation,local non-mutating fixtures,open completion or roster Quick Rate,athlete list session and coach provided; production prohibited,1,aggregate athlete history prefill,Commit aggregate results only through an abort-guarded continuation,No prefill state update can occur after the effect is aborted,Existing abort boundary made explicit and enforced; 16 tests pass; Doctor zero diagnostics,progress position feedback and child services,no live request,,Progress feedback; position; child profile,local fixtures only,existing athlete visibility behavior retained,existing progress audit behavior retained,ENV-004,Sentry issue read remains blocked,coach,Navigation or prop changes cannot apply obsolete Quick Rate prefill state,passed,passed,not applicable,not applicable,no copy change,Existing React Native completion and roster behavior retained,Football position skill four-corner and effort hydration retained,no visual change,Existing loading and control semantics retained,fixed,high,reviews/ios-native-audit/runtime/2026-08-02/quick-rate-prefill-continuation/verification.md,A guarded async prefill continuation was not recognized by static analysis and needed an explicit aggregate commit boundary,fix(progress): clarify Quick Rate prefill boundary,16/16 focused tests; root typecheck; React Doctor zero diagnostics; lint format and diff checks passed,Production and staging untouched; no live session athlete rating feedback API or database data was used.
QA-043,SESSION-MEDIA-CONTEXT-INTEGRITY,Session media context isolation,coach; athlete; parent,/session/[id]/complete; session history,Session photo and video capture,session changed; athlete changed; load failed; load obsolete; capture; removal,local source and compiled media validation,local non-mutating fixtures,open media capture or session history,authorized session-athlete context; production prohibited,1,load capture save remove and context replacement,Store media atomically with session and athlete IDs and reject mismatched state,Old-context media becomes unusable immediately and obsolete reads cannot commit,Nineteen media and authority tests passed; final Doctor scan has zero diagnostics,session media API and upload services,no live request,,Session media; MediaObject; UploadSession,local fixtures only,actor-scope and failed-authority assertions retained,existing media audit behavior retained,ENV-004,Sentry issue read remains blocked,coach; athlete; parent,One athlete session cannot expose or append another context photos or video,passed,passed,not applicable,not applicable,Existing direct limits and errors retained,Existing camera picker upload and cleanup behavior retained,Football session review media remains context-bound,no visual change,Existing capture and removal semantics retained,fixed,critical,reviews/ios-native-audit/runtime/2026-08-02/session-media-context-integrity/verification.md,Unkeyed photo and video state survived session or athlete changes and could feed new capture or removal actions,fix(media): isolate session media context,19/19 focused tests; root typecheck; React Doctor zero diagnostics; lint and diff checks passed,Production and staging untouched; no real child session photo video upload API object or database row was used.
SEC-020,STATIC-PUBLIC-RUNTIME-CONFIG,Expo public runtime configuration integrity,all roles,app bootstrap and every API-backed route,Runtime configuration,development; staging; production; test; configured; default,local compiled runtime and Expo config validation,local non-mutating environment fixtures,launch any app runtime,supported EXPO_PUBLIC values; production prohibited,1,API mode feature Sentry and UI config,Read supported public variables through explicit statically inlined properties,Metro bundles the intended public values and compile time rejects unknown keys,Forty-one keys explicit; six tests pass; staging Expo config resolved exact API mode values,frontend API origin and Sentry SDK config,No network request,,not applicable,no database action,not applicable,not applicable,ENV-004,Sentry issue read remains blocked,all roles,Every role reaches the intended API and runtime gates rather than silent defaults,passed,passed,not applicable,not applicable,no product copy change,Expo public config returned expected staging name and values,All football flows inherit one trustworthy runtime mode,no visual change,no accessibility surface,fixed,critical,reviews/ios-native-audit/runtime/2026-08-02/static-public-runtime-config/verification.md,Dynamic environment access was not Metro-inlined and the Expo extra fallback used incompatible key shapes,fix(config): inline public runtime values,6/6 runtime tests; root typecheck; staging Expo public config proof; React Doctor zero diagnostics; lint format and diff checks passed,Only EXPO_PUBLIC keys were allowlisted; production and staging services tokens Sentry events and databases were untouched.
QA-044,LAZY-COMPONENT-STATE-INITIALIZERS,Lazy component state initialization,coach; parent,/schedule; /family/calendar; /(tabs),Scheduling rules and family calendar,initial mount; rerender; month navigation; modal reload,local source and compiled component-domain validation,local non-mutating fixtures,open family calendar or coach booking rules,authorized role and existing local data; production prohibited,1,initial component state,Construct the current month and default cancellation tiers only on mount,Subsequent renders preserve identical behavior without repeating discarded work,Fifty-three component calendar and scheduling-rule tests passed; Doctor diff has zero diagnostics,no API change,no live request,,not applicable,no database action,not applicable,not applicable,ENV-004,Sentry issue read remains blocked,coach; parent,Coach and parent behavior is unchanged while redundant render work is removed,passed,passed,not applicable,not applicable,no copy change,Existing React Native modal and calendar controls retained,Football family scheduling and coach cancellation rules retained,no visual change,Existing accessible month navigation retained,fixed,low,reviews/ios-native-audit/runtime/2026-08-02/lazy-state-initializers/verification.md,Eager useState arguments recreated a Date and read a default cancellation policy on every render,fix(ui): initialize component state lazily,53/53 focused tests; root typecheck; React Doctor zero diagnostics; lint format and diff checks passed,Production and staging untouched; no live calendar cancellation policy API database or Sentry data was used.
QA-045,CROSS-ROLE-CONTEXT-DEPENDENCIES,Cross-role context dependency integrity,coach; parent; athlete; admin,/bookings; /children; /clubs/[id]; /matches/create; session detail,Booking child club match and session projections,role switch; child profile update; child age change; route squad change; club directory change,local source and compiled cross-role boundary validation,local non-mutating fixtures,open an affected screen then change its current role child club or squad context,authorized role and current context data; production prohibited,1,context-driven reload and projection,Depend on the current arrays and user objects actually read and hydrate route squad state directly,No hook can continue showing projections built from an obsolete child user club or selected-squad closure,Seven stale dependency findings cleared; 13 focused tests pass; exhaustive-deps is zero,existing booking group session child club squad and staffing services,no live request,,Booking; GroupSession; ChildProfile; Club; ClubSquad,local fixtures only,existing backend authority and route denial assertions retained,existing sensitive reads and reassignment audit behavior retained,ENV-004,Sentry issue read remains blocked,coach; parent; athlete; admin,Role and subject changes cannot retain another context's eligible sessions names clubs or squad error state,passed,passed,not applicable,not applicable,no copy change,Existing React Native controls and screen ownership retained,Football booking eligibility squads clubs and session ownership retained,no visual change,Existing control accessibility semantics retained,fixed,critical,reviews/ios-native-audit/runtime/2026-08-02/context-dependency-integrity/verification.md,Incomplete signatures could preserve stale child-age user club or route-squad projections across context changes,fix(hooks): bind projections to current context,13/13 focused cross-role authority tests; root typecheck; exhaustive-deps zero in 419-finding full scan; lint format and diff checks passed,Production and staging untouched; no live booking child club squad staffing database or Sentry data was used.
QA-046,PARALLEL-IDENTITY-READS,Parallel identity lookup integrity,coach; parent; athlete,/matches/create; match squad invite; mock user directory,Match squad invitation and local user hydration,multiple squad members; athlete missing; parent missing; API mode; mock mode,local source and compiled service validation,local non-mutating fixtures,invite a squad to a match or resolve a local user,authorized coach and current squad; production prohibited,1,match creation player names and local user records,Start independent reads together while preserving ordered player projection and the authoritative invite write,Latency is bounded by the slowest independent read rather than their sum without changing identities or write order,Twenty-five service tests passed; final Doctor diff has zero diagnostics,match user squad and storage services,no live request,,Match; MatchPlayer; User; ClubSquad,local fixtures only,existing API-mode authority assertions retained,existing match invite event behavior retained,ENV-004,Sentry issue read remains blocked,coach; parent; athlete,Every invited athlete remains paired with the correct parent and fallback name,passed,passed,not applicable,not applicable,no copy change,Existing service behavior retained,Football squad match invitation ordering retained,no visual change,no accessibility surface,fixed,medium,reviews/ios-native-audit/runtime/2026-08-02/parallel-identity-reads/verification.md,Independent match creation identity and local user reads waited serially,perf(services): parallelize identity reads,25/25 focused tests; focused and root typecheck; React Doctor zero diagnostics; lint format and diff checks passed,Production and staging untouched; no live match user notification database or Sentry data was used.
QA-047,LAZY-COLLECTION-REFS,Lazy collection ref initialization,all roles,/feed; /chat/[threadId]; /bookings; progress; session payments; group roll call,Render-lifetime deduplication and submission locks,initial mount; rerender; context change; unmount cleanup,local source and compiled cross-surface validation,local non-mutating fixtures,open and interact with an affected screen,authorized role and existing local fixtures; production prohibited,1,feed chat roll-call invite task snapshot and invoice mutable refs,Initialize component-lifetime Maps and Sets once through one predictable lazy-ref boundary,Repeated renders retain identical mutable coordination state without rebuilding discarded collections,Ten eager refs removed; 27 focused tests pass; final Doctor diff has zero diagnostics,no API change,no live request,,not applicable,no database action,not applicable,existing action events unchanged,ENV-004,Sentry issue read remains blocked,all roles,Deduplication submission locks retry queues and snapshots retain their existing role scope and ordering,passed,passed,not applicable,not applicable,no copy change,Existing React Native behavior retained,Football feed messaging attendance booking progress and payments remain unchanged,no visual change,Existing accessible controls retained,fixed,low,reviews/ios-native-audit/runtime/2026-08-02/lazy-collection-refs/verification.md,Eager Map and Set constructors ran on every render even though React discarded every value after the first,perf(hooks): lazily initialize collection refs,27/27 focused tests; focused and root typecheck; React Doctor zero diagnostics; lint error format and diff checks passed,Production and staging untouched; two unrelated concurrent feed source assertions were excluded and recorded in the verification evidence.
QA-048,STABLE-DYNAMIC-ROW-IDENTITY,Stable dynamic row identity,all roles,coach profile; progress; health; schedule; squad invites; app alerts,Dynamic profile summary and action rows,reorder; filter; refresh; duplicate label; action press,local source and compiled UI-boundary validation,local non-mutating fixtures,open an affected list or alert,authorized role and current projected data; production prohibited,1,experience certification badge quote medical session error and alert rows,Use canonical IDs or complete stable content identity instead of array positions,Reordering cannot transfer React identity or local interaction state to another domain row,Nine actionable index keys replaced; four position-only cases reviewed and retained; two focused tests pass,no API change,no live request,,not applicable,no database action,not applicable,existing action audit events unchanged,ENV-004,Sentry issue read remains blocked,all roles,Profile proof medical context schedule sessions invite errors and action outcomes remain attached to the correct row,passed,passed,not applicable,not applicable,no copy change,Existing React Native list and alert behavior retained,Football coach proof progress health schedule and squad workflows retained,no visual change,Existing accessible labels and action outcomes retained,fixed,medium,reviews/ios-native-audit/runtime/2026-08-02/stable-row-identity/verification.md,Dynamic rows used array position as part of their identity and could inherit another row after reorder or filtering,fix(ui): stabilize dynamic row identity,2/2 focused tests; focused and root typecheck; React Doctor zero diagnostics; lint error format and diff checks passed,Production and staging untouched; four safe position-identity exceptions are documented rather than suppressed.
QA-049,TRIAL-SETTINGS-AUTHORITY,Trial settings load authority,coach,trial session settings editor,Trial session pricing and availability,first load; retry; coach change; empty response; API failure; unmount,local source and compiled API/mock service validation,local non-mutating fixtures,open coach trial settings,authenticated coach; production prohibited,1,load hydrate edit retry and save gate,Bind loads to the current coach and block editing until authoritative state is known,A failed or obsolete load cannot expose defaults as truth or overwrite another coach context,Eight focused tests passed plus three final boundary retests; root typecheck passed,GET and PUT coach trial-offering routes,no live request,,TrialOffering,local fixtures only,coach-self API boundary retained,existing trial usage and conversion events retained,ENV-004,Sentry issue read remains blocked,coach,One coach cannot see or save default or prior-coach pricing after an unavailable or obsolete load,passed,passed,passed,no unnecessary fallback editor rendered,Existing direct error and retry copy retained,Existing React Native form and inline error surface retained,Football trial session pricing family limit and discovery preview retained,Existing screen-state visual language retained,Existing retry and form control accessibility retained,fixed,critical,reviews/ios-native-audit/runtime/2026-08-02/trial-settings-authority/verification.md,Load failures silently exposed editable defaults and unguarded responses could populate a later coach context,fix(trials): fail closed while loading settings,8/8 focused tests plus 3/3 final boundary retest; focused and root typecheck; Doctor no errors with two reviewed advisories; lint error format and diff checks passed,Production and staging untouched; no live trial price offering usage conversion database or Sentry data was used.
QA-050,INVOICE-REMINDER-CONCURRENCY,Invoice reminder latency and ordering,coach; admin; parent,/v1/invoices/:invoiceId/reminders,Invoice reminder backend,delivery skipped; delivery sent; delivery failed; denied; persistence failure,local source and Fastify injection,local non-mutating seed fixtures,send an invoice reminder,authorized invoice manager and open invoice; production prohibited,1,delivery persistence invoice refresh and audit,Start independent delivery persistence and invoice refresh together then audit only after persistence succeeds,Response retains the current mapped invoice and stored reminder while success audit cannot precede delivery state,Three focused route tests passed; both typechecks and Doctor diff clean; four ordering paths reviewed,POST /v1/invoices/:invoiceId/reminders,200 for authorized cases and 403 for payer denial,,Invoice; PaymentReminder; InvoiceEvent; AuditEvent,seed mutation verified; no live database,existing API authority retained,invoice.reminder SUCCESS only after delivery update,ENV-004,Sentry issue read remains blocked,coach; admin; parent,Managers retain the response and payer denial while assignment and registration correctness remain unchanged,passed,passed,not applicable,not applicable,no copy change,no UI change,Football invoice reminders remain authoritative,no visual change,no accessibility surface,fixed,medium,reviews/ios-native-audit/runtime/2026-08-02/invoice-reminder-concurrency/verification.md,An independent invoice detail read waited for delivery persistence while four security transaction or read-after-write paths were correctly sequential,perf(api): overlap invoice reminder reads,3/3 selected Fastify tests; API and root typecheck; React Doctor zero diagnostics; diff check passed,Production and staging untouched; auth registration skill-assessment transaction drill-assignment refresh and club-authority transaction remain deliberately sequential.
QA-051,AVAILABILITY-NATIVE-DISMISS-GESTURE,Availability day-sheet native dismiss gesture,coach,/(tabs)/schedule?segment=availability,Day editor sheet,open; downward drag; short drag; dismiss drag; interrupted drag; tap close,local iOS-native source and compiled boundary,local non-mutating fixtures,open a day in coach availability,authenticated coach and existing availability context; production prohibited,1,sheet drag and dismissal,Drive gesture sampling and translation on the native UI thread while closing on React Native after animation,Five-point activation 80-point dismissal snap-back close timing form state and labels stay unchanged,Gesture Handler and Reanimated path compiled; four focused checks passed; Doctor warning cleared,no API change,no live request,,not applicable,no database action,not applicable,no audit change,ENV-004,Sentry issue read remains blocked,coach,Availability editing remains available while sheet dragging no longer depends on JavaScript-thread frame delivery,passed,passed,passed,PanResponder plumbing removed,no copy change,Existing Gesture Handler Reanimated Modal and keyboard behavior retained,Football coach availability editing retained,no visual design change,Existing close labels tap target and modal dismissal retained,fixed,medium,reviews/ios-native-audit/runtime/2026-08-02/availability-native-gesture/verification.md,The availability sheet sampled drag gestures through JavaScript-thread PanResponder despite an existing native gesture stack,perf(availability): move sheet drag to UI thread,4/4 focused boundary tests; root typecheck; focused ESLint; React Doctor zero diagnostics,Actual iOS drag retest remains blocked by ENV-006; no dependency production staging database or Sentry mutation occurred.
QA-052,AVAILABILITY-LOCATION-DRIFT-TEST-AUTHORITY,Availability location-drift test authority,coach,availability booking location helpers,Availability location authority test pack,mock fixture; backend authority; local mirror; authority outage; delegated coach,local compiled test suite,local non-mutating fixtures,run local and API availability authority tests,current source compiled to isolated output; production prohibited,2,local update drift conflict and delegated API paths,Tests exercise current backend-authoritative booking behavior rather than removed local mutation,Local writes fail closed local mirrors stay non-authoritative and supported API conflict paths remain covered,Seven focused authority tests and all 58 availability-folder tests passed,booking update and availability conflict authority,local injection and mocked fetch only,,Booking; AvailabilityTemplate; InviteSlotHold,local fixtures only,local update rejected and delegated conflict outage fails closed,no audit mutation,ENV-004,Sentry issue read remains blocked,coach,The suite now protects the real backend boundary without resurrecting device-local sensitive ownership,passed,passed,not applicable,not applicable,no UI or copy issue,no native behavior issue,Football availability and future booking locations retain backend authority,not applicable,not applicable,fixed,medium,reviews/ios-native-audit/runtime/2026-08-02/availability-native-gesture/verification.md | reviews/ios-native-audit/runtime/2026-08-02/availability-location-authority-tests/verification.md,Legacy tests expected direct local booking mutation removed by the current authority model,test(availability): align location authority tests,7/7 focused authority tests; 58/58 availability folder; isolated compile; focused lint and diff checks passed,Runtime unchanged; production and staging untouched; Doctor diff only showed two unrelated concurrent match-route suggestions.
QA-053,REANIMATED-WORKLETS-SCHEDULER,Reanimated 4 callback scheduler,all roles,availability tutorial; discovery slider; notification toast; progress counter; player card; day editor,Native animation callback boundaries,tutorial transition; slider drag and commit; toast hide; counter frame; card flip; sheet close,local source and compiled boundary,local non-mutating fixtures,interact with an affected animated control,existing Reanimated 4 worklets and gesture-handler stack; production prohibited,1,eight remaining callbacks plus prior day-sheet callback,Use scheduleOnRN with the original callback arguments and completion guards,Animation state and React Native state cross the UI-thread boundary through the supported v4 scheduler,Zero runOnJS calls remain in production source; one scheduler argument test passed; typecheck clean,no API change,no live request,,not applicable,no database action,not applicable,no audit change,ENV-004,Sentry issue read remains blocked,all roles,Tutorial discovery notifications progress cards and availability retain their existing outcomes without a deprecated bridge,passed,passed,passed,no additional scheduler abstraction added,no copy change,Existing Reanimated worklet and Gesture Handler behavior retained,Football discovery progress card and coach availability interactions retained,no visual change,Existing control labels and touch targets retained,fixed,medium,reviews/ios-native-audit/runtime/2026-08-02/reanimated-worklets-scheduler/verification.md,Production animations used the Reanimated 3 runOnJS bridge despite the installed Reanimated 4 worklets runtime,perf(native): use the Reanimated 4 scheduler,1/1 scheduler boundary; root typecheck; isolated compile; focused lint and diff checks passed,Production and staging untouched; Doctor diff only showed two unrelated concurrent match-route suggestions.
QA-054,BOUNDED-AUTHORIZATION-READS,Bounded authorization read concurrency,admin; coach; parent; athlete,/v1/safeguarding/incidents; /v1/sessions/:sessionId/media; /v1/sessions/:sessionId/badges; practice-task actions,Safeguarding media badge and practice-task authorization reads,list; duplicate athlete; missing task; partial denial; full denial; server failure,local source and Fastify injection,local non-mutating seed fixtures,list protected resources or act on normalized practice-task IDs,authenticated actor with role-specific assignment; production prohibited,1,bounded sensitive and assignment read checks,Overlap independent checks and share duplicate athlete authorization while retaining default-deny and order,Authorized rows retain source order denied rows stay hidden full safeguarding denial rejects and server errors propagate,Seven safeguarding and three wave2 route cases passed; isolated compiler and Doctor diff are clean,GET safeguarding incidents; GET session media; GET session badges; practice-task action routes,local 200 and 403 outcomes verified,,SafeguardingIncident; SessionMedia; SessionBadge; PracticeTask; AthleteProfile; AuditEvent,seed reads and test mutations only,existing backend authority and assignment checks retained,success audit remains after every safeguarding check; existing media and badge audit order retained,ENV-004,Sentry issue read remains blocked,admin; coach; parent; athlete,Each role retains only explicitly assigned or related protected records with no transitive access,passed,passed,not applicable,serial loops and duplicate checks removed,no copy change,no native UI change,Football safeguarding session media badges and practice assignments retained,no visual change,no accessibility surface,fixed,medium,reviews/ios-native-audit/runtime/2026-08-02/bounded-authorization-reads/verification.md,Four bounded protected-read loops serialized independent checks and repeated athlete authorization work,perf(authz): parallelize bounded access reads,7/7 safeguarding plus 3/3 media badge and practice cases; isolated route compile; React Doctor zero diagnostics; focused lint and diff checks passed,Production and staging untouched; full app and API typechecks are blocked by separate concurrent match-timezone changes documented in the verification evidence.
QA-055,NATIVE-ROLE-ENTRY-AND-DEVELOPMENT-CLEANUP,Native role audit entry and sparse-state cleanup,coach; parent; athlete; admin,sign-in; /(tabs); development; my progress; admin users,Role entry and first authenticated states,signed out; accepted link; forged link; empty recent sessions; simulator,booted iPhone 16 Pro Max,local development mock audit,clubroom://revyl-auth,dev client running with explicit local-only flags,1,valid; forged; empty,Open a role link and inspect the first authenticated screen,Only a fully gated allowlisted link enters its existing mock role and empty cards do not render,Coach parent athlete and admin opened their intended authenticated screens; forged token did not create a login; coach empty Recent sessions card is absent,no Fastify endpoint,no network request,,no database action,not applicable,not applicable,no audit event,ENV-004,Sentry issue read remains blocked,coach; parent; athlete; admin,Every audit role can now reach an actual iOS surface without real credentials or production data,passed,passed,Demo role entry is hidden only in the native audit harness; empty coach Recent sessions card removed,no generic audit overlay or demo-story copy in native audit screenshots,Existing product copy retained; mock-only warning wording made diagnostic,Actual simulator shows clean sign-in coach parent athlete and admin surfaces,Football role contexts remain distinct; no product data was fabricated,no warning overlay and no empty card after retest,Existing app controls retain their accessibility; role link parser is allowlisted,fixed,medium,reviews/ios-native-audit/runtime/2026-08-02/native-role-entry-and-development-cleanup/verification.md,Native inspection was blocked at sign-in and the coach home rendered a large empty Recent sessions card,test(native): add guarded audit role entry,47 focused tests; root typecheck; native screenshots for coach parent athlete and admin; forged link rejection; React Doctor clean; lint and diff checks passed,Mock-only native audit flags are development environment only; no Fastify Supabase RLS audit or Sentry mutation occurred; API-mode sensitive reads still delegate to backend authority.
QA-056,CHILD-HEALTH-NATIVE-ROUTE-AUTHORITY,Child health native route authority,parent; athlete,/child/:id/medical; /child/:id/emergency,Medical Information; Emergency Contacts,authorized parent; athlete cross-child link,iPhone 16 Pro Max,local development mock audit,clubroom://revyl-auth followed by child route,guarded local role entry; production prohibited,1,allow and deny,Open medical and emergency records as the listed roles,Parent may manage only declared children and an athlete must receive no protected value or control,Parent user4 opened user2 medical and emergency controls; athlete user1 saw access denial without a data flash or retry,no Fastify endpoint,mock-only no network request,,no database action,no data mutation,not applicable,no audit event,ENV-004,Sentry issue read remains blocked,parent; athlete,Parent retained owned child management and athlete cross-child links expose no health or contact values,passed,passed,dead retry action removed from access denials,no generated or decorative denial copy,Medical information unavailable; Emergency contacts unavailable,Actual iOS screenshots prove both parent allow and athlete deny outcomes,Child medical and emergency authority stays assigned to the guardian relationship,Existing dark theme retained with a calm direct denial state,No inaccessible controls or action after access denial,fixed,critical,reviews/ios-native-audit/runtime/2026-08-02/child-health-route-authority/verification.md,Mock profile authority accepted every cached child so athlete deep links rendered another player’s medical controls,fix(family): guard native child health routes,10 focused boundary checks; root typecheck; native parent allow and athlete deny screenshots; React Doctor staged clean,Development mock audit only; API mode already delegates health reads and writes to the Fastify authority boundary.
QA-057,CHILD-PROFILE-AND-SUPPORT-NATIVE-AUTHORITY,Child profile and support native authority,parent; athlete,/(modal)/edit-child-profile; /(modal)/edit-child-sen,Edit player; Player support,authorized parent; athlete cross-child link,iPhone 16 Pro Max,local development mock audit,clubroom://revyl-auth followed by modal route,guarded local role entry; production prohibited,1,allow and deny,Open player profile and support editors as the listed roles,Parent may edit only declared children and an athlete must receive no protected profile or support control,Parent user4 opened user2 profile and support editors; athlete user1 saw direct access-denied states with no fields,no Fastify endpoint,mock-only no network request,,no database action,no data mutation,not applicable,no audit event,ENV-004,Sentry issue read remains blocked,parent; athlete,Parent retained owned child editing and athlete cross-child editor links expose no fields,passed,passed,no unnecessary control in denied state,no generated or decorative denial copy,Profile editing unavailable; Support editing unavailable,Actual iOS screenshots prove both parent allow and athlete deny outcomes,Player identity and support guidance stay family-authoritative,Existing dark theme and direct modal hierarchy retained,Denied state leaves no form control reachable,fixed,critical,reviews/ios-native-audit/runtime/2026-08-02/child-health-route-authority/verification.md,The same fixture child-management decision could authorize unrelated child profile and support editors,fix(family): guard native child health routes,Native parent allow and athlete deny screenshots after commit 59ee0d41,Development mock audit only; API profile and support authority remains backend enforced.
QA-058,CHILD-PROGRESS-NATIVE-ROUTE-AUTHORITY,Child progress native route authority,parent; athlete,/development/child-progress/:childId,Child Progress profile tab,requested child; athlete cross-child link,iPhone 16 Pro Max,local development mock audit,clubroom://revyl-auth followed by child progress route,guarded local role entry; production prohibited,1,leak; route target; allow and deny,Open requested child progress as the listed roles,Only a profile manager can load a child progress record and an explicit child route must beat stored active-child state,Athlete user1 initially read user2 birth date medical details emergency contacts and coach notes; after the fix parent user4 opened user2 and athlete user1 was denied without data,no Fastify endpoint,mock-only no network request,,no database action,no data mutation,not applicable,API progress reads remain audited by existing backend route,ENV-004,Sentry issue read remains blocked,parent; athlete,Parent retains the requested child view and athlete cross-child links expose no progress or health data,passed,passed,permission denial has no retry or profile actions,no generated or decorative denial copy,Player progress unavailable,Actual iOS screenshots prove before leak parent requested-child after and athlete denial after,Child development and health context stays family-authoritative,Existing dark hierarchy and child switcher retained,Denied state has no reachable data tab or action,fixed,critical,reviews/ios-native-audit/runtime/2026-08-02/child-progress-route-authority/verification.md,Child progress loaded an arbitrary route id before family authority and preferred active child over an explicit route target,fix(family): guard native child progress,2 focused boundary tests; root typecheck; native before and after screenshots; Doctor has no blocker and one pre-existing giant-component warning,Development mock audit only; API progress route has existing backend health-read authorization and audit events.
QA-059,ATHLETE-DEVELOPMENT-NATIVE-ROUTE-AUTHORITY,Athlete development native route authority,athlete; parent; coach; admin,/development/athlete/:athleteId; /development/athlete/:athleteId/special-needs,Athlete Progress; Needs & notes,cross-player detail and support links,iPhone 16 Pro Max,local development mock audit,clubroom://revyl-auth followed by development player routes,guarded local role entry; production prohibited,1,leak; self; parent; assigned coach; admin,Open the player detail and needs routes as the listed roles,Only player self declared parent or assigned coach may read development and support data,Athlete user1 initially read user2 position allergy count and parent notes; after the fix athlete and admin were denied while user1 self parent user4 and coach1 passed their authorised paths,no Fastify endpoint,mock-only no network request,,no database action,no data mutation,not applicable,API mode continues to use Fastify athlete health-read authority,ENV-004,Sentry issue read remains blocked,athlete; parent; coach; admin,Self declared-parent and assigned-coach reads work; cross-player athlete and admin reads expose no data,passed,passed,permission denial has no retry or protected control,no generated or decorative denial copy,Athlete progress unavailable; Needs and notes unavailable,Actual iOS screenshots prove both leaks then athlete/admin deny and self/parent/coach allow,Football player-development context stays distinct from unbounded admin access,Existing dark development hierarchy retained; denied route is direct and sparse,Denied state has no reachable player detail or support data,fixed,critical,reviews/ios-native-audit/runtime/2026-08-02/athlete-development-route-authority/verification.md,Mock development routes read arbitrary athlete records and health-adjacent support data before proving viewer authority,fix(family): guard athlete development reads,2 focused boundary tests; root typecheck; native before and after relationship matrix; initial coach import regression retested after fix,Development mock audit only; API mode delegates sensitive reads to the existing Fastify boundary and audit events.
QA-060,SUPABASE-SENTRY-READONLY-POSTURE,Staging database and observability posture,system,Supabase public schema; Sentry issues,staging release preflight,RLS grants default privileges and telemetry access,local task,staging,configured preflight and MCP endpoints,.env.staging.local; Prisma read-only catalogue access; production prohibited,1,MCP; schema; RLS; grants; defaults; Sentry,Run read-only staging preflight and observability capability check,Current public objects stay closed and issues remain queryable before release,59/59 migrations and current RLS/direct grants/security-definer checks passed; 25 supabase_admin future-default blockers remain; Sentry query unavailable without task credential,no Fastify endpoint,read-only local preflight,,pg_catalog; _prisma_migrations; Prisma schema,no database mutation,zero RLS-disabled public tables; zero current direct anon/authenticated/PUBLIC grants; 25 future defaults blocked,no product audit event,ENV-003; ENV-004,Supabase MCP tools unavailable; Sentry token org and project absent,all roles,Current public objects remain Fastify-only; future objects and telemetry access remain release blockers,passed,blocked,no UI action,no generated copy,not applicable,Read-only staging evidence is recorded with no destructive test,Protects every football role's family medical safeguarding and commercial data,not applicable,not applicable,blocked,critical,reviews/ios-native-audit/runtime/2026-08-02/staging-supabase-sentry/verification.md,Future public-schema defaults from supabase_admin and missing Sentry read access block release posture,,Read-only preflight; MCP reachability; Sentry credential discovery completed,Requires privileged Supabase owner control-plane action and a read-only Sentry API token; no production mutation attempted.
QA-061,ROSTER-TERMINAL-ACCESS-STATE,Roster terminal access state,athlete,/roster/:athleteId,Athlete roster profile,unrelated athlete direct route,iPhone 16 Pro Max,local development mock audit,clubroom://revyl-auth followed by roster route,guarded local role entry; production prohibited,1,terminal denial,Open an unrelated roster player as an athlete,Terminal unavailable states do not disclose player data or offer a retry that cannot work,Athlete user1 saw no user2 data before or after; the dead Try again control changed to a direct Athlete unavailable state,no Fastify endpoint,mock-only no network request,,no database action,no data mutation,not applicable,no audit event,ENV-004,Sentry issue read remains blocked,athlete,Unrelated athlete cannot read roster data or invoke a dead retry,passed,passed,dead retry removed,no generated copy,Athlete unavailable; This player is not available from your roster,Actual iOS screenshot proves the terminal state has no action,Coach roster authority remains roster-assignment specific,Existing dark error hierarchy retained,No retry or protected control is reachable,fixed,medium,reviews/ios-native-audit/runtime/2026-08-02/roster-terminal-error/verification.md,Non-enumerating roster denial still rendered a generic title and unusable retry action,fix(roster): remove terminal retry,focused test; root typecheck; native iOS before and after screenshots,Development mock audit only; API roster authority remains backend enforced.
QA-062,EMERGENCY-ROSTER-AUTHORITY,Roster emergency authority boundary,athlete;coach,/roster/:athleteId/emergency,Emergency quick access,unrelated deep link; assigned coach,iPhone 16 Pro Max,local development mock audit,clubroom://revyl-auth followed by emergency route,guarded local role entry; production prohibited,1,denial;allow,Athlete opens another player's emergency route then assigned coach opens the same route,Only an assigned coach may load sensitive emergency information,Athlete user1 initially saw user2 medical and contact data; after the fix the route is terminally denied with no data or retry while coach1 retains assigned-player access,no Fastify endpoint,mock-only no network request,,no database action,no data mutation,not applicable,no audit event,ENV-004,Sentry issue read remains blocked,athlete;coach,Athlete denied; assigned coach access remains allowed,passed,passed,unsafe retry removed,no generated copy,Emergency information unavailable; This player is not available from your roster,Actual iOS screenshots prove the before leak and both after branches,Emergency information is available by roster assignment only,Existing dark error hierarchy retained,Terminal denial exposes no protected data or dead control,fixed,critical,reviews/ios-native-audit/runtime/2026-08-02/roster-emergency-authority/verification.md,Unassigned athlete direct route reached the safety service and exposed medical and contact PII,fix(safety): guard roster emergency access,focused test; root typecheck; native iOS before and after screenshots,Development mock audit only; Fastify remains the API authority.
QA-063,ROSTER-DETAIL-IDENTITY,Roster detail identity consistency,coach,/roster/:athleteId,Athlete roster profile,assigned player detail,iPhone 16 Pro Max,local development mock audit,clubroom://revyl-auth followed by roster route,guarded local coach entry; production prohibited,1,happy path,Open an assigned player's roster profile,Player identity is a human display name on every roster surface,The hero changed from raw user2 and U to Maisie Barton and MB,no Fastify endpoint,mock-only no network request,,no database action,no data mutation,not applicable,no audit event,ENV-004,Sentry issue read remains blocked,coach,Assigned coach sees a consistent player identity,passed,passed,raw identifier removed,no generated copy,Maisie Barton,Actual iOS before and after screenshots prove the hero display,Named player identity supports coach roster work,Existing dark card hierarchy retained,Human-readable title and initials replace an internal identifier,fixed,medium,reviews/ios-native-audit/runtime/2026-08-02/roster-detail-identity/verification.md,Mock detail lookup bypassed the list display-name hydration path and the child fixture disagreed with the authenticated demo identity,fix(roster): hydrate detail display names,focused test; root typecheck; native iOS before and after screenshots,Development mock audit only; date-only next-session time is separately pending.
QA-064,ROSTER-NEXT-SESSION-TIME,Roster next-session time clarity,coach,/roster/:athleteId,Athlete roster profile,date-only upcoming session,iPhone 16 Pro Max,local development mock audit,clubroom://revyl-auth followed by roster route,guarded local coach entry; production prohibited,1,date-only display,Open an assigned player with a date-only next-session value,A date without a supplied time must not imply a midnight appointment,The card changed from Mon 12 Jan at 00:00 to Mon 12 Jan · Time TBC; explicit timestamps retain a supplied time,no Fastify endpoint,mock-only no network request,,no database action,no data mutation,not applicable,no audit event,ENV-004,Sentry issue read remains blocked,coach,Coach sees a truthful schedule summary,passed,passed,false time removed,no generated copy,Mon 12 Jan · Time TBC,Actual iOS before and after screenshots prove the compact display,Coaches can distinguish a booked date from a confirmed time,Existing dark card hierarchy retained,Date-only and timestamp values produce clear distinct labels,fixed,medium,reviews/ios-native-audit/runtime/2026-08-02/roster-next-session-time/verification.md,Date-only fixture was parsed as midnight and presented as a scheduled time,fix(roster): clarify date-only session time,focused formatter test; root typecheck; native iOS before and after screenshots,Development mock audit only; QA-063 follow-on resolved.
QA-065,SCREEN-MOUNTED-LIFECYCLE,Native async screen lifecycle,all roles,shared useScreen,Shared screen loader,development reload effect replay,iPhone 16 Pro Max,local development mock audit,clean dev-client restart followed by direct route,guarded local role entry; production prohibited,1,loading completion,Open a freshly reloaded direct route,Resolved screen data must replace the loading skeleton,The direct route stayed in a skeleton before the mounted flag reset; after the fix it settles to its denied or authorised state,no Fastify endpoint,mock-only no network request,,no database action,no data mutation,not applicable,no audit event,ENV-004,Sentry issue read remains blocked,all roles,Shared loaders can accept the current async result after a development effect replay,passed,passed,stuck loading state removed,no generated copy,Session access unavailable,Actual iOS screenshots prove the route now settles after clean reload,All async Clubroom routes depend on the shared state machine,Existing state hierarchy retained,Loading state no longer becomes permanent after effect cleanup,fixed,high,reviews/ios-native-audit/runtime/2026-08-02/screen-mounted-lifecycle/verification.md,Effect cleanup made mountedRef permanently false during development reload and discarded current async completions,fix(screen): restore mounted lifecycle,focused test; root typecheck; native iOS before and after screenshots,Development mock audit only; broader API behaviour unchanged.
QA-066,ROSTER-ADD-TO-SESSION-AUTHORITY,Roster add-to-session authority,athlete;coach,/roster/:athleteId/add-to-session,Add to Session,unrelated athlete deep link; assigned coach,iPhone 16 Pro Max,local development mock audit,clubroom://revyl-auth followed by add-to-session route,guarded local role entry; production prohibited,1,denial;allow,Athlete opens another player's session-adder route then assigned coach opens it with an injected name parameter,Only an assigned coach may see session-creation choices and the player label must come from roster truth,Athlete user1 initially reached coach-only action cards; after the fix the route is terminally denied while coach1 sees verified Maisie Barton and two direct choices,no Fastify endpoint,mock-only no network request,,no database action,no data mutation,not applicable,no audit event,ENV-004,Sentry issue read remains blocked,athlete;coach,Athlete denied; assigned coach retains session-add access,passed,passed,duplicate labels badges CTA pills and helper prose removed,no generated copy,New session; Existing session,Actual iOS screenshots prove denial and verified coach-only screen,Session assignment remains coach-owned and roster-specific,One-card-per-outcome hierarchy retained,Denied route has no protected action; named cards remain accessible,fixed,critical,reviews/ios-native-audit/runtime/2026-08-02/roster-add-to-session-authority/verification.md,Deep link exposed coach-only session creation UI and trusted a player-name URL parameter,fix(roster): guard session adder,focused test; root typecheck; native iOS before and after screenshots,Development mock audit only; Fastify remains the API authority.
QA-067,ROSTER-HEALTH-TERMINAL-AND-COPY,Roster health terminal state and copy,athlete;coach,/roster/:athleteId/health,Coach health review,unrelated athlete direct route; assigned coach,iPhone 16 Pro Max,local development mock audit,clubroom://revyl-auth followed by health route,guarded local role entry; production prohibited,1,denial;allow,Athlete opens another player's health route then assigned coach opens the same route,Terminal health access failures have no retry and coach health copy is factual,Athlete user1 remained unable to read user2 health data and now has a no-action unavailable state; coach1 sees Maisie Barton and Chris Barton with direct healthy-state copy,no Fastify endpoint,mock-only no network request,,no database action,no data mutation,not applicable,no audit event,ENV-004,Sentry issue read remains blocked,athlete;coach,Athlete denied; assigned coach retains coach-visible health access,passed,passed,dead retry generic parent label and cheerleading copy removed,no generated copy,Health review unavailable; No active injuries,Actual iOS screenshots prove denied and authorised states,Coach health remains roster-scoped and family-private by default,Existing dark health hierarchy retained,Terminal denial exposes no retry; named family identity improves screen context,fixed,medium,reviews/ios-native-audit/runtime/2026-08-02/roster-health-terminal-and-copy/verification.md,Terminal roster health denial offered a dead retry and authorised screen used generic identity and inflated status copy,fix(roster): clarify health access states,focused tests; root typecheck; native iOS before and after screenshots,Development mock audit only; Fastify remains the API authority.
QA-068,ROSTER-RAISE-CONCERN-AUTHORITY,Roster concern authority,athlete;coach,/roster/:athleteId/raise-concern,Raise Concern,unrelated athlete direct route; assigned coach,iPhone 16 Pro Max,local development mock audit,clubroom://revyl-auth followed by raise-concern route,guarded local role entry; production prohibited,1,denial;allow,Athlete opens user2 concern route then assigned coach opens the same route,Only an assigned coach may open a concern form and terminal roster denials have no retry,Athlete user1 initially saw a generic error with dead retry; after the fix the route is terminally denied while coach1 sees Maisie Barton and the complete concern form,no Fastify endpoint,mock-only no network request,,no database action,no data mutation,not applicable,no audit event; no concern submitted,ENV-004,Sentry issue read remains blocked,athlete;coach,Athlete denied; assigned coach retains concern access,passed,passed,dead retry and ambiguous not-found copy removed,no generated copy,Concern access unavailable; Record Concern,Actual iOS screenshots prove denied and authorised states,Concern creation remains roster-scoped and coach-owned,Existing dark safeguarding hierarchy retained,Terminal denial exposes no retry; authorised controls have labels,fixed,high,reviews/ios-native-audit/runtime/2026-08-02/roster-raise-concern-authority/verification.md,Non-coach deep link had no explicit role boundary and offered a retry that could not succeed,fix(roster): guard raise concern,focused lint; isolated test compile; root typecheck; native iOS before and after screenshots,Development mock audit only; Fastify safeguarding routes remain the API authority.
QA-069,ROSTER-INDEX-AUTHORITY,Roster index authority,athlete;coach,/roster,Athlete Roster,athlete direct route; assigned coach,iPhone 16 Pro Max,local development mock audit,clubroom://revyl-auth followed by roster route,guarded local role entry; production prohibited,1,denial;allow,Athlete opens roster route then coach opens it after a clean local restart,Only a coach may load the roster and a role denial must resolve instead of leaving a coach-oriented skeleton,Athlete user1 initially remained on a roster loading skeleton; after the fix the route is terminally denied while coach1 sees the five-player roster with athlete and family context,no Fastify endpoint,mock-only no network request,,no database action,no data mutation,not applicable,no audit event,ENV-004,Sentry issue read remains blocked,athlete;coach,Athlete denied; coach roster retained,passed,passed,role-inappropriate skeleton removed,no generated copy,Roster access unavailable; Athlete Roster,Actual iOS screenshots prove clean denial after cold restart and authorised roster display,Roster remains a coach-owned operational view,Existing roster cards and hierarchy retained,Terminal denial exposes no retry; player rows retain accessible list semantics,fixed,high,reviews/ios-native-audit/runtime/2026-08-02/roster-index-authority/verification.md,The roster route lacked an explicit coach role check and could remain in a loading state for an athlete deep link,fix(roster): guard roster index,focused lint; isolated test compile; root typecheck; cold-launch native iOS screenshots,Development mock audit only; Fastify remains the API authority.
QA-070,ROSTER-CONSENTS-AUTHORITY-AND-COPY,Roster consents authority and copy,athlete;coach,/roster/consents,Consent Dashboard,athlete direct route; assigned coach,iPhone 16 Pro Max,local development mock audit,clubroom://revyl-auth followed by roster consents route,guarded local role entry; production prohibited,1,denial;allow,Athlete opens roster consents then coach opens it after a clean local restart,Only a coach may review roster consent records and authorised labels must not impersonate missing parent data,Athlete user1 initially remained on a consent loading skeleton; after the fix the route is terminally denied while coach1 sees consent records with direct labels and no truncated summary category,no Fastify endpoint,mock-only no network request,,no database action,no data mutation,not applicable,no audit event,ENV-004,Sentry issue read remains blocked,athlete;coach,Athlete denied; coach consent dashboard retained,passed,passed,role-inappropriate skeleton generic Parent label and truncated summary category removed,no generated copy,Consent access unavailable; Consent status; Emergency Treatment,Actual iOS screenshots prove clean denial and authorised responsive labels,Roster consent review remains coach-owned and uses the existing backend route in API mode,Existing consent card hierarchy retained,Terminal denial exposes no retry; full summary label wraps rather than truncates,fixed,high,reviews/ios-native-audit/runtime/2026-08-02/roster-consents-authority-and-copy/verification.md,Consent route lacked an explicit coach role boundary and showed a generic parent label that looked like unresolved data,fix(roster): guard consent dashboard,focused lint; isolated test compile; root typecheck; native iOS cold-restart screenshots,Development mock audit only; Fastify consent route remains audited API authority.
QA-071,ROUTE-INVENTORY-AND-CONSENTS-API,Route inventory and consent API authority,all roles,/v1/coaches/:coachId/roster/consents,Route governance and consent API,all route loading coverage; coach allow; outsider deny,local test fixture,local audit,loading route manifest; Fastify inject test,all local fixture only; no production or staging mutation,1,inventory;allow;deny,Run 151-route static coverage and focused Fastify consent test,Every route has a loading authority and only authorised actors read roster consents,151 route files have a resolved loading and PDOS authority owner; UI static checks pass; Fastify fixture test returns 200 for assigned coach and 403 for outsider with audit assertions,no destructive network endpoint,fixture Fastify inject only; 200 allowed and 403 denied,,fixture store only,no persistent data mutation,not applicable,coach_roster_consents.read SUCCESS and DENY asserted,ENV-004,Sentry issue read remains blocked,all roles,Route inventory and Fastify boundary pass; browser flow suite skipped because no web server was running,passed,passed,no unresolved route ownership decisions,no generated copy,Route inventory; Consent API,Native simulator remains the runtime proof for changed roster views,All 151 app routes have explicit loading and product-decision owners,Static ownership model consistent across roles,Static audit cannot replace semantic traversal while ENV-006 remains blocked,passed,high,reviews/ios-native-audit/runtime/2026-08-02/route-inventory-and-consents-api/verification.md,Need a reproducible complete route inventory alongside actual native evidence,docs(audit): record route and consent evidence,loading route audit; PDOS audit; UI static audit; Fastify fixture test,No production or staging request was sent; web flow suite requires a separately started local Expo web server.
QA-072,SPECIAL-NEEDS-CROSS-ROLE,Special needs and coach observations cross-role,athlete;coach,/development/athlete/:athleteId/special-needs,Needs and notes,unrelated athlete direct route; assigned coach,iPhone 16 Pro Max,local development mock audit,clubroom://revyl-auth followed by special-needs route,guarded local role entry; production prohibited,1,denial;allow,Athlete user1 opens user2 special needs route then coach1 opens it,Unauthorised viewers must receive no medical or parent-note data while the assigned coach receives the existing player context,Athlete user1 resolves to a no-retry permission denial with no player data; coach1 sees Maisie Barton allergy and parent-note context plus the one coach observation action,no Fastify endpoint,mock-only no network request,,no database action,no data mutation,not applicable,no audit event; no observation submitted,ENV-004,Sentry issue read remains blocked,athlete;coach,Athlete denied; assigned coach has observation access,passed,passed,no unnecessary control observed,no generated copy,Needs and notes unavailable; Coach Observations,Actual iOS screenshots prove denied and authorised states,The route checks development authority before reading child profile data,Existing focused needs and observations hierarchy retained,Denied screen has no retry; authorised Add control has a single labelled intent,passed,high,reviews/ios-native-audit/runtime/2026-08-02/special-needs-cross-role/verification.md,Verify the sensitive medical and family-note route outside the prior roster cluster,,focused authority tests; native iOS cross-role screenshots,Local role switch took a visible initial loading phase before the terminal/authorised state settled; no persistent loading state was observed.
QA-073,CHILD-HEALTH-EDITOR-CACHE-BOUNDARY,Child health editor authority and cache isolation,parent;athlete;coach,/child/:id/medical | /child/:id/emergency,Medical Information; Emergency Contacts,parent editor allowed; athlete and coach direct deep-link denied; actor handoff,iPhone 16 Pro Max,local development mock audit,clubroom://revyl-auth followed by direct child-editor deep links,guarded local role entry; seeded mock data only; production prohibited,1,allow;deny;cache isolation,Open parent-owned child medical and emergency editors then switch identities and reopen the same direct links,Only a linked guardian may manage these records and a previous actor’s sensitive frame must never be reused,A linked parent sees editable medical and emergency records; athlete and coach direct links settle to terminal no-retry denials after the parent views were warmed; no health or contact values appeared for denied roles,/v1/athletes/:athleteId/medical | /emergency-contacts | /consents,Fastify seeded fixture: guarded validation writes; guardian updates; verified-coach reads; non-guardian and forged-header denial,,childMedicalRecords; childEmergencyContacts; childConsents; auditEvents; securityEvents,fixture-only writes reset with process exit,not applicable; staging RLS baseline is ENV-005,"Fixture asserts medical update, emergency-contact update and consent-read/update success audits plus denied-write security evidence",ENV-004,Sentry issue read remains blocked,parent;athlete;coach,Parent editor allowed; athlete and coach denied the parent editor; Fastify permits only verified assigned coach reads,passed,passed,Verbose helper copy reduced; no dead action remains,no generated copy,"Keep this current for your child’s safety; shared only when needed",Actual iOS screenshots prove authorised and terminal-denied states after parent data was warmed,Medical and emergency detail stays family-owned while coach delivery views remain separate,Existing dark form and card hierarchy retained,"Back, tag removal, input, add and switch controls have explicit accessibility metadata",fixed,critical,reviews/ios-native-audit/runtime/2026-08-02/child-health-editor-cache-boundary/verification.md,"Health snapshots were keyed only by child ID and the shared loader could preserve a prior key’s frame during identity changes",,focused authority test; root test compile; Fastify seeded fixture tests; native iOS role retest,"No production or staging write occurred. Role-entry reload sometimes showed an unrelated skeleton before the direct target was reopened; the target routes then settled correctly."
QA-074,FAMILY-SHARING-AUTHORITY,Family sharing authority and lean copy,parent;athlete;coach;non-admin guardian,/family/sharing,Family Sharing,parent admin ready; unrelated actor terminal,iPhone 16 Pro Max,local development mock audit,audit deep link then direct route,guarded local role entry; seeded mock data; no staging or production mutation,1,allow;deny;non-admin control suppression,Open parent athlete and coach routes; exercise Fastify authority fixture,Only a family administrator may manage sharing; reads must not create accounts,Parent retained one Invite guardian action; athlete and coach had terminal no-retry unavailable states; Fastify fixture returned 201 admin and 403 non-admin,/v1/families/:familyId/guardians,local seeded Fastify fixture: 201 administrator invite; 403 non-admin invite,,family accounts; guardian invitations; audit events,local mock reads only; fixture writes reset with process exit,staging RLS posture recorded in ENV-005,family_guardian_invite.create SUCCESS and DENY asserted,ENV-004,Sentry issue read blocked by 403 token scope,parent;athlete;coach;non-admin guardian,Parent admin allowed; athlete and coach denied; non-admin controls hidden,passed,passed,dead Retry and impossible management controls removed,no generated copy,Family access; Invite guardian; Family account unavailable,Native iOS final states captured after role handoff,Existing family sharing flow remains role-specific,Existing dark card hierarchy retained; single clear primary action,Invite CTA labelled; unavailable destructive controls are absent,fixed,critical,reviews/ios-native-audit/runtime/2026-08-02/family-sharing-authority-boundary/verification.md,Read route created mock family accounts and exposed actions denied by the API,fix(family): restrict sharing management,typecheck; focused tests; Fastify fixture; native screenshots,No staging or production write occurred; API tests use disposable seed fixtures
QA-075,FAMILY-CALENDAR-ACCESS-BOUNDARY,Family calendar access and truthful empty state,parent;athlete;coach,/family/calendar,Family Calendar,parent empty; athlete and coach terminal deny,iPhone 16 Pro Max,local development mock audit,audit deep link then direct route,guarded local role entry; seeded mock data; no staging or production mutation,1,allow;deny;no-read,Open parent athlete and coach calendar routes; exercise Fastify family-read fixture,Only linked family viewers may load family calendar data and unauthorised users must not receive a booking CTA,Parent retained the existing empty calendar; athlete and coach received terminal no-retry unavailable states with no calendar data or CTA,/v1/families/:familyId; /v1/athletes/:athleteId,local seeded Fastify fixture allows assigned athlete read and rejects unassigned child read with 403,,families; athletes; bookings; audit events,fixture reads and isolated mutations reset with process exit,staging RLS posture recorded in ENV-005,no calendar mutation; family-read fixture asserts allow and deny paths,ENV-004,Sentry issue read blocked by 403 token scope,parent;athlete;coach,Parent calendar preserved; athlete and coach denied before any calendar service read,passed,passed,unauthorised Find Coaches CTA removed,no generated copy,Family calendar unavailable; Family schedules are available to linked guardians,Actual iOS screenshots prove parent and terminal-denied states,Family schedules retain linked-guardian ownership,Existing calendar hierarchy retained; denial is a single quiet surface,No retry or unavailable action is rendered; existing header and action labels retained,fixed,high,reviews/ios-native-audit/runtime/2026-08-02/family-calendar-access-boundary/verification.md,Family calendar loaded family services for every signed-in actor and treated empty fixtures as access control,fix(family): guard family calendar,typecheck; canonical capability tests; Fastify fixture; native screenshots,No staging or production write occurred; API tests use disposable seed fixtures
QA-076,FAMILY-RECURRING-ACCESS-BOUNDARY,Family recurring plan access and stable loading,parent;athlete;coach,/family/recurring,Recurring Plans,parent empty; athlete and coach terminal deny,iPhone 16 Pro Max,local development mock audit,audit deep link then direct route,guarded local role entry; seeded mock data; no staging or production mutation,1,allow;deny;no-read;stable dependencies,Open parent athlete and coach recurring-plan routes; exercise Fastify booking-series fixtures,Only linked family actors may read or manage recurring plans and unauthorised users must not receive a subscription CTA,Parent retained the existing empty-plan CTA; athlete and coach received terminal no-retry unavailable states with no plan data or subscription CTA,/v1/booking-series; /v1/booking-series/:seriesId/pause; /resume,local seeded Fastify fixtures: blocked create 409 with denial audit; allowed series create reassign pause and resume pass,,recurringSeries; bookings; invoices; bookingStatusEvents; auditEvents,fixture writes reset with process exit,staging RLS posture recorded in ENV-005,booking_series.create DENY asserted; allowed lifecycle status events and invoice ownership asserted,ENV-004,Sentry issue read blocked by 403 token scope,parent;athlete;coach,Parent recurring plan flow preserved; athlete and coach denied before plan service or mutation handler,passed,passed,dead Start Recurring Plan CTA removed for ineligible actors,no generated copy,Recurring plans unavailable; Recurring plans are available to linked guardians,Actual iOS screenshots prove parent and terminal-denied states,Recurring football sessions retain family booking ownership,Existing recurring-plan hierarchy retained; denial is a single quiet surface,No retry or unavailable action is rendered; existing CTA labels retained,fixed,high,reviews/ios-native-audit/runtime/2026-08-02/family-recurring-access-boundary/verification.md,Recurring plans loaded for all roles and used an unstable loader dependency that retriggered fetches,fix(family): guard recurring plans,typecheck; recurring tests; Fastify fixtures; native screenshots,No staging or production write occurred; API tests use disposable seed fixtures
QA-077,FAMILY-INDEX-ACCESS-BOUNDARY,Family overview authority and action clarity,parent;athlete;coach,/family,Family,parent menu ready; athlete terminal deny; coach capability test deny,iPhone 16 Pro Max,local development mock audit,audit deep link then direct route,guarded local role entry; seeded mock data; no staging or production mutation,1,allow;deny;entry-point control suppression,Open Family overview as parent and athlete; exercise canonical role capability test,Only linked family users receive family action routes; ineligible actors see no dead navigation or booking CTA,Parent retained existing family menu and Book session action; athlete now receives terminal no-action unavailable state,no route endpoint,mock-only no network request for denied entry,,no direct database action,no data mutation,staging RLS posture recorded in ENV-005,no audit event; UI denied before request,ENV-004,Sentry issue read blocked by 403 token scope,parent;athlete;coach,Parent actions allowed; athlete native denied; coach denied by canonical capability test,passed,passed,five impossible controls and booking CTA removed for ineligible actors,no generated copy,Family unavailable; Family tools are available to linked guardians,Actual iOS before and after evidence proves menu removal,Family navigation keeps parent and guardian ownership,Existing dark menu hierarchy preserved for parent; denial is a single quiet surface,No retry or unavailable action is rendered; existing menu labels retained,fixed,high,reviews/ios-native-audit/runtime/2026-08-02/family-index-access-boundary/verification.md,Family overview advertised family data and actions to ineligible users,fix(family): guard family overview,typecheck; canonical capability tests; native screenshots,No staging or production write occurred; coach native handoff remains a recorded simulator limitation
QA-078,CHILDREN-HUB-ACCESS-BOUNDARY,Children hub and Add Child authority,parent;athlete;coach;admin,/children; /add-child,Children hub and Add Child,parent hub and form ready; athlete hub deny and progress redirect; coach/admin capability test deny,iPhone 16 Pro Max,local development mock audit,audit deep link then direct route,guarded local role entry; seeded mock data; no staging or production mutation,1,allow;deny;entry-point control suppression;direct-route redirect,Open Children hub and Add Child as parent and athlete; exercise canonical role capability test,Only linked family users may see child management or start player creation; ineligible actors receive no action or form,Parent retained child cards plus control and three-step form; athlete hub became terminal deny and direct add child redirected to My Progress,no endpoint,mock-only no network request for ineligible hub or capability,,no direct database action,no data mutation,staging RLS posture recorded in ENV-005,no audit event; UI denied before request,ENV-004,Sentry issue read blocked by 403 token scope,parent;athlete;coach;admin,Parent native ready; athlete native denied and redirected; coach/admin denied by canonical capability test,passed,passed,guardian statistics plus control and Add Child CTA removed for ineligible actors,no generated copy,Children unavailable; Child management is available to linked guardians,Actual iOS screenshots prove hub and direct-route allow/deny states,Family players retain guardian-owned profile creation,Existing dark family hierarchy retained; denial is a single quiet surface,No retry or unavailable action is rendered; direct denial lands on an existing personal route,fixed,high,reviews/ios-native-audit/runtime/2026-08-03/children-hub-access-boundary/verification.md,All signed-in mock actors could start child creation and saw a guardian hub,fix(family): guard children hub,typecheck; capability tests; native screenshots,No staging or production write occurred; native coach handoff remains a recorded simulator limitation
QA-079,CHILD-HEALTH-NO-STALE-ACTIONS,Child medical and emergency stale-action denial,parent;athlete;verified coach;unverified coach;non-guardian,/child/:id/medical; /child/:id/emergency,Child Medical and Emergency,parent ready; athlete terminal deny; verified coach API read allow; unverified coach and non-guardian API deny,iPhone 16 Pro Max,local development mock audit and isolated Fastify seed fixture,audit deep link then direct route,guarded local role entry; seeded mock health data; no staging or production mutation,1,allow;deny;stale header action suppression,Open medical and emergency routes as parent then athlete; run isolated Fastify authority fixture,Only an authorised guardian receives child medical or emergency controls; unavailable states contain no stale action or retry,Parent retained medical and contact controls; athlete medical denied; athlete emergency stale Add Contact action removed after role switch,/v1/athletes/:athleteId/medical; /emergency-contacts; /consents,seed fixture: unverified coach medical 403; verified assigned coach read 200; coach consent write 403; non-guardian medical patch 403,,Athlete; GuardianChildLink; ChildMedical; EmergencyContact; ChildConsent; AuditEvent; SecurityEvent,fixture writes isolated and reset with process exit,staging RLS posture recorded in ENV-005,consents.read success and consent-write denial security event asserted,ENV-004,Sentry issue read blocked by 403 token scope,parent;athlete;verified coach;unverified coach;non-guardian,Parent native ready; athlete native denied; Fastify verifies coach and non-guardian boundaries,passed,passed,stale Add Contact action removed from unavailable emergency state,no generated copy,Medical information unavailable; Emergency contacts unavailable,Actual iOS screenshots prove parent medical/emergency and athlete denial states,Medical and emergency records remain guardian-owned football safety data,Existing dark card hierarchy retained; unavailable state is a single quiet surface,No unavailable action or retry rendered; back action remains labelled,fixed,high,reviews/ios-native-audit/runtime/2026-08-03/child-health-no-stale-actions/verification.md,Denied emergency route retained stale parent add-contact control after role switch,fix(safety): hide stale emergency action,focused tests; Fastify fixture; native screenshots,No staging or production write occurred; Sentry and Supabase MCP remain external blockers
QA-080,ROSTER-EMERGENCY-SIMPLIFICATION,Coach emergency screen removes duplicate alert detail,assigned coach;athlete;verified coach;unverified coach;non-guardian,/roster/:athleteId/emergency,Emergency Info,coach ready; athlete terminal deny; verified coach API read allow; unverified coach and non-guardian API deny,iPhone 16 Pro Max,local development mock audit and isolated Fastify seed fixture,audit deep link then direct route,assigned coach roster fixture; seeded health data; no staging or production mutation,1,allow;deny;duplicate detail removal,Open coach roster emergency then athlete direct route; run isolated Fastify authority fixture,Authorised coach sees one alert summary plus one complete medical list and immediate primary call; actors outside roster see no data or retry,Coach retained alert status primary call contact list and complete medical details; athlete received terminal roster denial,/v1/athletes/:athleteId/medical; /emergency-contacts; /consents,seed fixture: unverified coach medical 403; verified assigned coach read 200; coach consent write 403; non-guardian medical patch 403,,CoachAthleteRosterEntry; Athlete; ChildMedical; EmergencyContact; ChildConsent; AuditEvent; SecurityEvent,fixture writes isolated and reset with process exit,staging RLS posture recorded in ENV-005,consents.read success and consent-write denial security event asserted,ENV-004,Sentry issue read blocked by 403 token scope,assigned coach;athlete;verified coach;unverified coach;non-guardian,Coach native ready; athlete native denied; Fastify verifies verified coach and non-guardian boundary,passed,passed,duplicate hero alert chips removed and medication truncation eliminated,no generated copy,Emergency Info; Medical Alert; Emergency information unavailable,Actual iOS before and after screenshots prove simplified coach view and athlete denial,Emergency triage remains roster-scoped football safety data,Existing dark safety hierarchy retained; one immediate call action plus complete details,Labelled back and refresh actions retained; terminal error has no retry,fixed,high,reviews/ios-native-audit/runtime/2026-08-03/roster-emergency-simplification/verification.md,Coach emergency hero duplicated full medical labels and truncated a medication name,fix(safety): simplify roster emergency,focused tests; Fastify fixture; native screenshots,No staging or production write occurred; a temporary local hot-reload crash was fixed before final evidence
QA-081,ROSTER-CONSENTS-ACCESSIBILITY,Roster consent signal and screen-reader controls,coach;athlete;non-coach API,/roster/consents,Consent Dashboard,coach ready; athlete terminal deny,iPhone 16 Pro Max,local development mock audit and isolated Fastify fixture,audit deep link then direct route,seeded roster consent data; no staging or production mutation,1,allow;deny;semantic-state and accessibility correction,Open roster consents as coach and athlete; run isolated Fastify roster-consents fixture,Coach sees consent percentages with accurate status colour and labelled controls; non-coach sees no rows or retry,Coach partial percentages changed from misleading green to amber; athlete retained terminal denial,/v1/coaches/:coachId/roster/consents,seed and DB fixture: coach 200; outsider 403; two success and one denial audit events asserted,,AthleteConsent; CoachAthleteRosterEntry; AuditEvent,fixture writes isolated and reset with process exit,staging RLS posture recorded in ENV-005,coach_roster_consents.read success and denial asserted,ENV-004,Sentry issue read blocked by 403 token scope,coach;athlete;non-coach API,Coach native ready and athlete native denied; fixture verifies outsider boundary,passed,passed,No new UI; misleading all-green percentage signal removed,no generated copy,Consent Dashboard; Consent access unavailable,Actual iOS before and after screenshots prove semantic colours and terminal denial,Consent review remains roster-scoped football publishing safety data,Existing dark card hierarchy retained; status colour follows consent completeness,Back and filter controls labelled; stat filters expose label and selected state,fixed,high,reviews/ios-native-audit/runtime/2026-08-03/roster-consents-accessibility/verification.md,Partial roster-consent percentages were green and icon-only controls were unnamed,fix(consent): clarify roster consent status,focused tests; Fastify fixture; native screenshots,No staging or production write occurred; native semantic traversal remains ENV-006
QA-082,ROSTER-HEALTH-SHARED-INJURIES,Coach roster health uses shared injury projection,local unverified coach;athlete;verified coach;outsider,/roster/:athleteId/health,Health Review,local unverified coach initially ready; athlete terminal deny,iPhone 16 Pro Max,local development mock audit and isolated Fastify seed fixture,audit deep link then direct route,local coach fixture had roster membership and shared injury but was later identified unverified; no staging or production mutation,1,projection correction;authority follow-up,Open roster health as local coach then athlete; run focused injury fixture,Only a verified roster coach sees shared injury records; athlete sees no roster data or retry,Initial local coach changed from false empty state to shared injury timeline; QA-083 supersedes the unverified access outcome,/v1/athletes/:athleteId/injuries,fixture: athlete injury read 200; outsider detail 403; coach write boundary asserted,,CoachAthleteRosterEntry; AthleteInjury; AuditEvent,fixture writes isolated and reset with process exit,staging RLS posture recorded in ENV-005,athlete_injury read success and denial plus coach-write boundary asserted,ENV-004,Sentry issue read blocked by 403 token scope,local unverified coach;athlete;verified coach;outsider,Initial local coach screenshot is superseded by QA-083 verification gate; athlete native deny retained,passed,passed,Duplicate empty injury card removed; no false reassurance remains,no generated copy,Health Review; Emergency Info; Health review unavailable,QA-083 records final role-correct iOS evidence,Coach health is verified-roster-scoped football safety data and only shared injuries are visible,Existing dark health hierarchy retained; timeline appears only for an eligible role,Back control labelled; terminal error has no retry,superseded,high,reviews/ios-native-audit/runtime/2026-08-03/roster-health-shared-injuries/verification.md,Coach route used generic actor child injury read and showed no shared injury; empty state duplicated,fix(health): scope coach roster injuries,focused tests; Fastify fixture; native screenshots,QA-083 corrects the missing verified-coach gate and evidence interpretation
QA-083,INJURY-DETAIL-VERIFIED-COACH-BOUNDARY,Verified coach injury detail and roster health alignment,verified coach;unverified coach;athlete;outsider,/roster/:athleteId/health; /health/:injuryId,Health Review and Injury Detail,verified coach allow proven in fixtures; unverified coach terminal deny; athlete self ready,iPhone 16 Pro Max,local development mock audit and isolated Fastify seed fixture,audit deep link then direct route,unverified native coach fixture; shared injury fixture; no staging or production mutation,1,allow;deny;role verification;shared injury detail,Open health and injury detail as native coach and athlete; run local and Fastify verified-coach checks,Only verified assigned coaches may read shared injury data; athlete may read own; all others get no data or retry,Unverified coach changed from misleading health data and not-found detail to explicit terminal states; athlete retained own injury detail,/v1/athletes/:athleteId/injuries; /v1/injuries/:injuryId,Fastify unverified coach GET 403; verified assigned GET 200; read denial and success audits asserted,,CoachAthleteRosterEntry; AthleteInjury; AuditEvent,fixture writes isolated and reset with process exit,staging RLS posture recorded in ENV-005,athlete_injury.read deny and success asserted,ENV-004,Sentry issue read blocked by 403 token scope,verified coach;unverified coach;athlete;outsider,Verified coach allow proven by service and API fixture; native unverified deny and athlete self ready,passed,passed,No injury data or edit controls shown to unverified coach,no generated copy,Health review unavailable; A verified coach account is required; Injury unavailable,Native screenshots prove unverified denial and athlete self view; fixtures prove verified allow,Injury recovery is verified-roster-scoped football health data,Existing dark hierarchy retained; terminal surfaces contain one escape action,Back and Go back are labelled; terminal errors have no retry,fixed,high,reviews/ios-native-audit/runtime/2026-08-03/injury-detail-verified-coach-boundary/verification.md,Unverified local coach could see roster health and shared injury handoff reached false not-found,fix(health): align verified coach injury access,focused tests; API fixture; native screenshots,No staging or production write occurred; verified native fixture is unavailable through Revyl role injection
QA-084,EMERGENCY-VERIFIED-COACH-BOUNDARY,Emergency quick data requires verified assigned coach,verified coach;unverified coach;outsider,/roster/:athleteId; /roster/:athleteId/emergency,Athlete profile and Emergency Info,verified coach fixture allow; unverified native terminal deny,iPhone 16 Pro Max,local development mock audit and isolated Fastify seed fixture,audit deep link then direct route,unverified native coach fixture; seeded emergency data; no staging or production mutation,1,allow;deny;viewer context;no unauthorised cache,Open roster detail and Emergency Info as native coach; run isolated service and Fastify checks,Only a verified coach with their own roster entry can read medical and emergency contacts; no unauthorised actor sees cached or live data,Unverified coach changed from exposed contacts and medical alerts to direct terminal states; athlete detail also contains no player data,/v1/athletes/:athleteId/medical; /emergency-contacts,Fastify unverified coach GET 403 for medical and contacts; verified assigned GET 200; sensitive success audits and denial security events asserted,,CoachAthleteRosterEntry; ChildMedical; EmergencyContact; AuditEvent; SecurityEvent,fixture writes isolated and reset with process exit,staging RLS posture recorded in ENV-005,medical.read and emergency_contacts.read sensitive audits; two authz denial events asserted,ENV-004,Sentry issue read blocked by 403 token scope,verified coach;unverified coach;outsider,Service and API fixtures prove verified allow and denial; native iOS proves unverified terminal state,passed,passed,No new UI; exposed coach detail replaced by a single denial surface,no generated copy,Emergency information unavailable; A verified coach account is required to view emergency information,Native before and after screenshots prove the P0 exposure and final denial,Emergency contacts and medical alerts remain verified-roster-scoped football safety data,Existing dark safety hierarchy retained; no duplicate alert UI,Back and refresh controls are labelled; terminal errors have no retry,fixed,critical,reviews/ios-native-audit/runtime/2026-08-03/emergency-verified-coach-boundary/verification.md,Unverified coach could view names phones allergies condition and medication,fix(safety): require verified emergency access,focused safety tests; API fixture; native screenshots,No staging or production write occurred; Supabase and Sentry MCP remain external blockers
QA-085,ROSTER-SESSION-AUTHORITY,Unverified coach session entry follows intentional scheduling authority,unverified coach;club role API,/roster/:athleteId/add-to-session; /sessions/create,Add to Session and Book New Session,ready,iPhone 16 Pro Max,local development mock audit and isolated Fastify seed fixture,audit deep link then direct session-builder route,local unverified roster coach; no submitted product write,1,normal scheduling authority; verification boundary contrast,Open Add to Session then the new-session builder and trace the session repository authority,Authenticated roster coach can begin normal session scheduling; club scheduling requires active membership and capability; verification is not required,Native choice screen and settled builder rendered; repository confirms standalone self-create and club-capability rules,POST /v1/group-sessions authority traced; no native POST submitted,Fastify seed fixture authenticated coach lifecycle passed without a verification header,,CoachAthleteRosterEntry; GroupSession; ClubMembership; AuditEvent,Fixture lifecycle writes reset on process exit; no staging or production mutation,staging RLS posture recorded in ENV-005,No audit event expected from native navigation; isolated session lifecycle has existing audit coverage,ENV-004,Sentry issue read blocked by 403 token scope,unverified coach; club staff,Native route permits only an intentional normal scheduling entry; protected-data verification is unchanged,passed,passed,No extra UI added; two direct scheduling choices remain,no generated copy,Add to Session; New session; Existing session; Book New Session,Settled native route and builder screenshots inspected; no native semantic tree under ENV-006,Football session planning for a rostered player,Dark flow remains consistent with existing roster and scheduling hierarchy,Close and back controls remain labelled; semantic traversal remains ENV-006,passed,medium,reviews/ios-native-audit/runtime/2026-08-03/roster-session-authority/verification.md,Potential verification mismatch was traced to the intentional scheduling policy,docs(audit): record roster session authority,isolated Fastify group-session lifecycle passed; settled native screenshots inspected,No staging or production write occurred; session creation is not a health or emergency access path
QA-086,RAISE-CONCERN-VERIFIED-COACH-BOUNDARY,Roster concern form requires verified assigned coach,verified coach;unverified coach;unassigned coach,/roster/:athleteId/raise-concern,Raise Concern,unverified native terminal deny; verified fixture allow,iPhone 16 Pro Max,local development mock audit and isolated Fastify seed fixture,audit deep link then direct route,local unverified roster coach; no submitted product write,1,allow;deny;no dead safeguarding form,Open Raise Concern as unverified coach then run the Fastify assigned-coach fixture,Only a verified assigned coach may resolve the player and submit a safeguarding concern; denial reveals no player form or retry,Unverified native coach changed from editable player concern form to a direct terminal verification state,POST /v1/safeguarding/incidents,Fastify unverified and unassigned coaches 403; verified assigned coach 201; deny and success audits asserted,,CoachAthleteRosterEntry; SafeguardingIncident; AuditEvent,Fixture writes isolated and reset with process exit,staging RLS posture recorded in ENV-005,safeguarding_incident.create deny and success asserted,ENV-004,Sentry issue read blocked by 403 token scope,verified coach;unverified coach;unassigned coach,Native iOS proves unverified terminal state; Fastify fixture proves verified assigned allow,passed,passed,Removed the unauthorised editable form and player label,no generated copy,Concern access unavailable; A verified coach account is required to raise a concern for a player,Actual native before and after screenshots prove the dead form is removed,Roster safeguarding concerns are verified-coach-scoped trust data,Existing dark safety hierarchy retained; terminal state contains no duplicate call to action,Back control remains available; terminal access error has no retry; native semantic tree remains ENV-006,fixed,critical,reviews/ios-native-audit/runtime/2026-08-03/raise-concern-verified-coach-boundary/verification.md,Unverified coach could complete the form before the API rejection,fix(safety): require verified concern access,focused UI and Fastify tests passed; native screenshots inspected,No staging or production write occurred; unrelated athlete-detail static test remains a protected-worktree limitation
QA-087,NATIVE-AUDIT-ROLE-HANDOFF,Native audit role handoff is deterministic and rejects invalid links,parent;athlete;coach;admin;invalid link,/revyl-auth,Native audit sign-in backstop,valid handoff; invalid-token denial,iPhone 16 Pro Max,local development mock native audit,authenticated deep link to /revyl-auth,native audit flags set; demo accounts loaded,1,allow;deny;sequential role handoff,Open valid parent athlete coach and admin links; then an invalid token,Allowlisted valid token authenticates the exact role and route; invalid token shows denial without a login attempt,Native parent Family; athlete My Progress; coach Sessions; admin Users; invalid link terminal denial,none; test-only local mock,no Fastify or Supabase call,not applicable,none,no persistent database write,not applicable; local only; staging and production fail closed,none; test harness handoff is not a product audit event,ENV-004,Sentry read blocked by 403 token scope; no synthetic event,parent;athlete;coach;admin,All four roles proven in actual iOS; invalid token rejected,passed,passed,No product UI added; test-only loading or one denial surface,No generated copy,Native audit sign-in unavailable; Native audit sign-in token was rejected,Actual iOS screenshots prove distinct parent athlete coach admin handoffs and rejected token,Role harness only; not product UI,Existing loading and terminal screen-state components,Terminal denial includes text; semantic traversal remains ENV-006,fixed,high,reviews/ios-native-audit/runtime/2026-08-03/native-audit-role-handoff/verification.md,Expo Router intercepted /revyl-auth then immediately redirected before the role could be reliably replaced,fix(audit): make native role handoff observable,typecheck; focused test; eslint; React Doctor; native iOS role and invalid-token screenshots,No staging or production mutation; backstop is gated to development test/mock native audit only
QA-088,INJURY-DETAIL-POLISH-AND-PARENT-ACCESS,Injury detail polish and linked parent access,athlete;parent;unrelated parent,/health/:id; /v1/injuries/:id,Injury Detail,athlete self ready; linked parent ready; unrelated parent denied,iPhone 16 Pro Max,local development mock audit and isolated Fastify seed fixture,audit deep link then injury detail,native audit mock accounts; linked fixture data; no staging or production mutation,1,polish;allow;deny;role-handoff integrity,Open athlete detail then linked parent detail; run linked-parent Fastify fixture,The detail is clean readable and accessible; a linked parent reads their child while an unrelated parent receives no record,Athlete shows a complete summary single status labelled marker and You attribution; parent shows Alfie Barton; fixture returns 200 linked and 403 unrelated,/v1/injuries/:injuryId,Fastify seed fixture: linked parent 200; unrelated parent 403; audit outcomes asserted,,GuardianChildLink; AthleteInjury; AuditEvent,fixture writes isolated and reset with process exit,staging RLS posture recorded in ENV-005,athlete_injury.read SUCCESS and DENY asserted,ENV-004,Sentry issue read blocked by 403 token scope; no synthetic event,athlete;linked parent;unrelated parent,Athlete and linked parent native views ready; Fastify blocks unrelated parent,passed,passed,Clipped expected label duplicate status raw creator ID and misleading summary truncation removed,no generated copy,Injury Detail; Recovery progress; You,Actual iOS screenshots prove settled athlete and parent output,Recovery progress remains athlete and linked-family football health data,Existing dark health hierarchy retained; no new surface or dependency,Expected marker has a label; raw IDs are never exposed; semantic traversal remains ENV-006,fixed,high,reviews/ios-native-audit/runtime/2026-08-03/injury-detail-polish-and-parent-access/verification.md,Detail layout exposed clipped duplicated truncated and opaque information; mock login dropped linked-child authority,fix(health): polish injury detail,typecheck; focused tests; Fastify fixture; native iOS screenshots,No staging or production write occurred; Supabase and Sentry MCP remain external blockers
QA-089,MOCK-OFFLINE-BANNER-NOISE,Idle mock offline banner does not displace product content,athlete,/development/my-progress,My Progress,idle mock local state,iPhone 16 Pro Max,local development mock audit,athlete audit handoff then My Progress,no queued write; local mock runtime; no staging or production mutation,1,idle state; pending sync retained,Open athlete My Progress with no queued change,Idle local demo state must not occupy product chrome; live offline and pending sync remain visible,The yellow global banner is absent from the settled athlete screen while normal progress content keeps its hierarchy,no API endpoint,local mock display state only,,no database action,no data mutation,not applicable,no audit event,ENV-004,Sentry not involved; no synthetic event,athlete,Native athlete screen begins with product content; static contract preserves pending and API offline messaging,passed,passed,Idle global warning removed; pending sync and error controls retained,no generated copy,My Progress; Practice Log; No progress yet,Actual iOS before and after screenshots prove the content is no longer displaced,Football progress dashboard keeps its existing athlete focus,Existing dark hierarchy retained; one less global visual interruption,Inactive banner is absent from the accessibility tree; existing active alerts stay polite,fixed,medium,reviews/ios-native-audit/runtime/2026-08-03/mock-offline-banner-noise/verification.md,Mock mode displayed an irrelevant offline warning on every native screen without queued work,fix(ui): hide idle mock offline banner,focused connection test; compile; eslint; native iOS screenshots,Local mock correction only; Fastify Supabase and Sentry are not exercised
QA-090,HEALTH-RECOVERY-TIMELINE-EMPTY,Recovery timeline empty state builds and uses concise copy,athlete; parent; coach,/health/[id],Injury detail,injury with no recovery notes,iPhone 16 Pro Max,local development mock audit,direct route source and guarded native deep link,authenticated athlete; no writable test data created,1,empty recovery timeline,View an injury with no recovery notes,The empty state renders without a build error and uses clear copy,The missing export is restored; an unrelated native injury record remains default-deny,no API endpoint,local component display only,,no database action,no data mutation,not applicable,no audit event,ENV-004,Sentry not involved; no synthetic event,athlete; parent; coach,Shared component compiles without widening record access,passed,passed,No extra controls added,Removed a generic unnecessary explanation,No recovery notes,Focused contract test and project typecheck pass; native deep link keeps unrelated data unavailable,Health safety data remains protected,Existing hierarchy retained with a single readable empty state,Readable text only; no redundant icon or control,fixed,blocker,reviews/ios-native-audit/runtime/2026-08-03/recovery-timeline-empty-state-compile/verification.md,QA-088 removed a referenced export and blocked project typecheck,fix(health): restore timeline empty state,typecheck; test compile; focused contract; eslint; native guarded deep link,No mock data was changed just to manufacture an empty state; no Fastify Supabase audit or Sentry interaction
QA-091,BOOK-COACH-DISCOVERY-SIMPLIFICATION,Coach search results favour actual selection over a marketing panel,athlete,/book-coach,Find a coach,settled search results,iPhone 16 Pro Max,local development mock audit,direct native deep link after athlete audit sign-in,settled athlete mock search data; no booking submitted,1,results list,Open coach search,Location search filters real coach cards and Book Now remain visible without a sales panel,Native result screen shows concise search hierarchy and six bookable coach results,no API endpoint,local mock display only,,no database action,no data mutation,not applicable,no audit event,ENV-004,Sentry not involved; no synthetic event,athlete,No cross-role action occurs; booking entry remains athlete-visible,passed,passed,Promotional panel and three decorative metrics removed,Map-first sales language removed,Find a coach; Search coach focus city,Actual iOS before and after screenshots prove search controls and bookable results remain visible,Football coach focus tags availability and booking stay central,Existing dark hierarchy retained with less decorative chrome,Existing location map and search accessibility labels remain intact,fixed,medium,reviews/ios-native-audit/runtime/2026-08-03/book-coach-discovery-simplification/verification.md,Discovery used generic marketing copy and duplicate aggregates before showing coaches,fix(discovery): simplify coach search,typecheck; test compile; focused contracts; eslint; native iOS screenshots,No booking write or Fastify Supabase audit Sentry interaction; ENV-006 blocks semantic traversal
QA-092,COACH-DISCOVERY-CARD-SIGNAL,Coach result cards keep only signals needed to choose and book,athlete,/book-coach,Find a coach,settled result cards,iPhone 16 Pro Max,local development mock audit,direct native deep link after athlete audit sign-in,settled athlete mock results; no booking submitted,1,coach result list,Scan bookable coaches,Verified name rating distance price focus availability and Book Now are readable at a glance,Native cards are more compact and Next Tomorrow replaces arbitrary minute-level time,no API endpoint,local mock display only,,no database action,no data mutation,not applicable,no audit event,ENV-004,Sentry not involved; no synthetic event,athlete,No cross-role action occurs; coach profiles and booking entry remain available,passed,passed,Speech-bubble bio panel removed from cards,Decorative testimonial treatment removed,Next: Tomorrow; Book Now,Native after screenshot shows three coaches partly visible with booking decisions intact,Football focus and bookable availability are the decision signals,Existing dark card language retained with tighter density,Existing labelled profile save and booking controls remain; no new unlabeled control,fixed,medium,reviews/ios-native-audit/runtime/2026-08-03/coach-discovery-card-signal/verification.md,Search cards spent too much space on testimonial styling and surfaced arbitrary mock clock times,fix(discovery): tighten coach cards,typecheck; test compile; focused contracts; eslint; native iOS screenshots,No booking write or Fastify Supabase audit Sentry interaction; ENV-006 blocks semantic traversal
QA-093,MAP-LOCATION-AUTHORITY,Map respects selected search area until location is explicitly requested,athlete,/discover/map,Coach map,first map entry,iPhone 16 Pro Max,local development mock audit,direct native map deep link,authenticated athlete; no location permission accepted; no write,1,map launch,Open map after a selected coach search,Map stays on search coordinates and asks for location only from the labelled recenter control,Pre-fix native screen showed an immediate platform location prompt over the selected coach map,no API endpoint,local mock display only,,no database action,no data mutation,not applicable,no audit event,ENV-004,Sentry not involved; no synthetic event,athlete,No cross-role data action; selected filter remains client-owned search intent,passed,passed,Auto-prompt removed; recenter utility retained,Removed premium marketplace wording and passive GPS request,Use my location; Search this area,Native before screenshot proves the former auto-prompt; post-fix native evidence pending local simulator boot recovery,Football coach locations remain tied to the searched area,Existing map and sheet hierarchy retained; selected location is now authoritative,Icon-only location action has a dynamic accessible label and prompt is user initiated,retest pending,high,reviews/ios-native-audit/runtime/2026-08-03/map-location-authority/verification.md,Map launch requested GPS and could move away from the current search area,fix(discovery): keep map search area authoritative,typecheck; test compile; focused contract; eslint; native after pending simulator recovery,No Fastify Supabase audit Sentry interaction; ENV-006 and local simulator SpringBoard boot block native after evidence
QA-094,BOOKINGS-FIND-COACH-ACTION,Bookings discovery uses one direct coach-search action,athlete; parent,/(tabs)/bookings,Bookings discover feed,populated or empty feed,iPhone 16 Pro Max,local development mock audit,Bookings tab coach-search entry,existing discover feed; no booking submitted,1,coach search entry,Find a coach,One labelled action leads to the existing coach discovery route,Map-first copy and nested action are replaced by a single Find a coach control,no API endpoint,local presentation and route callback only,,no database action,no data mutation,not applicable,no audit event,ENV-004,Sentry not involved; no synthetic event,athlete; parent,Existing handler still governs eligibility and navigation,passed,passed,Extra sales copy and nested map action removed,Map-first marketplace wording removed,Find a coach; Search nearby coaches and book a session,Focused contract proves existing coach-search handler remains wired; native retest pending simulator recovery,Football booking remains the single product purpose,Existing bookings styling retained with one clear navigation target,Full action card has an explicit accessibility label,retest pending,medium,reviews/ios-native-audit/runtime/2026-08-03/bookings-find-coach-action/verification.md,Bookings discovery spent space explaining map-first search instead of offering the user outcome,fix(bookings): simplify coach search entry,typecheck; test compile; focused contract; eslint; native after pending simulator recovery,No Fastify Supabase audit Sentry interaction; native simulator remains in SpringBoard recovery
ENV-007,NATIVE-SIMULATOR-SPRINGBOARD,Local iOS simulator SpringBoard recovery,system,,SpringBoard,boot spinner,iPhone 16 Pro Max,local development audit,simulator recovery after unresolved platform prompt,No app data permission or account data changed,1,local simulator recovery,Restart local simulator UI,Simulator reaches the home screen for native retests,SpringBoard remains on the iOS boot spinner after reboot and foreground service restart,no API endpoint,not applicable,,no database action,no data mutation,not applicable,no audit event,not applicable,Sentry not involved,system,All native post-fix retests remain pending on this local device,not applicable,not applicable,not applicable,not applicable,not applicable,Simulator screenshot shows the boot spinner instead of the iOS home screen,not applicable,not applicable,not applicable,blocked,high,reviews/ios-native-audit/runtime/2026-08-03/native-simulator-springboard-recovery/verification.md,Local simulator did not recover after a non-destructive reboot and SpringBoard restart,docs(audit): record native simulator blocker,simctl bootstatus; simulator screenshots; foreground SpringBoard restart,No production staging application account permission or external-service state changed
QA-095,COACH-DISCOVERY-PRICE-UNIT,Coach price unit stays consistent across search and map,athlete,/book-coach and /discover/map,Coach discovery results,settled results,iPhone 16 Pro Max,local development mock audit,Coach search then map comparison,settled mock coach results; no booking submitted,1,price label,Compare one coach across list and map,The visible unit is session pricing in every discovery view,Search list previously showed per hour while map and data contract showed per session,no API endpoint,local presentation only,,no database action,no data mutation,not applicable,no audit event,ENV-004,Sentry not involved; no synthetic event,athlete,No cross-role effect; price presentation is shared discovery data,passed,passed,Unit mismatch removed,None,£45/session,Focused contract verifies session wording and rejects hour wording; native after pending ENV-007,Football session price remains legible before booking,Existing list and map visual language now agree,Visible text is direct and no control changed,retest pending,medium,reviews/ios-native-audit/runtime/2026-08-03/coach-discovery-price-unit/verification.md,Same coach used different price units in list and map,fix(discovery): align coach price units,typecheck; test compile; focused contract; eslint; native after pending ENV-007,No Fastify Supabase audit Sentry interaction; local simulator remains unavailable
ENV-008,NATIVE-EXPO-GO-RECOVERY,Clean simulator Expo Go loading recovery,system,,Expo Go,settled load,iPhone 16 Pro,local development audit,Open local Expo Go manifest,Fresh simulator booted; Clubroom development build was not installed; no permissions accepted,1,local runtime recovery,Open local Expo Go project,Expo Go requests the local bundle and renders the app,Expo Go remained on the native spinner and Metro received no bundle request,no API endpoint,not applicable,,no database action,no data mutation,not applicable,no audit event,not applicable,Sentry not involved,system,No role or cross-role data action,not applicable,not applicable,not applicable,not applicable,not applicable,Settled Expo Go screenshot remains on the native spinner,not applicable,not applicable,not applicable,blocked,high,reviews/ios-native-audit/runtime/2026-08-03/native-expo-go-recovery/verification.md,Clean device cannot provide native post-fix evidence,docs(audit): record Expo Go recovery blocker,Fresh simulator boot; local Metro status; Expo Go server; screenshot,No production staging application account permission database or external-service state changed
QA-096,RECURRING-BOOKING-PRICE-UNIT,Recurring booking uses Clubroom currency and direct action copy,athlete; parent,/bookings/subscribe,Recurring booking,loaded coach list and summary,iPhone 16 Pro,local development mock audit,Choose a coach then review recurring cost,local mock coach data; no booking submitted,1,price and primary action,Review coach price and monthly estimate,All recurring prices are in pounds and action language names the outcome,US dollar labels and generic subscription language removed,no API endpoint,local presentation only,,no database action,no data mutation,not applicable,no audit event,ENV-004,Sentry not involved; no synthetic event,athlete; parent,No cross-role data mutation,passed,passed,No duplicate or sales UI added,Generic subscription wording removed,Choose a coach; Start recurring booking,Focused static contract passed; native retest blocked by ENV-008,Recurring football coaching remains the stated purpose,Existing recurring visual system retained,All actions retain visible labels,retest pending,medium,reviews/ios-native-audit/runtime/2026-08-03/recurring-booking-price-unit/verification.md,Recurring booking used dollars while adjacent Clubroom flows use pounds,fix(bookings): align recurring booking price unit,test compile; focused source contract; targeted eslint; typecheck before final copy-only edit,No Fastify Supabase audit Sentry interaction; native after pending ENV-008
QA-097,BOOKING-CANCEL-ROLE-BOUNDARY,Cancellation UI derives role from the authenticated account and loaded booking,athlete; parent; coach,/booking/[id]/cancel,Cancel booking,loaded future confirmed booking,iPhone 16 Pro,local development audit,Booking detail cancellation action,seeded booking tests; no live booking submitted,1,role-specific controls and cancellation submission,Review reason choices and cancel,Coach presentation requires a matching signed-in coach and booking owner; no dead waitlist promise,URL mode could alter presentation and a waitlist toggle only logged debug output,POST /v1/bookings/:bookingId/cancel,Seed API validates scoped booking actor and writes durable counterparty notification,,bookings; bookingStatusEvents; notifications; invoices,Seeded route suites passed; no external data used,API authz; no direct Supabase access,booking status event and durable counterparty notification,ENV-004,Sentry not involved; no synthetic event,athlete; parent; coach,Unrelated actors are denied and UI role intent matches the active account,passed,passed,Fake waitlist control removed,URL-driven authority and athlete-as-parent fallback removed,Cancel booking; Confirm cancellation; Cancel session,Focused app contracts passed; native retest blocked by ENV-008,Football session cancellation remains clear about off-app payment adjustment,Existing cancellation visual system retained,Visible controls are actionable and role-relevant,retest pending,high,reviews/ios-native-audit/runtime/2026-08-03/booking-cancel-role-boundary/verification.md,Unauthenticated URL mode could misstate role and a control overstated notification behavior,fix(bookings): derive cancellation UI authority,test compile; focused contracts; targeted eslint; seeded API suites 51 and 46 passed; native after pending ENV-008,No production staging account payment refund database or external notification state changed
QA-098,EMERGENCY-ACCESS-AUTH-ERROR,Emergency access keeps authorization denials terminal,coach; non-coach denied,/roster/[athleteId]/emergency,Emergency info,verified roster coach and denied actor,iPhone 16 Pro,local development audit,Coach roster emergency action,local seeded API test data; no live athlete read,1,load emergency information,Open an eligible or denied athlete emergency route,Verified assigned coach receives audited emergency data and denied actor gets no retry or cache fallback,Authorization denial was converted to unknown and surfaced a retry control,GET /v1/athletes/:athleteId/medical; GET /v1/athletes/:athleteId/emergency-contacts,Seed API test proved 403 denied and 200 verified reads,,athlete medical; child emergency contacts; audit events; security events,Seed API test confirmed audit records and no external data use,API authz; no direct Supabase access,medical.read and emergency_contacts.read sensitive read events,ENV-004,Sentry not involved; no synthetic event,coach; non-coach denied,Verified roster relationship protects medical and emergency contact data,passed,passed,Dead retry control removed,Authorization error code is preserved,Emergency information unavailable; Refresh emergency information,Focused app contract passed; native retest blocked by ENV-008,Emergency access is tied to an assigned football roster athlete,Existing emergency visual hierarchy retained,Denied state has no retry and call actions remain labelled,retest pending,high,reviews/ios-native-audit/runtime/2026-08-03/emergency-access-auth-error/verification.md,Access denial was presented as a recoverable unknown error,fix(safety): preserve emergency access denials,focused app contract; targeted eslint; seeded API authority test; native after pending ENV-008,No production staging athlete family medical emergency audit or permission state changed
QA-099,ROSTER-CONSENTS-DIRECT-COPY,Roster consents use direct football language with audited coach scope,coach; outsider denied,/roster/consents,Consents,loaded roster and denied access,iPhone 16 Pro,local development audit,Coach roster consent entry,local seeded and fixture API data; no consent mutation,1,review and filter consent status,Open consents and filter by type or status,Assigned coach sees only roster projections and direct player-focused copy; outsider denied,Generic dashboard language obscured the narrow roster consent task,GET /v1/coaches/:coachId/roster/consents,Seed and db fixture projection tests passed; outsider denied,,athletes; consent records; audit events,Allowed and denied roster consent reads are audited in the local API test,API authz; no direct Supabase access,coach_roster_consents.read,ENV-004,Sentry not involved; no synthetic event,coach; outsider denied,Coach-only scope and terminal denial survive UI filtering,passed,passed,No unnecessary dashboard framing,Generic dashboard and athlete labels removed,Consents; Review player consents before posting; Search players,Focused app contracts passed; native retest blocked by ENV-008,Consent decision remains specific to the football roster,Existing roster visual hierarchy retained,Back search and filter controls retain accessibility labels,retest pending,medium,reviews/ios-native-audit/runtime/2026-08-03/roster-consents-direct-copy/verification.md,UI copy was generic and less specific than Clubroom football roster context,fix(roster): tighten consents copy,focused contracts; targeted eslint; seeded API test; native after pending ENV-008,No production staging player family consent audit or permission state changed
ENV-009,NATIVE-SIMULATOR-INSTALL-XPC,Local development build cannot install through CoreSimulator XPC,system,,Clubroom development build,install handoff,iPhone 16 Pro,local development audit,Full local native build then simulator install,No Clubroom app installed; no permission accepted; no external state changed,1,local runtime recovery,Install exact built ClubroomDev app,Simulator installs Clubroom so native retests can run,Build completed with zero errors but Expo and direct simctl install both hung before app installation,no API endpoint,not applicable,,no database action,no data mutation,not applicable,no audit event,not applicable,Sentry not involved,system,All native post-fix retests remain pending without an installed app,not applicable,not applicable,not applicable,not applicable,not applicable,Development client spinner persisted and CoreSimulator install queries hung,not applicable,not applicable,not applicable,blocked,high,reviews/ios-native-audit/runtime/2026-08-03/native-simulator-install-xpc-hang/verification.md,CoreSimulator XPC install channel hung after a successful native build,docs(audit): record simulator install XPC blocker,full native build zero errors; direct local install attempt; simulator screenshot,No production staging application account permission database audit payment or external-service state changed
QA-100,ROSTER-ATHLETE-SINGLE-EMERGENCY-READ,Athlete detail reuses one authorised emergency snapshot,coach; non-coach denied,/roster/[athleteId],Athlete profile,verified roster athlete and denied actor,iPhone 16 Pro,local development audit,Coach roster athlete detail,local seed API tests; no live athlete read,1,authorised detail load,Open a roster athlete profile,One verified emergency snapshot reaches the overview and the child profile is redacted,The verified quick view remains and the child profile supplies only non-sensitive SEN fields,GET /v1/coaches/:coachId/roster/:athleteId; GET /v1/athletes/:athleteId; health reads,Seed Fastify suites passed; bearer runtime ignores debug trust headers,,coach roster; athlete medical; emergency contacts; consents; audit events,Seed fixtures only; no external data used,API authz; no direct Supabase access,medical.read; emergency_contacts.read; consent read events,ENV-004,Sentry not involved; no synthetic event,coach; non-coach denied,Verified roster coach retains one authoritative snapshot and denied access stays terminal,passed,passed,Duplicate trust hydration removed,No generic copy added,Existing direct athlete and emergency copy retained,Focused app tests passed; native retest blocked by ENV-009,Roster assignment and verified-coach safety policy remain decisive,Existing athlete hierarchy retained,Existing labelled controls remain unchanged,fixed,high,reviews/ios-native-audit/runtime/2026-08-03/roster-athlete-single-emergency-read/verification.md,The detail flow fetched the same sensitive records twice,fix(roster): dedupe athlete emergency reads,typecheck; targeted eslint; compiled app checks 21/21; seed API checks 42/42 plus emergency authority; native pending ENV-009,No production or staging application account database audit payment or external-service state changed
